ISO-10303-21;
HEADER;
FILE_DESCRIPTION(('FreeCAD Model'),'2;1');
FILE_NAME('/var/www/3D/0T/13191914.1.1.stp','2020-10-20T13:18:37',(
    'Author'),(''),'Open CASCADE STEP processor 6.9','FreeCAD','Unknown'
  );
FILE_SCHEMA(('AUTOMOTIVE_DESIGN { 1 0 10303 214 1 1 1 1 }'));
ENDSEC;
DATA;
#1 = APPLICATION_PROTOCOL_DEFINITION('international standard',
  'automotive_design',2000,#2);
#2 = APPLICATION_CONTEXT(
  'core data for automotive mechanical design processes');
#3 = SHAPE_DEFINITION_REPRESENTATION(#4,#10);
#4 = PRODUCT_DEFINITION_SHAPE('','',#5);
#5 = PRODUCT_DEFINITION('design','',#6,#9);
#6 = PRODUCT_DEFINITION_FORMATION('','',#7);
#7 = PRODUCT('ASSEMBLY','ASSEMBLY','',(#8));
#8 = PRODUCT_CONTEXT('',#2,'mechanical');
#9 = PRODUCT_DEFINITION_CONTEXT('part definition',#2,'design');
#10 = SHAPE_REPRESENTATION('',(#11,#15,#19),#23);
#11 = AXIS2_PLACEMENT_3D('',#12,#13,#14);
#12 = CARTESIAN_POINT('',(0.,0.,0.));
#13 = DIRECTION('',(0.,0.,1.));
#14 = DIRECTION('',(1.,0.,-0.));
#15 = AXIS2_PLACEMENT_3D('',#16,#17,#18);
#16 = CARTESIAN_POINT('',(0.,0.,0.));
#17 = DIRECTION('',(0.,0.,1.));
#18 = DIRECTION('',(1.,0.,0.));
#19 = AXIS2_PLACEMENT_3D('',#20,#21,#22);
#20 = CARTESIAN_POINT('',(0.,0.,0.));
#21 = DIRECTION('',(0.,0.,1.));
#22 = DIRECTION('',(1.,0.,0.));
#23 = ( GEOMETRIC_REPRESENTATION_CONTEXT(3) 
GLOBAL_UNCERTAINTY_ASSIGNED_CONTEXT((#27)) GLOBAL_UNIT_ASSIGNED_CONTEXT(
(#24,#25,#26)) REPRESENTATION_CONTEXT('Context #1',
  '3D Context with UNIT and UNCERTAINTY') );
#24 = ( LENGTH_UNIT() NAMED_UNIT(*) SI_UNIT(.MILLI.,.METRE.) );
#25 = ( NAMED_UNIT(*) PLANE_ANGLE_UNIT() SI_UNIT($,.RADIAN.) );
#26 = ( NAMED_UNIT(*) SI_UNIT($,.STERADIAN.) SOLID_ANGLE_UNIT() );
#27 = UNCERTAINTY_MEASURE_WITH_UNIT(LENGTH_MEASURE(1.E-07),#24,
  'distance_accuracy_value','confusion accuracy');
#28 = PRODUCT_RELATED_PRODUCT_CATEGORY('part',$,(#7));
#29 = ADVANCED_BREP_SHAPE_REPRESENTATION('',(#11,#30),#7744);
#30 = MANIFOLD_SOLID_BREP('',#31);
#31 = CLOSED_SHELL('',(#32,#152,#307,#1979,#2028,#2055,#2062,#2111,#2138
    ,#2144,#2197,#2250,#2303,#2356,#2409,#2462,#2515,#2568,#2621,#2674,
    #2727,#2780,#2833,#2886,#2939,#2992,#3045,#3098,#3151,#3204,#3257,
    #3310,#3363,#3416,#3469,#3522,#3575,#3628,#3681,#3734,#3787,#3840,
    #3893,#3946,#3999,#4052,#4105,#4158,#4211,#4264,#4317,#4370,#4423,
    #4476,#4529,#4582,#4635,#4688,#4741,#4794,#4849,#4904,#4959,#5014,
    #5069,#5124,#5179,#5234,#5289,#5344,#5399,#5454,#5509,#5564,#5619,
    #5674,#5729,#5784,#5839,#5894,#5949,#6004,#6059,#6114,#6169,#6224,
    #6279,#6334,#6389,#6444,#6499,#6554,#6609,#6664,#6719,#6774,#6829,
    #6884,#6939,#6994,#7049,#7104,#7159,#7214,#7269,#7324,#7379,#7434,
    #7489,#7544,#7548,#7552,#7556,#7560,#7564,#7568,#7572,#7576,#7580,
    #7584,#7588,#7592,#7596,#7600,#7604,#7608,#7612,#7616,#7620,#7624,
    #7628,#7632,#7636,#7640,#7644,#7648,#7652,#7656,#7660,#7664,#7668,
    #7672,#7676,#7680,#7684,#7688,#7692,#7696,#7700,#7704,#7708,#7712,
    #7716,#7720,#7724,#7728,#7732,#7736,#7740));
#32 = ADVANCED_FACE('',(#33),#47,.F.);
#33 = FACE_BOUND('',#34,.F.);
#34 = EDGE_LOOP('',(#35,#70,#98,#126));
#35 = ORIENTED_EDGE('',*,*,#36,.F.);
#36 = EDGE_CURVE('',#37,#39,#41,.T.);
#37 = VERTEX_POINT('',#38);
#38 = CARTESIAN_POINT('',(-64.5299995,-1.78,0.));
#39 = VERTEX_POINT('',#40);
#40 = CARTESIAN_POINT('',(-64.5299995,-1.78,7.2));
#41 = SURFACE_CURVE('',#42,(#46,#58),.PCURVE_S1.);
#42 = LINE('',#43,#44);
#43 = CARTESIAN_POINT('',(-64.5299995,-1.78,0.));
#44 = VECTOR('',#45,1.);
#45 = DIRECTION('',(0.,0.,1.));
#46 = PCURVE('',#47,#52);
#47 = PLANE('',#48);
#48 = AXIS2_PLACEMENT_3D('',#49,#50,#51);
#49 = CARTESIAN_POINT('',(-64.5299995,-1.78,0.));
#50 = DIRECTION('',(1.,0.,0.));
#51 = DIRECTION('',(0.,0.,1.));
#52 = DEFINITIONAL_REPRESENTATION('',(#53),#57);
#53 = LINE('',#54,#55);
#54 = CARTESIAN_POINT('',(0.,0.));
#55 = VECTOR('',#56,1.);
#56 = DIRECTION('',(1.,0.));
#57 = ( GEOMETRIC_REPRESENTATION_CONTEXT(2) 
PARAMETRIC_REPRESENTATION_CONTEXT() REPRESENTATION_CONTEXT('2D SPACE',''
  ) );
#58 = PCURVE('',#59,#64);
#59 = PLANE('',#60);
#60 = AXIS2_PLACEMENT_3D('',#61,#62,#63);
#61 = CARTESIAN_POINT('',(-64.5299995,-1.78,0.));
#62 = DIRECTION('',(0.,1.,0.));
#63 = DIRECTION('',(0.,0.,1.));
#64 = DEFINITIONAL_REPRESENTATION('',(#65),#69);
#65 = LINE('',#66,#67);
#66 = CARTESIAN_POINT('',(0.,0.));
#67 = VECTOR('',#68,1.);
#68 = DIRECTION('',(1.,0.));
#69 = ( GEOMETRIC_REPRESENTATION_CONTEXT(2) 
PARAMETRIC_REPRESENTATION_CONTEXT() REPRESENTATION_CONTEXT('2D SPACE',''
  ) );
#70 = ORIENTED_EDGE('',*,*,#71,.T.);
#71 = EDGE_CURVE('',#37,#72,#74,.T.);
#72 = VERTEX_POINT('',#73);
#73 = CARTESIAN_POINT('',(-64.5299995,4.32,0.));
#74 = SURFACE_CURVE('',#75,(#79,#86),.PCURVE_S1.);
#75 = LINE('',#76,#77);
#76 = CARTESIAN_POINT('',(-64.5299995,-1.78,0.));
#77 = VECTOR('',#78,1.);
#78 = DIRECTION('',(0.,1.,0.));
#79 = PCURVE('',#47,#80);
#80 = DEFINITIONAL_REPRESENTATION('',(#81),#85);
#81 = LINE('',#82,#83);
#82 = CARTESIAN_POINT('',(0.,0.));
#83 = VECTOR('',#84,1.);
#84 = DIRECTION('',(0.,-1.));
#85 = ( GEOMETRIC_REPRESENTATION_CONTEXT(2) 
PARAMETRIC_REPRESENTATION_CONTEXT() REPRESENTATION_CONTEXT('2D SPACE',''
  ) );
#86 = PCURVE('',#87,#92);
#87 = PLANE('',#88);
#88 = AXIS2_PLACEMENT_3D('',#89,#90,#91);
#89 = CARTESIAN_POINT('',(-64.5299995,-1.78,0.));
#90 = DIRECTION('',(0.,0.,1.));
#91 = DIRECTION('',(1.,0.,0.));
#92 = DEFINITIONAL_REPRESENTATION('',(#93),#97);
#93 = LINE('',#94,#95);
#94 = CARTESIAN_POINT('',(0.,0.));
#95 = VECTOR('',#96,1.);
#96 = DIRECTION('',(0.,1.));
#97 = ( GEOMETRIC_REPRESENTATION_CONTEXT(2) 
PARAMETRIC_REPRESENTATION_CONTEXT() REPRESENTATION_CONTEXT('2D SPACE',''
  ) );
#98 = ORIENTED_EDGE('',*,*,#99,.T.);
#99 = EDGE_CURVE('',#72,#100,#102,.T.);
#100 = VERTEX_POINT('',#101);
#101 = CARTESIAN_POINT('',(-64.5299995,4.32,7.2));
#102 = SURFACE_CURVE('',#103,(#107,#114),.PCURVE_S1.);
#103 = LINE('',#104,#105);
#104 = CARTESIAN_POINT('',(-64.5299995,4.32,0.));
#105 = VECTOR('',#106,1.);
#106 = DIRECTION('',(0.,0.,1.));
#107 = PCURVE('',#47,#108);
#108 = DEFINITIONAL_REPRESENTATION('',(#109),#113);
#109 = LINE('',#110,#111);
#110 = CARTESIAN_POINT('',(0.,-6.1));
#111 = VECTOR('',#112,1.);
#112 = DIRECTION('',(1.,0.));
#113 = ( GEOMETRIC_REPRESENTATION_CONTEXT(2) 
PARAMETRIC_REPRESENTATION_CONTEXT() REPRESENTATION_CONTEXT('2D SPACE',''
  ) );
#114 = PCURVE('',#115,#120);
#115 = PLANE('',#116);
#116 = AXIS2_PLACEMENT_3D('',#117,#118,#119);
#117 = CARTESIAN_POINT('',(-64.5299995,4.32,0.));
#118 = DIRECTION('',(0.,1.,0.));
#119 = DIRECTION('',(0.,0.,1.));
#120 = DEFINITIONAL_REPRESENTATION('',(#121),#125);
#121 = LINE('',#122,#123);
#122 = CARTESIAN_POINT('',(0.,0.));
#123 = VECTOR('',#124,1.);
#124 = DIRECTION('',(1.,0.));
#125 = ( GEOMETRIC_REPRESENTATION_CONTEXT(2) 
PARAMETRIC_REPRESENTATION_CONTEXT() REPRESENTATION_CONTEXT('2D SPACE',''
  ) );
#126 = ORIENTED_EDGE('',*,*,#127,.F.);
#127 = EDGE_CURVE('',#39,#100,#128,.T.);
#128 = SURFACE_CURVE('',#129,(#133,#140),.PCURVE_S1.);
#129 = LINE('',#130,#131);
#130 = CARTESIAN_POINT('',(-64.5299995,-1.78,7.2));
#131 = VECTOR('',#132,1.);
#132 = DIRECTION('',(0.,1.,0.));
#133 = PCURVE('',#47,#134);
#134 = DEFINITIONAL_REPRESENTATION('',(#135),#139);
#135 = LINE('',#136,#137);
#136 = CARTESIAN_POINT('',(7.2,0.));
#137 = VECTOR('',#138,1.);
#138 = DIRECTION('',(0.,-1.));
#139 = ( GEOMETRIC_REPRESENTATION_CONTEXT(2) 
PARAMETRIC_REPRESENTATION_CONTEXT() REPRESENTATION_CONTEXT('2D SPACE',''
  ) );
#140 = PCURVE('',#141,#146);
#141 = PLANE('',#142);
#142 = AXIS2_PLACEMENT_3D('',#143,#144,#145);
#143 = CARTESIAN_POINT('',(-64.5299995,-1.78,7.2));
#144 = DIRECTION('',(0.,0.,1.));
#145 = DIRECTION('',(1.,0.,0.));
#146 = DEFINITIONAL_REPRESENTATION('',(#147),#151);
#147 = LINE('',#148,#149);
#148 = CARTESIAN_POINT('',(0.,0.));
#149 = VECTOR('',#150,1.);
#150 = DIRECTION('',(0.,1.));
#151 = ( GEOMETRIC_REPRESENTATION_CONTEXT(2) 
PARAMETRIC_REPRESENTATION_CONTEXT() REPRESENTATION_CONTEXT('2D SPACE',''
  ) );
#152 = ADVANCED_FACE('',(#153),#59,.F.);
#153 = FACE_BOUND('',#154,.F.);
#154 = EDGE_LOOP('',(#155,#185,#206,#207,#230,#258,#286));
#155 = ORIENTED_EDGE('',*,*,#156,.F.);
#156 = EDGE_CURVE('',#157,#159,#161,.T.);
#157 = VERTEX_POINT('',#158);
#158 = CARTESIAN_POINT('',(3.5699995,-1.78,0.));
#159 = VERTEX_POINT('',#160);
#160 = CARTESIAN_POINT('',(3.5699995,-1.78,7.2));
#161 = SURFACE_CURVE('',#162,(#166,#173),.PCURVE_S1.);
#162 = LINE('',#163,#164);
#163 = CARTESIAN_POINT('',(3.5699995,-1.78,0.));
#164 = VECTOR('',#165,1.);
#165 = DIRECTION('',(0.,0.,1.));
#166 = PCURVE('',#59,#167);
#167 = DEFINITIONAL_REPRESENTATION('',(#168),#172);
#168 = LINE('',#169,#170);
#169 = CARTESIAN_POINT('',(0.,68.099999));
#170 = VECTOR('',#171,1.);
#171 = DIRECTION('',(1.,0.));
#172 = ( GEOMETRIC_REPRESENTATION_CONTEXT(2) 
PARAMETRIC_REPRESENTATION_CONTEXT() REPRESENTATION_CONTEXT('2D SPACE',''
  ) );
#173 = PCURVE('',#174,#179);
#174 = PLANE('',#175);
#175 = AXIS2_PLACEMENT_3D('',#176,#177,#178);
#176 = CARTESIAN_POINT('',(3.5699995,-1.78,0.));
#177 = DIRECTION('',(1.,0.,0.));
#178 = DIRECTION('',(0.,0.,1.));
#179 = DEFINITIONAL_REPRESENTATION('',(#180),#184);
#180 = LINE('',#181,#182);
#181 = CARTESIAN_POINT('',(0.,0.));
#182 = VECTOR('',#183,1.);
#183 = DIRECTION('',(1.,0.));
#184 = ( GEOMETRIC_REPRESENTATION_CONTEXT(2) 
PARAMETRIC_REPRESENTATION_CONTEXT() REPRESENTATION_CONTEXT('2D SPACE',''
  ) );
#185 = ORIENTED_EDGE('',*,*,#186,.F.);
#186 = EDGE_CURVE('',#37,#157,#187,.T.);
#187 = SURFACE_CURVE('',#188,(#192,#199),.PCURVE_S1.);
#188 = LINE('',#189,#190);
#189 = CARTESIAN_POINT('',(-64.5299995,-1.78,0.));
#190 = VECTOR('',#191,1.);
#191 = DIRECTION('',(1.,0.,0.));
#192 = PCURVE('',#59,#193);
#193 = DEFINITIONAL_REPRESENTATION('',(#194),#198);
#194 = LINE('',#195,#196);
#195 = CARTESIAN_POINT('',(0.,0.));
#196 = VECTOR('',#197,1.);
#197 = DIRECTION('',(0.,1.));
#198 = ( GEOMETRIC_REPRESENTATION_CONTEXT(2) 
PARAMETRIC_REPRESENTATION_CONTEXT() REPRESENTATION_CONTEXT('2D SPACE',''
  ) );
#199 = PCURVE('',#87,#200);
#200 = DEFINITIONAL_REPRESENTATION('',(#201),#205);
#201 = LINE('',#202,#203);
#202 = CARTESIAN_POINT('',(0.,0.));
#203 = VECTOR('',#204,1.);
#204 = DIRECTION('',(1.,0.));
#205 = ( GEOMETRIC_REPRESENTATION_CONTEXT(2) 
PARAMETRIC_REPRESENTATION_CONTEXT() REPRESENTATION_CONTEXT('2D SPACE',''
  ) );
#206 = ORIENTED_EDGE('',*,*,#36,.T.);
#207 = ORIENTED_EDGE('',*,*,#208,.T.);
#208 = EDGE_CURVE('',#39,#209,#211,.T.);
#209 = VERTEX_POINT('',#210);
#210 = CARTESIAN_POINT('',(-1.27,-1.78,7.2));
#211 = SURFACE_CURVE('',#212,(#216,#223),.PCURVE_S1.);
#212 = LINE('',#213,#214);
#213 = CARTESIAN_POINT('',(-64.5299995,-1.78,7.2));
#214 = VECTOR('',#215,1.);
#215 = DIRECTION('',(1.,0.,0.));
#216 = PCURVE('',#59,#217);
#217 = DEFINITIONAL_REPRESENTATION('',(#218),#222);
#218 = LINE('',#219,#220);
#219 = CARTESIAN_POINT('',(7.2,0.));
#220 = VECTOR('',#221,1.);
#221 = DIRECTION('',(0.,1.));
#222 = ( GEOMETRIC_REPRESENTATION_CONTEXT(2) 
PARAMETRIC_REPRESENTATION_CONTEXT() REPRESENTATION_CONTEXT('2D SPACE',''
  ) );
#223 = PCURVE('',#141,#224);
#224 = DEFINITIONAL_REPRESENTATION('',(#225),#229);
#225 = LINE('',#226,#227);
#226 = CARTESIAN_POINT('',(0.,0.));
#227 = VECTOR('',#228,1.);
#228 = DIRECTION('',(1.,0.));
#229 = ( GEOMETRIC_REPRESENTATION_CONTEXT(2) 
PARAMETRIC_REPRESENTATION_CONTEXT() REPRESENTATION_CONTEXT('2D SPACE',''
  ) );
#230 = ORIENTED_EDGE('',*,*,#231,.T.);
#231 = EDGE_CURVE('',#209,#232,#234,.T.);
#232 = VERTEX_POINT('',#233);
#233 = CARTESIAN_POINT('',(0.,-1.78,4.66));
#234 = SURFACE_CURVE('',#235,(#239,#246),.PCURVE_S1.);
#235 = LINE('',#236,#237);
#236 = CARTESIAN_POINT('',(-1.27,-1.78,7.2));
#237 = VECTOR('',#238,1.);
#238 = DIRECTION('',(0.4472135955,-1.986027322598E-16,-0.894427191));
#239 = PCURVE('',#59,#240);
#240 = DEFINITIONAL_REPRESENTATION('',(#241),#245);
#241 = LINE('',#242,#243);
#242 = CARTESIAN_POINT('',(7.2,63.2599995));
#243 = VECTOR('',#244,1.);
#244 = DIRECTION('',(-0.894427191,0.4472135955));
#245 = ( GEOMETRIC_REPRESENTATION_CONTEXT(2) 
PARAMETRIC_REPRESENTATION_CONTEXT() REPRESENTATION_CONTEXT('2D SPACE',''
  ) );
#246 = PCURVE('',#247,#252);
#247 = PLANE('',#248);
#248 = AXIS2_PLACEMENT_3D('',#249,#250,#251);
#249 = CARTESIAN_POINT('',(-1.27,-1.78,7.2));
#250 = DIRECTION('',(-0.894427191,-9.930136612989E-17,-0.4472135955));
#251 = DIRECTION('',(0.4472135955,-1.986027322598E-16,-0.894427191));
#252 = DEFINITIONAL_REPRESENTATION('',(#253),#257);
#253 = LINE('',#254,#255);
#254 = CARTESIAN_POINT('',(0.,0.));
#255 = VECTOR('',#256,1.);
#256 = DIRECTION('',(1.,0.));
#257 = ( GEOMETRIC_REPRESENTATION_CONTEXT(2) 
PARAMETRIC_REPRESENTATION_CONTEXT() REPRESENTATION_CONTEXT('2D SPACE',''
  ) );
#258 = ORIENTED_EDGE('',*,*,#259,.F.);
#259 = EDGE_CURVE('',#260,#232,#262,.T.);
#260 = VERTEX_POINT('',#261);
#261 = CARTESIAN_POINT('',(1.27,-1.78,7.2));
#262 = SURFACE_CURVE('',#263,(#267,#274),.PCURVE_S1.);
#263 = LINE('',#264,#265);
#264 = CARTESIAN_POINT('',(1.27,-1.78,7.2));
#265 = VECTOR('',#266,1.);
#266 = DIRECTION('',(-0.4472135955,-1.986027322598E-16,-0.894427191));
#267 = PCURVE('',#59,#268);
#268 = DEFINITIONAL_REPRESENTATION('',(#269),#273);
#269 = LINE('',#270,#271);
#270 = CARTESIAN_POINT('',(7.2,65.7999995));
#271 = VECTOR('',#272,1.);
#272 = DIRECTION('',(-0.894427191,-0.4472135955));
#273 = ( GEOMETRIC_REPRESENTATION_CONTEXT(2) 
PARAMETRIC_REPRESENTATION_CONTEXT() REPRESENTATION_CONTEXT('2D SPACE',''
  ) );
#274 = PCURVE('',#275,#280);
#275 = PLANE('',#276);
#276 = AXIS2_PLACEMENT_3D('',#277,#278,#279);
#277 = CARTESIAN_POINT('',(1.27,-1.78,7.2));
#278 = DIRECTION('',(-0.894427191,9.930136612989E-17,0.4472135955));
#279 = DIRECTION('',(-0.4472135955,-1.986027322598E-16,-0.894427191));
#280 = DEFINITIONAL_REPRESENTATION('',(#281),#285);
#281 = LINE('',#282,#283);
#282 = CARTESIAN_POINT('',(-0.,0.));
#283 = VECTOR('',#284,1.);
#284 = DIRECTION('',(1.,0.));
#285 = ( GEOMETRIC_REPRESENTATION_CONTEXT(2) 
PARAMETRIC_REPRESENTATION_CONTEXT() REPRESENTATION_CONTEXT('2D SPACE',''
  ) );
#286 = ORIENTED_EDGE('',*,*,#287,.T.);
#287 = EDGE_CURVE('',#260,#159,#288,.T.);
#288 = SURFACE_CURVE('',#289,(#293,#300),.PCURVE_S1.);
#289 = LINE('',#290,#291);
#290 = CARTESIAN_POINT('',(-64.5299995,-1.78,7.2));
#291 = VECTOR('',#292,1.);
#292 = DIRECTION('',(1.,0.,0.));
#293 = PCURVE('',#59,#294);
#294 = DEFINITIONAL_REPRESENTATION('',(#295),#299);
#295 = LINE('',#296,#297);
#296 = CARTESIAN_POINT('',(7.2,0.));
#297 = VECTOR('',#298,1.);
#298 = DIRECTION('',(0.,1.));
#299 = ( GEOMETRIC_REPRESENTATION_CONTEXT(2) 
PARAMETRIC_REPRESENTATION_CONTEXT() REPRESENTATION_CONTEXT('2D SPACE',''
  ) );
#300 = PCURVE('',#141,#301);
#301 = DEFINITIONAL_REPRESENTATION('',(#302),#306);
#302 = LINE('',#303,#304);
#303 = CARTESIAN_POINT('',(0.,0.));
#304 = VECTOR('',#305,1.);
#305 = DIRECTION('',(1.,0.));
#306 = ( GEOMETRIC_REPRESENTATION_CONTEXT(2) 
PARAMETRIC_REPRESENTATION_CONTEXT() REPRESENTATION_CONTEXT('2D SPACE',''
  ) );
#307 = ADVANCED_FACE('',(#308,#429,#460,#491,#522,#553,#584,#615,#646,
    #677,#708,#739,#770,#801,#832,#863,#894,#925,#956,#987,#1018,#1049,
    #1080,#1111,#1142,#1173,#1204,#1235,#1266,#1297,#1328,#1359,#1390,
    #1421,#1452,#1483,#1514,#1545,#1576,#1607,#1638,#1669,#1700,#1731,
    #1762,#1793,#1824,#1855,#1886,#1917,#1948),#141,.T.);
#308 = FACE_BOUND('',#309,.T.);
#309 = EDGE_LOOP('',(#310,#333,#334,#335,#358,#386,#407,#408));
#310 = ORIENTED_EDGE('',*,*,#311,.F.);
#311 = EDGE_CURVE('',#100,#312,#314,.T.);
#312 = VERTEX_POINT('',#313);
#313 = CARTESIAN_POINT('',(3.5699995,4.32,7.2));
#314 = SURFACE_CURVE('',#315,(#319,#326),.PCURVE_S1.);
#315 = LINE('',#316,#317);
#316 = CARTESIAN_POINT('',(-64.5299995,4.32,7.2));
#317 = VECTOR('',#318,1.);
#318 = DIRECTION('',(1.,0.,0.));
#319 = PCURVE('',#141,#320);
#320 = DEFINITIONAL_REPRESENTATION('',(#321),#325);
#321 = LINE('',#322,#323);
#322 = CARTESIAN_POINT('',(0.,6.1));
#323 = VECTOR('',#324,1.);
#324 = DIRECTION('',(1.,0.));
#325 = ( GEOMETRIC_REPRESENTATION_CONTEXT(2) 
PARAMETRIC_REPRESENTATION_CONTEXT() REPRESENTATION_CONTEXT('2D SPACE',''
  ) );
#326 = PCURVE('',#115,#327);
#327 = DEFINITIONAL_REPRESENTATION('',(#328),#332);
#328 = LINE('',#329,#330);
#329 = CARTESIAN_POINT('',(7.2,0.));
#330 = VECTOR('',#331,1.);
#331 = DIRECTION('',(0.,1.));
#332 = ( GEOMETRIC_REPRESENTATION_CONTEXT(2) 
PARAMETRIC_REPRESENTATION_CONTEXT() REPRESENTATION_CONTEXT('2D SPACE',''
  ) );
#333 = ORIENTED_EDGE('',*,*,#127,.F.);
#334 = ORIENTED_EDGE('',*,*,#208,.T.);
#335 = ORIENTED_EDGE('',*,*,#336,.T.);
#336 = EDGE_CURVE('',#209,#337,#339,.T.);
#337 = VERTEX_POINT('',#338);
#338 = CARTESIAN_POINT('',(-1.27,-1.649285714286,7.2));
#339 = SURFACE_CURVE('',#340,(#344,#351),.PCURVE_S1.);
#340 = LINE('',#341,#342);
#341 = CARTESIAN_POINT('',(-1.27,-1.78,7.2));
#342 = VECTOR('',#343,1.);
#343 = DIRECTION('',(0.,1.,-2.22044604925E-16));
#344 = PCURVE('',#141,#345);
#345 = DEFINITIONAL_REPRESENTATION('',(#346),#350);
#346 = LINE('',#347,#348);
#347 = CARTESIAN_POINT('',(63.2599995,1.554312234475E-15));
#348 = VECTOR('',#349,1.);
#349 = DIRECTION('',(0.,1.));
#350 = ( GEOMETRIC_REPRESENTATION_CONTEXT(2) 
PARAMETRIC_REPRESENTATION_CONTEXT() REPRESENTATION_CONTEXT('2D SPACE',''
  ) );
#351 = PCURVE('',#247,#352);
#352 = DEFINITIONAL_REPRESENTATION('',(#353),#357);
#353 = LINE('',#354,#355);
#354 = CARTESIAN_POINT('',(8.819733044331E-33,4.440892098501E-17));
#355 = VECTOR('',#356,1.);
#356 = DIRECTION('',(0.,-1.));
#357 = ( GEOMETRIC_REPRESENTATION_CONTEXT(2) 
PARAMETRIC_REPRESENTATION_CONTEXT() REPRESENTATION_CONTEXT('2D SPACE',''
  ) );
#358 = ORIENTED_EDGE('',*,*,#359,.T.);
#359 = EDGE_CURVE('',#337,#360,#362,.T.);
#360 = VERTEX_POINT('',#361);
#361 = CARTESIAN_POINT('',(1.27,-1.649285714286,7.2));
#362 = SURFACE_CURVE('',#363,(#367,#374),.PCURVE_S1.);
#363 = LINE('',#364,#365);
#364 = CARTESIAN_POINT('',(-1.27,-1.649285714286,7.2));
#365 = VECTOR('',#366,1.);
#366 = DIRECTION('',(1.,0.,0.));
#367 = PCURVE('',#141,#368);
#368 = DEFINITIONAL_REPRESENTATION('',(#369),#373);
#369 = LINE('',#370,#371);
#370 = CARTESIAN_POINT('',(63.2599995,0.130714285714));
#371 = VECTOR('',#372,1.);
#372 = DIRECTION('',(1.,0.));
#373 = ( GEOMETRIC_REPRESENTATION_CONTEXT(2) 
PARAMETRIC_REPRESENTATION_CONTEXT() REPRESENTATION_CONTEXT('2D SPACE',''
  ) );
#374 = PCURVE('',#375,#380);
#375 = PLANE('',#376);
#376 = AXIS2_PLACEMENT_3D('',#377,#378,#379);
#377 = CARTESIAN_POINT('',(-2.539315867923E-15,-1.649285714286,
    6.322451582856));
#378 = DIRECTION('',(2.215901133945E-32,1.,-1.748382715945E-16));
#379 = DIRECTION('',(0.,1.748382715945E-16,1.));
#380 = DEFINITIONAL_REPRESENTATION('',(#381),#385);
#381 = LINE('',#382,#383);
#382 = CARTESIAN_POINT('',(0.877548417144,-1.27));
#383 = VECTOR('',#384,1.);
#384 = DIRECTION('',(0.,1.));
#385 = ( GEOMETRIC_REPRESENTATION_CONTEXT(2) 
PARAMETRIC_REPRESENTATION_CONTEXT() REPRESENTATION_CONTEXT('2D SPACE',''
  ) );
#386 = ORIENTED_EDGE('',*,*,#387,.F.);
#387 = EDGE_CURVE('',#260,#360,#388,.T.);
#388 = SURFACE_CURVE('',#389,(#393,#400),.PCURVE_S1.);
#389 = LINE('',#390,#391);
#390 = CARTESIAN_POINT('',(1.27,-1.78,7.2));
#391 = VECTOR('',#392,1.);
#392 = DIRECTION('',(0.,1.,-2.22044604925E-16));
#393 = PCURVE('',#141,#394);
#394 = DEFINITIONAL_REPRESENTATION('',(#395),#399);
#395 = LINE('',#396,#397);
#396 = CARTESIAN_POINT('',(65.7999995,1.554312234475E-15));
#397 = VECTOR('',#398,1.);
#398 = DIRECTION('',(0.,1.));
#399 = ( GEOMETRIC_REPRESENTATION_CONTEXT(2) 
PARAMETRIC_REPRESENTATION_CONTEXT() REPRESENTATION_CONTEXT('2D SPACE',''
  ) );
#400 = PCURVE('',#275,#401);
#401 = DEFINITIONAL_REPRESENTATION('',(#402),#406);
#402 = LINE('',#403,#404);
#403 = CARTESIAN_POINT('',(8.819733044331E-33,4.440892098501E-17));
#404 = VECTOR('',#405,1.);
#405 = DIRECTION('',(0.,-1.));
#406 = ( GEOMETRIC_REPRESENTATION_CONTEXT(2) 
PARAMETRIC_REPRESENTATION_CONTEXT() REPRESENTATION_CONTEXT('2D SPACE',''
  ) );
#407 = ORIENTED_EDGE('',*,*,#287,.T.);
#408 = ORIENTED_EDGE('',*,*,#409,.T.);
#409 = EDGE_CURVE('',#159,#312,#410,.T.);
#410 = SURFACE_CURVE('',#411,(#415,#422),.PCURVE_S1.);
#411 = LINE('',#412,#413);
#412 = CARTESIAN_POINT('',(3.5699995,-1.78,7.2));
#413 = VECTOR('',#414,1.);
#414 = DIRECTION('',(0.,1.,0.));
#415 = PCURVE('',#141,#416);
#416 = DEFINITIONAL_REPRESENTATION('',(#417),#421);
#417 = LINE('',#418,#419);
#418 = CARTESIAN_POINT('',(68.099999,0.));
#419 = VECTOR('',#420,1.);
#420 = DIRECTION('',(0.,1.));
#421 = ( GEOMETRIC_REPRESENTATION_CONTEXT(2) 
PARAMETRIC_REPRESENTATION_CONTEXT() REPRESENTATION_CONTEXT('2D SPACE',''
  ) );
#422 = PCURVE('',#174,#423);
#423 = DEFINITIONAL_REPRESENTATION('',(#424),#428);
#424 = LINE('',#425,#426);
#425 = CARTESIAN_POINT('',(7.2,0.));
#426 = VECTOR('',#427,1.);
#427 = DIRECTION('',(0.,-1.));
#428 = ( GEOMETRIC_REPRESENTATION_CONTEXT(2) 
PARAMETRIC_REPRESENTATION_CONTEXT() REPRESENTATION_CONTEXT('2D SPACE',''
  ) );
#429 = FACE_BOUND('',#430,.T.);
#430 = EDGE_LOOP('',(#431));
#431 = ORIENTED_EDGE('',*,*,#432,.F.);
#432 = EDGE_CURVE('',#433,#433,#435,.T.);
#433 = VERTEX_POINT('',#434);
#434 = CARTESIAN_POINT('',(-17.08,0.,7.2));
#435 = SURFACE_CURVE('',#436,(#441,#448),.PCURVE_S1.);
#436 = CIRCLE('',#437,0.7);
#437 = AXIS2_PLACEMENT_3D('',#438,#439,#440);
#438 = CARTESIAN_POINT('',(-17.78,0.,7.2));
#439 = DIRECTION('',(0.,0.,1.));
#440 = DIRECTION('',(1.,0.,0.));
#441 = PCURVE('',#141,#442);
#442 = DEFINITIONAL_REPRESENTATION('',(#443),#447);
#443 = CIRCLE('',#444,0.7);
#444 = AXIS2_PLACEMENT_2D('',#445,#446);
#445 = CARTESIAN_POINT('',(46.7499995,1.78));
#446 = DIRECTION('',(1.,0.));
#447 = ( GEOMETRIC_REPRESENTATION_CONTEXT(2) 
PARAMETRIC_REPRESENTATION_CONTEXT() REPRESENTATION_CONTEXT('2D SPACE',''
  ) );
#448 = PCURVE('',#449,#454);
#449 = CONICAL_SURFACE('',#450,0.7,0.785398163397);
#450 = AXIS2_PLACEMENT_3D('',#451,#452,#453);
#451 = CARTESIAN_POINT('',(-17.78,0.,7.2));
#452 = DIRECTION('',(0.,0.,1.));
#453 = DIRECTION('',(1.,0.,0.));
#454 = DEFINITIONAL_REPRESENTATION('',(#455),#459);
#455 = LINE('',#456,#457);
#456 = CARTESIAN_POINT('',(0.,-0.));
#457 = VECTOR('',#458,1.);
#458 = DIRECTION('',(1.,-0.));
#459 = ( GEOMETRIC_REPRESENTATION_CONTEXT(2) 
PARAMETRIC_REPRESENTATION_CONTEXT() REPRESENTATION_CONTEXT('2D SPACE',''
  ) );
#460 = FACE_BOUND('',#461,.T.);
#461 = EDGE_LOOP('',(#462));
#462 = ORIENTED_EDGE('',*,*,#463,.F.);
#463 = EDGE_CURVE('',#464,#464,#466,.T.);
#464 = VERTEX_POINT('',#465);
#465 = CARTESIAN_POINT('',(-14.54,0.,7.2));
#466 = SURFACE_CURVE('',#467,(#472,#479),.PCURVE_S1.);
#467 = CIRCLE('',#468,0.7);
#468 = AXIS2_PLACEMENT_3D('',#469,#470,#471);
#469 = CARTESIAN_POINT('',(-15.24,0.,7.2));
#470 = DIRECTION('',(0.,0.,1.));
#471 = DIRECTION('',(1.,0.,0.));
#472 = PCURVE('',#141,#473);
#473 = DEFINITIONAL_REPRESENTATION('',(#474),#478);
#474 = CIRCLE('',#475,0.7);
#475 = AXIS2_PLACEMENT_2D('',#476,#477);
#476 = CARTESIAN_POINT('',(49.2899995,1.78));
#477 = DIRECTION('',(1.,0.));
#478 = ( GEOMETRIC_REPRESENTATION_CONTEXT(2) 
PARAMETRIC_REPRESENTATION_CONTEXT() REPRESENTATION_CONTEXT('2D SPACE',''
  ) );
#479 = PCURVE('',#480,#485);
#480 = CONICAL_SURFACE('',#481,0.7,0.785398163397);
#481 = AXIS2_PLACEMENT_3D('',#482,#483,#484);
#482 = CARTESIAN_POINT('',(-15.24,0.,7.2));
#483 = DIRECTION('',(0.,0.,1.));
#484 = DIRECTION('',(1.,0.,0.));
#485 = DEFINITIONAL_REPRESENTATION('',(#486),#490);
#486 = LINE('',#487,#488);
#487 = CARTESIAN_POINT('',(0.,-0.));
#488 = VECTOR('',#489,1.);
#489 = DIRECTION('',(1.,-0.));
#490 = ( GEOMETRIC_REPRESENTATION_CONTEXT(2) 
PARAMETRIC_REPRESENTATION_CONTEXT() REPRESENTATION_CONTEXT('2D SPACE',''
  ) );
#491 = FACE_BOUND('',#492,.T.);
#492 = EDGE_LOOP('',(#493));
#493 = ORIENTED_EDGE('',*,*,#494,.F.);
#494 = EDGE_CURVE('',#495,#495,#497,.T.);
#495 = VERTEX_POINT('',#496);
#496 = CARTESIAN_POINT('',(-9.46,0.,7.2));
#497 = SURFACE_CURVE('',#498,(#503,#510),.PCURVE_S1.);
#498 = CIRCLE('',#499,0.7);
#499 = AXIS2_PLACEMENT_3D('',#500,#501,#502);
#500 = CARTESIAN_POINT('',(-10.16,0.,7.2));
#501 = DIRECTION('',(0.,0.,1.));
#502 = DIRECTION('',(1.,0.,0.));
#503 = PCURVE('',#141,#504);
#504 = DEFINITIONAL_REPRESENTATION('',(#505),#509);
#505 = CIRCLE('',#506,0.7);
#506 = AXIS2_PLACEMENT_2D('',#507,#508);
#507 = CARTESIAN_POINT('',(54.3699995,1.78));
#508 = DIRECTION('',(1.,0.));
#509 = ( GEOMETRIC_REPRESENTATION_CONTEXT(2) 
PARAMETRIC_REPRESENTATION_CONTEXT() REPRESENTATION_CONTEXT('2D SPACE',''
  ) );
#510 = PCURVE('',#511,#516);
#511 = CONICAL_SURFACE('',#512,0.7,0.785398163397);
#512 = AXIS2_PLACEMENT_3D('',#513,#514,#515);
#513 = CARTESIAN_POINT('',(-10.16,0.,7.2));
#514 = DIRECTION('',(0.,0.,1.));
#515 = DIRECTION('',(1.,0.,0.));
#516 = DEFINITIONAL_REPRESENTATION('',(#517),#521);
#517 = LINE('',#518,#519);
#518 = CARTESIAN_POINT('',(0.,-0.));
#519 = VECTOR('',#520,1.);
#520 = DIRECTION('',(1.,-0.));
#521 = ( GEOMETRIC_REPRESENTATION_CONTEXT(2) 
PARAMETRIC_REPRESENTATION_CONTEXT() REPRESENTATION_CONTEXT('2D SPACE',''
  ) );
#522 = FACE_BOUND('',#523,.T.);
#523 = EDGE_LOOP('',(#524));
#524 = ORIENTED_EDGE('',*,*,#525,.F.);
#525 = EDGE_CURVE('',#526,#526,#528,.T.);
#526 = VERTEX_POINT('',#527);
#527 = CARTESIAN_POINT('',(-12.,0.,7.2));
#528 = SURFACE_CURVE('',#529,(#534,#541),.PCURVE_S1.);
#529 = CIRCLE('',#530,0.7);
#530 = AXIS2_PLACEMENT_3D('',#531,#532,#533);
#531 = CARTESIAN_POINT('',(-12.7,0.,7.2));
#532 = DIRECTION('',(0.,0.,1.));
#533 = DIRECTION('',(1.,0.,0.));
#534 = PCURVE('',#141,#535);
#535 = DEFINITIONAL_REPRESENTATION('',(#536),#540);
#536 = CIRCLE('',#537,0.7);
#537 = AXIS2_PLACEMENT_2D('',#538,#539);
#538 = CARTESIAN_POINT('',(51.8299995,1.78));
#539 = DIRECTION('',(1.,0.));
#540 = ( GEOMETRIC_REPRESENTATION_CONTEXT(2) 
PARAMETRIC_REPRESENTATION_CONTEXT() REPRESENTATION_CONTEXT('2D SPACE',''
  ) );
#541 = PCURVE('',#542,#547);
#542 = CONICAL_SURFACE('',#543,0.7,0.785398163397);
#543 = AXIS2_PLACEMENT_3D('',#544,#545,#546);
#544 = CARTESIAN_POINT('',(-12.7,0.,7.2));
#545 = DIRECTION('',(0.,0.,1.));
#546 = DIRECTION('',(1.,0.,0.));
#547 = DEFINITIONAL_REPRESENTATION('',(#548),#552);
#548 = LINE('',#549,#550);
#549 = CARTESIAN_POINT('',(0.,-0.));
#550 = VECTOR('',#551,1.);
#551 = DIRECTION('',(1.,-0.));
#552 = ( GEOMETRIC_REPRESENTATION_CONTEXT(2) 
PARAMETRIC_REPRESENTATION_CONTEXT() REPRESENTATION_CONTEXT('2D SPACE',''
  ) );
#553 = FACE_BOUND('',#554,.T.);
#554 = EDGE_LOOP('',(#555));
#555 = ORIENTED_EDGE('',*,*,#556,.F.);
#556 = EDGE_CURVE('',#557,#557,#559,.T.);
#557 = VERTEX_POINT('',#558);
#558 = CARTESIAN_POINT('',(0.7,0.,7.2));
#559 = SURFACE_CURVE('',#560,(#565,#572),.PCURVE_S1.);
#560 = CIRCLE('',#561,0.7);
#561 = AXIS2_PLACEMENT_3D('',#562,#563,#564);
#562 = CARTESIAN_POINT('',(0.,0.,7.2));
#563 = DIRECTION('',(0.,0.,1.));
#564 = DIRECTION('',(1.,0.,0.));
#565 = PCURVE('',#141,#566);
#566 = DEFINITIONAL_REPRESENTATION('',(#567),#571);
#567 = CIRCLE('',#568,0.7);
#568 = AXIS2_PLACEMENT_2D('',#569,#570);
#569 = CARTESIAN_POINT('',(64.5299995,1.78));
#570 = DIRECTION('',(1.,0.));
#571 = ( GEOMETRIC_REPRESENTATION_CONTEXT(2) 
PARAMETRIC_REPRESENTATION_CONTEXT() REPRESENTATION_CONTEXT('2D SPACE',''
  ) );
#572 = PCURVE('',#573,#578);
#573 = CONICAL_SURFACE('',#574,0.7,0.785398163397);
#574 = AXIS2_PLACEMENT_3D('',#575,#576,#577);
#575 = CARTESIAN_POINT('',(0.,0.,7.2));
#576 = DIRECTION('',(0.,0.,1.));
#577 = DIRECTION('',(1.,0.,0.));
#578 = DEFINITIONAL_REPRESENTATION('',(#579),#583);
#579 = LINE('',#580,#581);
#580 = CARTESIAN_POINT('',(0.,-0.));
#581 = VECTOR('',#582,1.);
#582 = DIRECTION('',(1.,-0.));
#583 = ( GEOMETRIC_REPRESENTATION_CONTEXT(2) 
PARAMETRIC_REPRESENTATION_CONTEXT() REPRESENTATION_CONTEXT('2D SPACE',''
  ) );
#584 = FACE_BOUND('',#585,.T.);
#585 = EDGE_LOOP('',(#586));
#586 = ORIENTED_EDGE('',*,*,#587,.F.);
#587 = EDGE_CURVE('',#588,#588,#590,.T.);
#588 = VERTEX_POINT('',#589);
#589 = CARTESIAN_POINT('',(-1.84,0.,7.2));
#590 = SURFACE_CURVE('',#591,(#596,#603),.PCURVE_S1.);
#591 = CIRCLE('',#592,0.7);
#592 = AXIS2_PLACEMENT_3D('',#593,#594,#595);
#593 = CARTESIAN_POINT('',(-2.54,0.,7.2));
#594 = DIRECTION('',(0.,0.,1.));
#595 = DIRECTION('',(1.,0.,0.));
#596 = PCURVE('',#141,#597);
#597 = DEFINITIONAL_REPRESENTATION('',(#598),#602);
#598 = CIRCLE('',#599,0.7);
#599 = AXIS2_PLACEMENT_2D('',#600,#601);
#600 = CARTESIAN_POINT('',(61.9899995,1.78));
#601 = DIRECTION('',(1.,0.));
#602 = ( GEOMETRIC_REPRESENTATION_CONTEXT(2) 
PARAMETRIC_REPRESENTATION_CONTEXT() REPRESENTATION_CONTEXT('2D SPACE',''
  ) );
#603 = PCURVE('',#604,#609);
#604 = CONICAL_SURFACE('',#605,0.7,0.785398163397);
#605 = AXIS2_PLACEMENT_3D('',#606,#607,#608);
#606 = CARTESIAN_POINT('',(-2.54,0.,7.2));
#607 = DIRECTION('',(0.,0.,1.));
#608 = DIRECTION('',(1.,0.,0.));
#609 = DEFINITIONAL_REPRESENTATION('',(#610),#614);
#610 = LINE('',#611,#612);
#611 = CARTESIAN_POINT('',(0.,-0.));
#612 = VECTOR('',#613,1.);
#613 = DIRECTION('',(1.,-0.));
#614 = ( GEOMETRIC_REPRESENTATION_CONTEXT(2) 
PARAMETRIC_REPRESENTATION_CONTEXT() REPRESENTATION_CONTEXT('2D SPACE',''
  ) );
#615 = FACE_BOUND('',#616,.T.);
#616 = EDGE_LOOP('',(#617));
#617 = ORIENTED_EDGE('',*,*,#618,.F.);
#618 = EDGE_CURVE('',#619,#619,#621,.T.);
#619 = VERTEX_POINT('',#620);
#620 = CARTESIAN_POINT('',(-4.38,0.,7.2));
#621 = SURFACE_CURVE('',#622,(#627,#634),.PCURVE_S1.);
#622 = CIRCLE('',#623,0.7);
#623 = AXIS2_PLACEMENT_3D('',#624,#625,#626);
#624 = CARTESIAN_POINT('',(-5.08,0.,7.2));
#625 = DIRECTION('',(0.,0.,1.));
#626 = DIRECTION('',(1.,0.,0.));
#627 = PCURVE('',#141,#628);
#628 = DEFINITIONAL_REPRESENTATION('',(#629),#633);
#629 = CIRCLE('',#630,0.7);
#630 = AXIS2_PLACEMENT_2D('',#631,#632);
#631 = CARTESIAN_POINT('',(59.4499995,1.78));
#632 = DIRECTION('',(1.,0.));
#633 = ( GEOMETRIC_REPRESENTATION_CONTEXT(2) 
PARAMETRIC_REPRESENTATION_CONTEXT() REPRESENTATION_CONTEXT('2D SPACE',''
  ) );
#634 = PCURVE('',#635,#640);
#635 = CONICAL_SURFACE('',#636,0.7,0.785398163397);
#636 = AXIS2_PLACEMENT_3D('',#637,#638,#639);
#637 = CARTESIAN_POINT('',(-5.08,0.,7.2));
#638 = DIRECTION('',(0.,0.,1.));
#639 = DIRECTION('',(1.,0.,0.));
#640 = DEFINITIONAL_REPRESENTATION('',(#641),#645);
#641 = LINE('',#642,#643);
#642 = CARTESIAN_POINT('',(0.,-0.));
#643 = VECTOR('',#644,1.);
#644 = DIRECTION('',(1.,-0.));
#645 = ( GEOMETRIC_REPRESENTATION_CONTEXT(2) 
PARAMETRIC_REPRESENTATION_CONTEXT() REPRESENTATION_CONTEXT('2D SPACE',''
  ) );
#646 = FACE_BOUND('',#647,.T.);
#647 = EDGE_LOOP('',(#648));
#648 = ORIENTED_EDGE('',*,*,#649,.F.);
#649 = EDGE_CURVE('',#650,#650,#652,.T.);
#650 = VERTEX_POINT('',#651);
#651 = CARTESIAN_POINT('',(-6.92,0.,7.2));
#652 = SURFACE_CURVE('',#653,(#658,#665),.PCURVE_S1.);
#653 = CIRCLE('',#654,0.7);
#654 = AXIS2_PLACEMENT_3D('',#655,#656,#657);
#655 = CARTESIAN_POINT('',(-7.62,0.,7.2));
#656 = DIRECTION('',(0.,0.,1.));
#657 = DIRECTION('',(1.,0.,0.));
#658 = PCURVE('',#141,#659);
#659 = DEFINITIONAL_REPRESENTATION('',(#660),#664);
#660 = CIRCLE('',#661,0.7);
#661 = AXIS2_PLACEMENT_2D('',#662,#663);
#662 = CARTESIAN_POINT('',(56.9099995,1.78));
#663 = DIRECTION('',(1.,0.));
#664 = ( GEOMETRIC_REPRESENTATION_CONTEXT(2) 
PARAMETRIC_REPRESENTATION_CONTEXT() REPRESENTATION_CONTEXT('2D SPACE',''
  ) );
#665 = PCURVE('',#666,#671);
#666 = CONICAL_SURFACE('',#667,0.7,0.785398163397);
#667 = AXIS2_PLACEMENT_3D('',#668,#669,#670);
#668 = CARTESIAN_POINT('',(-7.62,0.,7.2));
#669 = DIRECTION('',(0.,0.,1.));
#670 = DIRECTION('',(1.,0.,0.));
#671 = DEFINITIONAL_REPRESENTATION('',(#672),#676);
#672 = LINE('',#673,#674);
#673 = CARTESIAN_POINT('',(0.,-0.));
#674 = VECTOR('',#675,1.);
#675 = DIRECTION('',(1.,-0.));
#676 = ( GEOMETRIC_REPRESENTATION_CONTEXT(2) 
PARAMETRIC_REPRESENTATION_CONTEXT() REPRESENTATION_CONTEXT('2D SPACE',''
  ) );
#677 = FACE_BOUND('',#678,.T.);
#678 = EDGE_LOOP('',(#679));
#679 = ORIENTED_EDGE('',*,*,#680,.F.);
#680 = EDGE_CURVE('',#681,#681,#683,.T.);
#681 = VERTEX_POINT('',#682);
#682 = CARTESIAN_POINT('',(-9.46,2.54,7.2));
#683 = SURFACE_CURVE('',#684,(#689,#696),.PCURVE_S1.);
#684 = CIRCLE('',#685,0.7);
#685 = AXIS2_PLACEMENT_3D('',#686,#687,#688);
#686 = CARTESIAN_POINT('',(-10.16,2.54,7.2));
#687 = DIRECTION('',(0.,0.,1.));
#688 = DIRECTION('',(1.,0.,0.));
#689 = PCURVE('',#141,#690);
#690 = DEFINITIONAL_REPRESENTATION('',(#691),#695);
#691 = CIRCLE('',#692,0.7);
#692 = AXIS2_PLACEMENT_2D('',#693,#694);
#693 = CARTESIAN_POINT('',(54.3699995,4.32));
#694 = DIRECTION('',(1.,0.));
#695 = ( GEOMETRIC_REPRESENTATION_CONTEXT(2) 
PARAMETRIC_REPRESENTATION_CONTEXT() REPRESENTATION_CONTEXT('2D SPACE',''
  ) );
#696 = PCURVE('',#697,#702);
#697 = CONICAL_SURFACE('',#698,0.7,0.785398163397);
#698 = AXIS2_PLACEMENT_3D('',#699,#700,#701);
#699 = CARTESIAN_POINT('',(-10.16,2.54,7.2));
#700 = DIRECTION('',(0.,0.,1.));
#701 = DIRECTION('',(1.,0.,0.));
#702 = DEFINITIONAL_REPRESENTATION('',(#703),#707);
#703 = LINE('',#704,#705);
#704 = CARTESIAN_POINT('',(0.,-0.));
#705 = VECTOR('',#706,1.);
#706 = DIRECTION('',(1.,-0.));
#707 = ( GEOMETRIC_REPRESENTATION_CONTEXT(2) 
PARAMETRIC_REPRESENTATION_CONTEXT() REPRESENTATION_CONTEXT('2D SPACE',''
  ) );
#708 = FACE_BOUND('',#709,.T.);
#709 = EDGE_LOOP('',(#710));
#710 = ORIENTED_EDGE('',*,*,#711,.F.);
#711 = EDGE_CURVE('',#712,#712,#714,.T.);
#712 = VERTEX_POINT('',#713);
#713 = CARTESIAN_POINT('',(-12.,2.54,7.2));
#714 = SURFACE_CURVE('',#715,(#720,#727),.PCURVE_S1.);
#715 = CIRCLE('',#716,0.7);
#716 = AXIS2_PLACEMENT_3D('',#717,#718,#719);
#717 = CARTESIAN_POINT('',(-12.7,2.54,7.2));
#718 = DIRECTION('',(0.,0.,1.));
#719 = DIRECTION('',(1.,0.,0.));
#720 = PCURVE('',#141,#721);
#721 = DEFINITIONAL_REPRESENTATION('',(#722),#726);
#722 = CIRCLE('',#723,0.7);
#723 = AXIS2_PLACEMENT_2D('',#724,#725);
#724 = CARTESIAN_POINT('',(51.8299995,4.32));
#725 = DIRECTION('',(1.,0.));
#726 = ( GEOMETRIC_REPRESENTATION_CONTEXT(2) 
PARAMETRIC_REPRESENTATION_CONTEXT() REPRESENTATION_CONTEXT('2D SPACE',''
  ) );
#727 = PCURVE('',#728,#733);
#728 = CONICAL_SURFACE('',#729,0.7,0.785398163397);
#729 = AXIS2_PLACEMENT_3D('',#730,#731,#732);
#730 = CARTESIAN_POINT('',(-12.7,2.54,7.2));
#731 = DIRECTION('',(0.,0.,1.));
#732 = DIRECTION('',(1.,0.,0.));
#733 = DEFINITIONAL_REPRESENTATION('',(#734),#738);
#734 = LINE('',#735,#736);
#735 = CARTESIAN_POINT('',(0.,-0.));
#736 = VECTOR('',#737,1.);
#737 = DIRECTION('',(1.,-0.));
#738 = ( GEOMETRIC_REPRESENTATION_CONTEXT(2) 
PARAMETRIC_REPRESENTATION_CONTEXT() REPRESENTATION_CONTEXT('2D SPACE',''
  ) );
#739 = FACE_BOUND('',#740,.T.);
#740 = EDGE_LOOP('',(#741));
#741 = ORIENTED_EDGE('',*,*,#742,.F.);
#742 = EDGE_CURVE('',#743,#743,#745,.T.);
#743 = VERTEX_POINT('',#744);
#744 = CARTESIAN_POINT('',(-6.92,2.54,7.2));
#745 = SURFACE_CURVE('',#746,(#751,#758),.PCURVE_S1.);
#746 = CIRCLE('',#747,0.7);
#747 = AXIS2_PLACEMENT_3D('',#748,#749,#750);
#748 = CARTESIAN_POINT('',(-7.62,2.54,7.2));
#749 = DIRECTION('',(0.,0.,1.));
#750 = DIRECTION('',(1.,0.,0.));
#751 = PCURVE('',#141,#752);
#752 = DEFINITIONAL_REPRESENTATION('',(#753),#757);
#753 = CIRCLE('',#754,0.7);
#754 = AXIS2_PLACEMENT_2D('',#755,#756);
#755 = CARTESIAN_POINT('',(56.9099995,4.32));
#756 = DIRECTION('',(1.,0.));
#757 = ( GEOMETRIC_REPRESENTATION_CONTEXT(2) 
PARAMETRIC_REPRESENTATION_CONTEXT() REPRESENTATION_CONTEXT('2D SPACE',''
  ) );
#758 = PCURVE('',#759,#764);
#759 = CONICAL_SURFACE('',#760,0.7,0.785398163397);
#760 = AXIS2_PLACEMENT_3D('',#761,#762,#763);
#761 = CARTESIAN_POINT('',(-7.62,2.54,7.2));
#762 = DIRECTION('',(0.,0.,1.));
#763 = DIRECTION('',(1.,0.,0.));
#764 = DEFINITIONAL_REPRESENTATION('',(#765),#769);
#765 = LINE('',#766,#767);
#766 = CARTESIAN_POINT('',(0.,-0.));
#767 = VECTOR('',#768,1.);
#768 = DIRECTION('',(1.,-0.));
#769 = ( GEOMETRIC_REPRESENTATION_CONTEXT(2) 
PARAMETRIC_REPRESENTATION_CONTEXT() REPRESENTATION_CONTEXT('2D SPACE',''
  ) );
#770 = FACE_BOUND('',#771,.T.);
#771 = EDGE_LOOP('',(#772));
#772 = ORIENTED_EDGE('',*,*,#773,.F.);
#773 = EDGE_CURVE('',#774,#774,#776,.T.);
#774 = VERTEX_POINT('',#775);
#775 = CARTESIAN_POINT('',(-1.84,2.54,7.2));
#776 = SURFACE_CURVE('',#777,(#782,#789),.PCURVE_S1.);
#777 = CIRCLE('',#778,0.7);
#778 = AXIS2_PLACEMENT_3D('',#779,#780,#781);
#779 = CARTESIAN_POINT('',(-2.54,2.54,7.2));
#780 = DIRECTION('',(0.,0.,1.));
#781 = DIRECTION('',(1.,0.,0.));
#782 = PCURVE('',#141,#783);
#783 = DEFINITIONAL_REPRESENTATION('',(#784),#788);
#784 = CIRCLE('',#785,0.7);
#785 = AXIS2_PLACEMENT_2D('',#786,#787);
#786 = CARTESIAN_POINT('',(61.9899995,4.32));
#787 = DIRECTION('',(1.,0.));
#788 = ( GEOMETRIC_REPRESENTATION_CONTEXT(2) 
PARAMETRIC_REPRESENTATION_CONTEXT() REPRESENTATION_CONTEXT('2D SPACE',''
  ) );
#789 = PCURVE('',#790,#795);
#790 = CONICAL_SURFACE('',#791,0.7,0.785398163397);
#791 = AXIS2_PLACEMENT_3D('',#792,#793,#794);
#792 = CARTESIAN_POINT('',(-2.54,2.54,7.2));
#793 = DIRECTION('',(0.,0.,1.));
#794 = DIRECTION('',(1.,0.,0.));
#795 = DEFINITIONAL_REPRESENTATION('',(#796),#800);
#796 = LINE('',#797,#798);
#797 = CARTESIAN_POINT('',(0.,-0.));
#798 = VECTOR('',#799,1.);
#799 = DIRECTION('',(1.,-0.));
#800 = ( GEOMETRIC_REPRESENTATION_CONTEXT(2) 
PARAMETRIC_REPRESENTATION_CONTEXT() REPRESENTATION_CONTEXT('2D SPACE',''
  ) );
#801 = FACE_BOUND('',#802,.T.);
#802 = EDGE_LOOP('',(#803));
#803 = ORIENTED_EDGE('',*,*,#804,.F.);
#804 = EDGE_CURVE('',#805,#805,#807,.T.);
#805 = VERTEX_POINT('',#806);
#806 = CARTESIAN_POINT('',(-4.38,2.54,7.2));
#807 = SURFACE_CURVE('',#808,(#813,#820),.PCURVE_S1.);
#808 = CIRCLE('',#809,0.7);
#809 = AXIS2_PLACEMENT_3D('',#810,#811,#812);
#810 = CARTESIAN_POINT('',(-5.08,2.54,7.2));
#811 = DIRECTION('',(0.,0.,1.));
#812 = DIRECTION('',(1.,0.,0.));
#813 = PCURVE('',#141,#814);
#814 = DEFINITIONAL_REPRESENTATION('',(#815),#819);
#815 = CIRCLE('',#816,0.7);
#816 = AXIS2_PLACEMENT_2D('',#817,#818);
#817 = CARTESIAN_POINT('',(59.4499995,4.32));
#818 = DIRECTION('',(1.,0.));
#819 = ( GEOMETRIC_REPRESENTATION_CONTEXT(2) 
PARAMETRIC_REPRESENTATION_CONTEXT() REPRESENTATION_CONTEXT('2D SPACE',''
  ) );
#820 = PCURVE('',#821,#826);
#821 = CONICAL_SURFACE('',#822,0.7,0.785398163397);
#822 = AXIS2_PLACEMENT_3D('',#823,#824,#825);
#823 = CARTESIAN_POINT('',(-5.08,2.54,7.2));
#824 = DIRECTION('',(0.,0.,1.));
#825 = DIRECTION('',(1.,0.,0.));
#826 = DEFINITIONAL_REPRESENTATION('',(#827),#831);
#827 = LINE('',#828,#829);
#828 = CARTESIAN_POINT('',(0.,-0.));
#829 = VECTOR('',#830,1.);
#830 = DIRECTION('',(1.,-0.));
#831 = ( GEOMETRIC_REPRESENTATION_CONTEXT(2) 
PARAMETRIC_REPRESENTATION_CONTEXT() REPRESENTATION_CONTEXT('2D SPACE',''
  ) );
#832 = FACE_BOUND('',#833,.T.);
#833 = EDGE_LOOP('',(#834));
#834 = ORIENTED_EDGE('',*,*,#835,.F.);
#835 = EDGE_CURVE('',#836,#836,#838,.T.);
#836 = VERTEX_POINT('',#837);
#837 = CARTESIAN_POINT('',(-17.08,2.54,7.2));
#838 = SURFACE_CURVE('',#839,(#844,#851),.PCURVE_S1.);
#839 = CIRCLE('',#840,0.7);
#840 = AXIS2_PLACEMENT_3D('',#841,#842,#843);
#841 = CARTESIAN_POINT('',(-17.78,2.54,7.2));
#842 = DIRECTION('',(0.,0.,1.));
#843 = DIRECTION('',(1.,0.,0.));
#844 = PCURVE('',#141,#845);
#845 = DEFINITIONAL_REPRESENTATION('',(#846),#850);
#846 = CIRCLE('',#847,0.7);
#847 = AXIS2_PLACEMENT_2D('',#848,#849);
#848 = CARTESIAN_POINT('',(46.7499995,4.32));
#849 = DIRECTION('',(1.,0.));
#850 = ( GEOMETRIC_REPRESENTATION_CONTEXT(2) 
PARAMETRIC_REPRESENTATION_CONTEXT() REPRESENTATION_CONTEXT('2D SPACE',''
  ) );
#851 = PCURVE('',#852,#857);
#852 = CONICAL_SURFACE('',#853,0.7,0.785398163397);
#853 = AXIS2_PLACEMENT_3D('',#854,#855,#856);
#854 = CARTESIAN_POINT('',(-17.78,2.54,7.2));
#855 = DIRECTION('',(0.,0.,1.));
#856 = DIRECTION('',(1.,0.,0.));
#857 = DEFINITIONAL_REPRESENTATION('',(#858),#862);
#858 = LINE('',#859,#860);
#859 = CARTESIAN_POINT('',(0.,-0.));
#860 = VECTOR('',#861,1.);
#861 = DIRECTION('',(1.,-0.));
#862 = ( GEOMETRIC_REPRESENTATION_CONTEXT(2) 
PARAMETRIC_REPRESENTATION_CONTEXT() REPRESENTATION_CONTEXT('2D SPACE',''
  ) );
#863 = FACE_BOUND('',#864,.T.);
#864 = EDGE_LOOP('',(#865));
#865 = ORIENTED_EDGE('',*,*,#866,.F.);
#866 = EDGE_CURVE('',#867,#867,#869,.T.);
#867 = VERTEX_POINT('',#868);
#868 = CARTESIAN_POINT('',(-14.54,2.54,7.2));
#869 = SURFACE_CURVE('',#870,(#875,#882),.PCURVE_S1.);
#870 = CIRCLE('',#871,0.7);
#871 = AXIS2_PLACEMENT_3D('',#872,#873,#874);
#872 = CARTESIAN_POINT('',(-15.24,2.54,7.2));
#873 = DIRECTION('',(0.,0.,1.));
#874 = DIRECTION('',(1.,0.,0.));
#875 = PCURVE('',#141,#876);
#876 = DEFINITIONAL_REPRESENTATION('',(#877),#881);
#877 = CIRCLE('',#878,0.7);
#878 = AXIS2_PLACEMENT_2D('',#879,#880);
#879 = CARTESIAN_POINT('',(49.2899995,4.32));
#880 = DIRECTION('',(1.,0.));
#881 = ( GEOMETRIC_REPRESENTATION_CONTEXT(2) 
PARAMETRIC_REPRESENTATION_CONTEXT() REPRESENTATION_CONTEXT('2D SPACE',''
  ) );
#882 = PCURVE('',#883,#888);
#883 = CONICAL_SURFACE('',#884,0.7,0.785398163397);
#884 = AXIS2_PLACEMENT_3D('',#885,#886,#887);
#885 = CARTESIAN_POINT('',(-15.24,2.54,7.2));
#886 = DIRECTION('',(0.,0.,1.));
#887 = DIRECTION('',(1.,0.,0.));
#888 = DEFINITIONAL_REPRESENTATION('',(#889),#893);
#889 = LINE('',#890,#891);
#890 = CARTESIAN_POINT('',(0.,-0.));
#891 = VECTOR('',#892,1.);
#892 = DIRECTION('',(1.,-0.));
#893 = ( GEOMETRIC_REPRESENTATION_CONTEXT(2) 
PARAMETRIC_REPRESENTATION_CONTEXT() REPRESENTATION_CONTEXT('2D SPACE',''
  ) );
#894 = FACE_BOUND('',#895,.T.);
#895 = EDGE_LOOP('',(#896));
#896 = ORIENTED_EDGE('',*,*,#897,.F.);
#897 = EDGE_CURVE('',#898,#898,#900,.T.);
#898 = VERTEX_POINT('',#899);
#899 = CARTESIAN_POINT('',(0.7,2.54,7.2));
#900 = SURFACE_CURVE('',#901,(#906,#913),.PCURVE_S1.);
#901 = CIRCLE('',#902,0.7);
#902 = AXIS2_PLACEMENT_3D('',#903,#904,#905);
#903 = CARTESIAN_POINT('',(0.,2.54,7.2));
#904 = DIRECTION('',(0.,0.,1.));
#905 = DIRECTION('',(1.,0.,0.));
#906 = PCURVE('',#141,#907);
#907 = DEFINITIONAL_REPRESENTATION('',(#908),#912);
#908 = CIRCLE('',#909,0.7);
#909 = AXIS2_PLACEMENT_2D('',#910,#911);
#910 = CARTESIAN_POINT('',(64.5299995,4.32));
#911 = DIRECTION('',(1.,0.));
#912 = ( GEOMETRIC_REPRESENTATION_CONTEXT(2) 
PARAMETRIC_REPRESENTATION_CONTEXT() REPRESENTATION_CONTEXT('2D SPACE',''
  ) );
#913 = PCURVE('',#914,#919);
#914 = CONICAL_SURFACE('',#915,0.7,0.785398163397);
#915 = AXIS2_PLACEMENT_3D('',#916,#917,#918);
#916 = CARTESIAN_POINT('',(0.,2.54,7.2));
#917 = DIRECTION('',(0.,0.,1.));
#918 = DIRECTION('',(1.,0.,0.));
#919 = DEFINITIONAL_REPRESENTATION('',(#920),#924);
#920 = LINE('',#921,#922);
#921 = CARTESIAN_POINT('',(0.,-0.));
#922 = VECTOR('',#923,1.);
#923 = DIRECTION('',(1.,-0.));
#924 = ( GEOMETRIC_REPRESENTATION_CONTEXT(2) 
PARAMETRIC_REPRESENTATION_CONTEXT() REPRESENTATION_CONTEXT('2D SPACE',''
  ) );
#925 = FACE_BOUND('',#926,.T.);
#926 = EDGE_LOOP('',(#927));
#927 = ORIENTED_EDGE('',*,*,#928,.F.);
#928 = EDGE_CURVE('',#929,#929,#931,.T.);
#929 = VERTEX_POINT('',#930);
#930 = CARTESIAN_POINT('',(-19.62,0.,7.2));
#931 = SURFACE_CURVE('',#932,(#937,#944),.PCURVE_S1.);
#932 = CIRCLE('',#933,0.7);
#933 = AXIS2_PLACEMENT_3D('',#934,#935,#936);
#934 = CARTESIAN_POINT('',(-20.32,0.,7.2));
#935 = DIRECTION('',(0.,0.,1.));
#936 = DIRECTION('',(1.,0.,0.));
#937 = PCURVE('',#141,#938);
#938 = DEFINITIONAL_REPRESENTATION('',(#939),#943);
#939 = CIRCLE('',#940,0.7);
#940 = AXIS2_PLACEMENT_2D('',#941,#942);
#941 = CARTESIAN_POINT('',(44.2099995,1.78));
#942 = DIRECTION('',(1.,0.));
#943 = ( GEOMETRIC_REPRESENTATION_CONTEXT(2) 
PARAMETRIC_REPRESENTATION_CONTEXT() REPRESENTATION_CONTEXT('2D SPACE',''
  ) );
#944 = PCURVE('',#945,#950);
#945 = CONICAL_SURFACE('',#946,0.7,0.785398163397);
#946 = AXIS2_PLACEMENT_3D('',#947,#948,#949);
#947 = CARTESIAN_POINT('',(-20.32,0.,7.2));
#948 = DIRECTION('',(0.,0.,1.));
#949 = DIRECTION('',(1.,0.,0.));
#950 = DEFINITIONAL_REPRESENTATION('',(#951),#955);
#951 = LINE('',#952,#953);
#952 = CARTESIAN_POINT('',(0.,-0.));
#953 = VECTOR('',#954,1.);
#954 = DIRECTION('',(1.,-0.));
#955 = ( GEOMETRIC_REPRESENTATION_CONTEXT(2) 
PARAMETRIC_REPRESENTATION_CONTEXT() REPRESENTATION_CONTEXT('2D SPACE',''
  ) );
#956 = FACE_BOUND('',#957,.T.);
#957 = EDGE_LOOP('',(#958));
#958 = ORIENTED_EDGE('',*,*,#959,.F.);
#959 = EDGE_CURVE('',#960,#960,#962,.T.);
#960 = VERTEX_POINT('',#961);
#961 = CARTESIAN_POINT('',(-19.62,2.54,7.2));
#962 = SURFACE_CURVE('',#963,(#968,#975),.PCURVE_S1.);
#963 = CIRCLE('',#964,0.7);
#964 = AXIS2_PLACEMENT_3D('',#965,#966,#967);
#965 = CARTESIAN_POINT('',(-20.32,2.54,7.2));
#966 = DIRECTION('',(0.,0.,1.));
#967 = DIRECTION('',(1.,0.,0.));
#968 = PCURVE('',#141,#969);
#969 = DEFINITIONAL_REPRESENTATION('',(#970),#974);
#970 = CIRCLE('',#971,0.7);
#971 = AXIS2_PLACEMENT_2D('',#972,#973);
#972 = CARTESIAN_POINT('',(44.2099995,4.32));
#973 = DIRECTION('',(1.,0.));
#974 = ( GEOMETRIC_REPRESENTATION_CONTEXT(2) 
PARAMETRIC_REPRESENTATION_CONTEXT() REPRESENTATION_CONTEXT('2D SPACE',''
  ) );
#975 = PCURVE('',#976,#981);
#976 = CONICAL_SURFACE('',#977,0.7,0.785398163397);
#977 = AXIS2_PLACEMENT_3D('',#978,#979,#980);
#978 = CARTESIAN_POINT('',(-20.32,2.54,7.2));
#979 = DIRECTION('',(0.,0.,1.));
#980 = DIRECTION('',(1.,0.,0.));
#981 = DEFINITIONAL_REPRESENTATION('',(#982),#986);
#982 = LINE('',#983,#984);
#983 = CARTESIAN_POINT('',(0.,-0.));
#984 = VECTOR('',#985,1.);
#985 = DIRECTION('',(1.,-0.));
#986 = ( GEOMETRIC_REPRESENTATION_CONTEXT(2) 
PARAMETRIC_REPRESENTATION_CONTEXT() REPRESENTATION_CONTEXT('2D SPACE',''
  ) );
#987 = FACE_BOUND('',#988,.T.);
#988 = EDGE_LOOP('',(#989));
#989 = ORIENTED_EDGE('',*,*,#990,.F.);
#990 = EDGE_CURVE('',#991,#991,#993,.T.);
#991 = VERTEX_POINT('',#992);
#992 = CARTESIAN_POINT('',(-39.94,0.,7.2));
#993 = SURFACE_CURVE('',#994,(#999,#1006),.PCURVE_S1.);
#994 = CIRCLE('',#995,0.7);
#995 = AXIS2_PLACEMENT_3D('',#996,#997,#998);
#996 = CARTESIAN_POINT('',(-40.64,0.,7.2));
#997 = DIRECTION('',(0.,0.,1.));
#998 = DIRECTION('',(1.,0.,0.));
#999 = PCURVE('',#141,#1000);
#1000 = DEFINITIONAL_REPRESENTATION('',(#1001),#1005);
#1001 = CIRCLE('',#1002,0.7);
#1002 = AXIS2_PLACEMENT_2D('',#1003,#1004);
#1003 = CARTESIAN_POINT('',(23.8899995,1.78));
#1004 = DIRECTION('',(1.,0.));
#1005 = ( GEOMETRIC_REPRESENTATION_CONTEXT(2) 
PARAMETRIC_REPRESENTATION_CONTEXT() REPRESENTATION_CONTEXT('2D SPACE',''
  ) );
#1006 = PCURVE('',#1007,#1012);
#1007 = CONICAL_SURFACE('',#1008,0.7,0.785398163397);
#1008 = AXIS2_PLACEMENT_3D('',#1009,#1010,#1011);
#1009 = CARTESIAN_POINT('',(-40.64,0.,7.2));
#1010 = DIRECTION('',(0.,0.,1.));
#1011 = DIRECTION('',(1.,0.,0.));
#1012 = DEFINITIONAL_REPRESENTATION('',(#1013),#1017);
#1013 = LINE('',#1014,#1015);
#1014 = CARTESIAN_POINT('',(0.,-0.));
#1015 = VECTOR('',#1016,1.);
#1016 = DIRECTION('',(1.,-0.));
#1017 = ( GEOMETRIC_REPRESENTATION_CONTEXT(2) 
PARAMETRIC_REPRESENTATION_CONTEXT() REPRESENTATION_CONTEXT('2D SPACE',''
  ) );
#1018 = FACE_BOUND('',#1019,.T.);
#1019 = EDGE_LOOP('',(#1020));
#1020 = ORIENTED_EDGE('',*,*,#1021,.F.);
#1021 = EDGE_CURVE('',#1022,#1022,#1024,.T.);
#1022 = VERTEX_POINT('',#1023);
#1023 = CARTESIAN_POINT('',(-39.94,2.54,7.2));
#1024 = SURFACE_CURVE('',#1025,(#1030,#1037),.PCURVE_S1.);
#1025 = CIRCLE('',#1026,0.7);
#1026 = AXIS2_PLACEMENT_3D('',#1027,#1028,#1029);
#1027 = CARTESIAN_POINT('',(-40.64,2.54,7.2));
#1028 = DIRECTION('',(0.,0.,1.));
#1029 = DIRECTION('',(1.,0.,0.));
#1030 = PCURVE('',#141,#1031);
#1031 = DEFINITIONAL_REPRESENTATION('',(#1032),#1036);
#1032 = CIRCLE('',#1033,0.7);
#1033 = AXIS2_PLACEMENT_2D('',#1034,#1035);
#1034 = CARTESIAN_POINT('',(23.8899995,4.32));
#1035 = DIRECTION('',(1.,0.));
#1036 = ( GEOMETRIC_REPRESENTATION_CONTEXT(2) 
PARAMETRIC_REPRESENTATION_CONTEXT() REPRESENTATION_CONTEXT('2D SPACE',''
  ) );
#1037 = PCURVE('',#1038,#1043);
#1038 = CONICAL_SURFACE('',#1039,0.7,0.785398163397);
#1039 = AXIS2_PLACEMENT_3D('',#1040,#1041,#1042);
#1040 = CARTESIAN_POINT('',(-40.64,2.54,7.2));
#1041 = DIRECTION('',(0.,0.,1.));
#1042 = DIRECTION('',(1.,0.,0.));
#1043 = DEFINITIONAL_REPRESENTATION('',(#1044),#1048);
#1044 = LINE('',#1045,#1046);
#1045 = CARTESIAN_POINT('',(0.,-0.));
#1046 = VECTOR('',#1047,1.);
#1047 = DIRECTION('',(1.,-0.));
#1048 = ( GEOMETRIC_REPRESENTATION_CONTEXT(2) 
PARAMETRIC_REPRESENTATION_CONTEXT() REPRESENTATION_CONTEXT('2D SPACE',''
  ) );
#1049 = FACE_BOUND('',#1050,.T.);
#1050 = EDGE_LOOP('',(#1051));
#1051 = ORIENTED_EDGE('',*,*,#1052,.F.);
#1052 = EDGE_CURVE('',#1053,#1053,#1055,.T.);
#1053 = VERTEX_POINT('',#1054);
#1054 = CARTESIAN_POINT('',(-37.4,2.54,7.2));
#1055 = SURFACE_CURVE('',#1056,(#1061,#1068),.PCURVE_S1.);
#1056 = CIRCLE('',#1057,0.7);
#1057 = AXIS2_PLACEMENT_3D('',#1058,#1059,#1060);
#1058 = CARTESIAN_POINT('',(-38.1,2.54,7.2));
#1059 = DIRECTION('',(0.,0.,1.));
#1060 = DIRECTION('',(1.,0.,0.));
#1061 = PCURVE('',#141,#1062);
#1062 = DEFINITIONAL_REPRESENTATION('',(#1063),#1067);
#1063 = CIRCLE('',#1064,0.7);
#1064 = AXIS2_PLACEMENT_2D('',#1065,#1066);
#1065 = CARTESIAN_POINT('',(26.4299995,4.32));
#1066 = DIRECTION('',(1.,0.));
#1067 = ( GEOMETRIC_REPRESENTATION_CONTEXT(2) 
PARAMETRIC_REPRESENTATION_CONTEXT() REPRESENTATION_CONTEXT('2D SPACE',''
  ) );
#1068 = PCURVE('',#1069,#1074);
#1069 = CONICAL_SURFACE('',#1070,0.7,0.785398163397);
#1070 = AXIS2_PLACEMENT_3D('',#1071,#1072,#1073);
#1071 = CARTESIAN_POINT('',(-38.1,2.54,7.2));
#1072 = DIRECTION('',(0.,0.,1.));
#1073 = DIRECTION('',(1.,0.,0.));
#1074 = DEFINITIONAL_REPRESENTATION('',(#1075),#1079);
#1075 = LINE('',#1076,#1077);
#1076 = CARTESIAN_POINT('',(0.,-0.));
#1077 = VECTOR('',#1078,1.);
#1078 = DIRECTION('',(1.,-0.));
#1079 = ( GEOMETRIC_REPRESENTATION_CONTEXT(2) 
PARAMETRIC_REPRESENTATION_CONTEXT() REPRESENTATION_CONTEXT('2D SPACE',''
  ) );
#1080 = FACE_BOUND('',#1081,.T.);
#1081 = EDGE_LOOP('',(#1082));
#1082 = ORIENTED_EDGE('',*,*,#1083,.F.);
#1083 = EDGE_CURVE('',#1084,#1084,#1086,.T.);
#1084 = VERTEX_POINT('',#1085);
#1085 = CARTESIAN_POINT('',(-37.4,0.,7.2));
#1086 = SURFACE_CURVE('',#1087,(#1092,#1099),.PCURVE_S1.);
#1087 = CIRCLE('',#1088,0.7);
#1088 = AXIS2_PLACEMENT_3D('',#1089,#1090,#1091);
#1089 = CARTESIAN_POINT('',(-38.1,0.,7.2));
#1090 = DIRECTION('',(0.,0.,1.));
#1091 = DIRECTION('',(1.,0.,0.));
#1092 = PCURVE('',#141,#1093);
#1093 = DEFINITIONAL_REPRESENTATION('',(#1094),#1098);
#1094 = CIRCLE('',#1095,0.7);
#1095 = AXIS2_PLACEMENT_2D('',#1096,#1097);
#1096 = CARTESIAN_POINT('',(26.4299995,1.78));
#1097 = DIRECTION('',(1.,0.));
#1098 = ( GEOMETRIC_REPRESENTATION_CONTEXT(2) 
PARAMETRIC_REPRESENTATION_CONTEXT() REPRESENTATION_CONTEXT('2D SPACE',''
  ) );
#1099 = PCURVE('',#1100,#1105);
#1100 = CONICAL_SURFACE('',#1101,0.7,0.785398163397);
#1101 = AXIS2_PLACEMENT_3D('',#1102,#1103,#1104);
#1102 = CARTESIAN_POINT('',(-38.1,0.,7.2));
#1103 = DIRECTION('',(0.,0.,1.));
#1104 = DIRECTION('',(1.,0.,0.));
#1105 = DEFINITIONAL_REPRESENTATION('',(#1106),#1110);
#1106 = LINE('',#1107,#1108);
#1107 = CARTESIAN_POINT('',(0.,-0.));
#1108 = VECTOR('',#1109,1.);
#1109 = DIRECTION('',(1.,-0.));
#1110 = ( GEOMETRIC_REPRESENTATION_CONTEXT(2) 
PARAMETRIC_REPRESENTATION_CONTEXT() REPRESENTATION_CONTEXT('2D SPACE',''
  ) );
#1111 = FACE_BOUND('',#1112,.T.);
#1112 = EDGE_LOOP('',(#1113));
#1113 = ORIENTED_EDGE('',*,*,#1114,.F.);
#1114 = EDGE_CURVE('',#1115,#1115,#1117,.T.);
#1115 = VERTEX_POINT('',#1116);
#1116 = CARTESIAN_POINT('',(-34.86,0.,7.2));
#1117 = SURFACE_CURVE('',#1118,(#1123,#1130),.PCURVE_S1.);
#1118 = CIRCLE('',#1119,0.7);
#1119 = AXIS2_PLACEMENT_3D('',#1120,#1121,#1122);
#1120 = CARTESIAN_POINT('',(-35.56,0.,7.2));
#1121 = DIRECTION('',(0.,0.,1.));
#1122 = DIRECTION('',(1.,0.,0.));
#1123 = PCURVE('',#141,#1124);
#1124 = DEFINITIONAL_REPRESENTATION('',(#1125),#1129);
#1125 = CIRCLE('',#1126,0.7);
#1126 = AXIS2_PLACEMENT_2D('',#1127,#1128);
#1127 = CARTESIAN_POINT('',(28.9699995,1.78));
#1128 = DIRECTION('',(1.,0.));
#1129 = ( GEOMETRIC_REPRESENTATION_CONTEXT(2) 
PARAMETRIC_REPRESENTATION_CONTEXT() REPRESENTATION_CONTEXT('2D SPACE',''
  ) );
#1130 = PCURVE('',#1131,#1136);
#1131 = CONICAL_SURFACE('',#1132,0.7,0.785398163397);
#1132 = AXIS2_PLACEMENT_3D('',#1133,#1134,#1135);
#1133 = CARTESIAN_POINT('',(-35.56,0.,7.2));
#1134 = DIRECTION('',(0.,0.,1.));
#1135 = DIRECTION('',(1.,0.,0.));
#1136 = DEFINITIONAL_REPRESENTATION('',(#1137),#1141);
#1137 = LINE('',#1138,#1139);
#1138 = CARTESIAN_POINT('',(0.,-0.));
#1139 = VECTOR('',#1140,1.);
#1140 = DIRECTION('',(1.,-0.));
#1141 = ( GEOMETRIC_REPRESENTATION_CONTEXT(2) 
PARAMETRIC_REPRESENTATION_CONTEXT() REPRESENTATION_CONTEXT('2D SPACE',''
  ) );
#1142 = FACE_BOUND('',#1143,.T.);
#1143 = EDGE_LOOP('',(#1144));
#1144 = ORIENTED_EDGE('',*,*,#1145,.F.);
#1145 = EDGE_CURVE('',#1146,#1146,#1148,.T.);
#1146 = VERTEX_POINT('',#1147);
#1147 = CARTESIAN_POINT('',(-34.86,2.54,7.2));
#1148 = SURFACE_CURVE('',#1149,(#1154,#1161),.PCURVE_S1.);
#1149 = CIRCLE('',#1150,0.7);
#1150 = AXIS2_PLACEMENT_3D('',#1151,#1152,#1153);
#1151 = CARTESIAN_POINT('',(-35.56,2.54,7.2));
#1152 = DIRECTION('',(0.,0.,1.));
#1153 = DIRECTION('',(1.,0.,0.));
#1154 = PCURVE('',#141,#1155);
#1155 = DEFINITIONAL_REPRESENTATION('',(#1156),#1160);
#1156 = CIRCLE('',#1157,0.7);
#1157 = AXIS2_PLACEMENT_2D('',#1158,#1159);
#1158 = CARTESIAN_POINT('',(28.9699995,4.32));
#1159 = DIRECTION('',(1.,0.));
#1160 = ( GEOMETRIC_REPRESENTATION_CONTEXT(2) 
PARAMETRIC_REPRESENTATION_CONTEXT() REPRESENTATION_CONTEXT('2D SPACE',''
  ) );
#1161 = PCURVE('',#1162,#1167);
#1162 = CONICAL_SURFACE('',#1163,0.7,0.785398163397);
#1163 = AXIS2_PLACEMENT_3D('',#1164,#1165,#1166);
#1164 = CARTESIAN_POINT('',(-35.56,2.54,7.2));
#1165 = DIRECTION('',(0.,0.,1.));
#1166 = DIRECTION('',(1.,0.,0.));
#1167 = DEFINITIONAL_REPRESENTATION('',(#1168),#1172);
#1168 = LINE('',#1169,#1170);
#1169 = CARTESIAN_POINT('',(0.,-0.));
#1170 = VECTOR('',#1171,1.);
#1171 = DIRECTION('',(1.,-0.));
#1172 = ( GEOMETRIC_REPRESENTATION_CONTEXT(2) 
PARAMETRIC_REPRESENTATION_CONTEXT() REPRESENTATION_CONTEXT('2D SPACE',''
  ) );
#1173 = FACE_BOUND('',#1174,.T.);
#1174 = EDGE_LOOP('',(#1175));
#1175 = ORIENTED_EDGE('',*,*,#1176,.F.);
#1176 = EDGE_CURVE('',#1177,#1177,#1179,.T.);
#1177 = VERTEX_POINT('',#1178);
#1178 = CARTESIAN_POINT('',(-24.7,0.,7.2));
#1179 = SURFACE_CURVE('',#1180,(#1185,#1192),.PCURVE_S1.);
#1180 = CIRCLE('',#1181,0.7);
#1181 = AXIS2_PLACEMENT_3D('',#1182,#1183,#1184);
#1182 = CARTESIAN_POINT('',(-25.4,0.,7.2));
#1183 = DIRECTION('',(0.,0.,1.));
#1184 = DIRECTION('',(1.,0.,0.));
#1185 = PCURVE('',#141,#1186);
#1186 = DEFINITIONAL_REPRESENTATION('',(#1187),#1191);
#1187 = CIRCLE('',#1188,0.7);
#1188 = AXIS2_PLACEMENT_2D('',#1189,#1190);
#1189 = CARTESIAN_POINT('',(39.1299995,1.78));
#1190 = DIRECTION('',(1.,0.));
#1191 = ( GEOMETRIC_REPRESENTATION_CONTEXT(2) 
PARAMETRIC_REPRESENTATION_CONTEXT() REPRESENTATION_CONTEXT('2D SPACE',''
  ) );
#1192 = PCURVE('',#1193,#1198);
#1193 = CONICAL_SURFACE('',#1194,0.7,0.785398163397);
#1194 = AXIS2_PLACEMENT_3D('',#1195,#1196,#1197);
#1195 = CARTESIAN_POINT('',(-25.4,0.,7.2));
#1196 = DIRECTION('',(0.,0.,1.));
#1197 = DIRECTION('',(1.,0.,0.));
#1198 = DEFINITIONAL_REPRESENTATION('',(#1199),#1203);
#1199 = LINE('',#1200,#1201);
#1200 = CARTESIAN_POINT('',(0.,-0.));
#1201 = VECTOR('',#1202,1.);
#1202 = DIRECTION('',(1.,-0.));
#1203 = ( GEOMETRIC_REPRESENTATION_CONTEXT(2) 
PARAMETRIC_REPRESENTATION_CONTEXT() REPRESENTATION_CONTEXT('2D SPACE',''
  ) );
#1204 = FACE_BOUND('',#1205,.T.);
#1205 = EDGE_LOOP('',(#1206));
#1206 = ORIENTED_EDGE('',*,*,#1207,.F.);
#1207 = EDGE_CURVE('',#1208,#1208,#1210,.T.);
#1208 = VERTEX_POINT('',#1209);
#1209 = CARTESIAN_POINT('',(-27.24,0.,7.2));
#1210 = SURFACE_CURVE('',#1211,(#1216,#1223),.PCURVE_S1.);
#1211 = CIRCLE('',#1212,0.7);
#1212 = AXIS2_PLACEMENT_3D('',#1213,#1214,#1215);
#1213 = CARTESIAN_POINT('',(-27.94,0.,7.2));
#1214 = DIRECTION('',(0.,0.,1.));
#1215 = DIRECTION('',(1.,0.,0.));
#1216 = PCURVE('',#141,#1217);
#1217 = DEFINITIONAL_REPRESENTATION('',(#1218),#1222);
#1218 = CIRCLE('',#1219,0.7);
#1219 = AXIS2_PLACEMENT_2D('',#1220,#1221);
#1220 = CARTESIAN_POINT('',(36.5899995,1.78));
#1221 = DIRECTION('',(1.,0.));
#1222 = ( GEOMETRIC_REPRESENTATION_CONTEXT(2) 
PARAMETRIC_REPRESENTATION_CONTEXT() REPRESENTATION_CONTEXT('2D SPACE',''
  ) );
#1223 = PCURVE('',#1224,#1229);
#1224 = CONICAL_SURFACE('',#1225,0.7,0.785398163397);
#1225 = AXIS2_PLACEMENT_3D('',#1226,#1227,#1228);
#1226 = CARTESIAN_POINT('',(-27.94,0.,7.2));
#1227 = DIRECTION('',(0.,0.,1.));
#1228 = DIRECTION('',(1.,0.,0.));
#1229 = DEFINITIONAL_REPRESENTATION('',(#1230),#1234);
#1230 = LINE('',#1231,#1232);
#1231 = CARTESIAN_POINT('',(0.,-0.));
#1232 = VECTOR('',#1233,1.);
#1233 = DIRECTION('',(1.,-0.));
#1234 = ( GEOMETRIC_REPRESENTATION_CONTEXT(2) 
PARAMETRIC_REPRESENTATION_CONTEXT() REPRESENTATION_CONTEXT('2D SPACE',''
  ) );
#1235 = FACE_BOUND('',#1236,.T.);
#1236 = EDGE_LOOP('',(#1237));
#1237 = ORIENTED_EDGE('',*,*,#1238,.F.);
#1238 = EDGE_CURVE('',#1239,#1239,#1241,.T.);
#1239 = VERTEX_POINT('',#1240);
#1240 = CARTESIAN_POINT('',(-27.24,2.54,7.2));
#1241 = SURFACE_CURVE('',#1242,(#1247,#1254),.PCURVE_S1.);
#1242 = CIRCLE('',#1243,0.7);
#1243 = AXIS2_PLACEMENT_3D('',#1244,#1245,#1246);
#1244 = CARTESIAN_POINT('',(-27.94,2.54,7.2));
#1245 = DIRECTION('',(0.,0.,1.));
#1246 = DIRECTION('',(1.,0.,0.));
#1247 = PCURVE('',#141,#1248);
#1248 = DEFINITIONAL_REPRESENTATION('',(#1249),#1253);
#1249 = CIRCLE('',#1250,0.7);
#1250 = AXIS2_PLACEMENT_2D('',#1251,#1252);
#1251 = CARTESIAN_POINT('',(36.5899995,4.32));
#1252 = DIRECTION('',(1.,0.));
#1253 = ( GEOMETRIC_REPRESENTATION_CONTEXT(2) 
PARAMETRIC_REPRESENTATION_CONTEXT() REPRESENTATION_CONTEXT('2D SPACE',''
  ) );
#1254 = PCURVE('',#1255,#1260);
#1255 = CONICAL_SURFACE('',#1256,0.7,0.785398163397);
#1256 = AXIS2_PLACEMENT_3D('',#1257,#1258,#1259);
#1257 = CARTESIAN_POINT('',(-27.94,2.54,7.2));
#1258 = DIRECTION('',(0.,0.,1.));
#1259 = DIRECTION('',(1.,0.,0.));
#1260 = DEFINITIONAL_REPRESENTATION('',(#1261),#1265);
#1261 = LINE('',#1262,#1263);
#1262 = CARTESIAN_POINT('',(0.,-0.));
#1263 = VECTOR('',#1264,1.);
#1264 = DIRECTION('',(1.,-0.));
#1265 = ( GEOMETRIC_REPRESENTATION_CONTEXT(2) 
PARAMETRIC_REPRESENTATION_CONTEXT() REPRESENTATION_CONTEXT('2D SPACE',''
  ) );
#1266 = FACE_BOUND('',#1267,.T.);
#1267 = EDGE_LOOP('',(#1268));
#1268 = ORIENTED_EDGE('',*,*,#1269,.F.);
#1269 = EDGE_CURVE('',#1270,#1270,#1272,.T.);
#1270 = VERTEX_POINT('',#1271);
#1271 = CARTESIAN_POINT('',(-24.7,2.54,7.2));
#1272 = SURFACE_CURVE('',#1273,(#1278,#1285),.PCURVE_S1.);
#1273 = CIRCLE('',#1274,0.7);
#1274 = AXIS2_PLACEMENT_3D('',#1275,#1276,#1277);
#1275 = CARTESIAN_POINT('',(-25.4,2.54,7.2));
#1276 = DIRECTION('',(0.,0.,1.));
#1277 = DIRECTION('',(1.,0.,0.));
#1278 = PCURVE('',#141,#1279);
#1279 = DEFINITIONAL_REPRESENTATION('',(#1280),#1284);
#1280 = CIRCLE('',#1281,0.7);
#1281 = AXIS2_PLACEMENT_2D('',#1282,#1283);
#1282 = CARTESIAN_POINT('',(39.1299995,4.32));
#1283 = DIRECTION('',(1.,0.));
#1284 = ( GEOMETRIC_REPRESENTATION_CONTEXT(2) 
PARAMETRIC_REPRESENTATION_CONTEXT() REPRESENTATION_CONTEXT('2D SPACE',''
  ) );
#1285 = PCURVE('',#1286,#1291);
#1286 = CONICAL_SURFACE('',#1287,0.7,0.785398163397);
#1287 = AXIS2_PLACEMENT_3D('',#1288,#1289,#1290);
#1288 = CARTESIAN_POINT('',(-25.4,2.54,7.2));
#1289 = DIRECTION('',(0.,0.,1.));
#1290 = DIRECTION('',(1.,0.,0.));
#1291 = DEFINITIONAL_REPRESENTATION('',(#1292),#1296);
#1292 = LINE('',#1293,#1294);
#1293 = CARTESIAN_POINT('',(0.,-0.));
#1294 = VECTOR('',#1295,1.);
#1295 = DIRECTION('',(1.,-0.));
#1296 = ( GEOMETRIC_REPRESENTATION_CONTEXT(2) 
PARAMETRIC_REPRESENTATION_CONTEXT() REPRESENTATION_CONTEXT('2D SPACE',''
  ) );
#1297 = FACE_BOUND('',#1298,.T.);
#1298 = EDGE_LOOP('',(#1299));
#1299 = ORIENTED_EDGE('',*,*,#1300,.F.);
#1300 = EDGE_CURVE('',#1301,#1301,#1303,.T.);
#1301 = VERTEX_POINT('',#1302);
#1302 = CARTESIAN_POINT('',(-32.32,2.54,7.2));
#1303 = SURFACE_CURVE('',#1304,(#1309,#1316),.PCURVE_S1.);
#1304 = CIRCLE('',#1305,0.7);
#1305 = AXIS2_PLACEMENT_3D('',#1306,#1307,#1308);
#1306 = CARTESIAN_POINT('',(-33.02,2.54,7.2));
#1307 = DIRECTION('',(0.,0.,1.));
#1308 = DIRECTION('',(1.,0.,0.));
#1309 = PCURVE('',#141,#1310);
#1310 = DEFINITIONAL_REPRESENTATION('',(#1311),#1315);
#1311 = CIRCLE('',#1312,0.7);
#1312 = AXIS2_PLACEMENT_2D('',#1313,#1314);
#1313 = CARTESIAN_POINT('',(31.5099995,4.32));
#1314 = DIRECTION('',(1.,0.));
#1315 = ( GEOMETRIC_REPRESENTATION_CONTEXT(2) 
PARAMETRIC_REPRESENTATION_CONTEXT() REPRESENTATION_CONTEXT('2D SPACE',''
  ) );
#1316 = PCURVE('',#1317,#1322);
#1317 = CONICAL_SURFACE('',#1318,0.7,0.785398163397);
#1318 = AXIS2_PLACEMENT_3D('',#1319,#1320,#1321);
#1319 = CARTESIAN_POINT('',(-33.02,2.54,7.2));
#1320 = DIRECTION('',(0.,0.,1.));
#1321 = DIRECTION('',(1.,0.,0.));
#1322 = DEFINITIONAL_REPRESENTATION('',(#1323),#1327);
#1323 = LINE('',#1324,#1325);
#1324 = CARTESIAN_POINT('',(0.,-0.));
#1325 = VECTOR('',#1326,1.);
#1326 = DIRECTION('',(1.,-0.));
#1327 = ( GEOMETRIC_REPRESENTATION_CONTEXT(2) 
PARAMETRIC_REPRESENTATION_CONTEXT() REPRESENTATION_CONTEXT('2D SPACE',''
  ) );
#1328 = FACE_BOUND('',#1329,.T.);
#1329 = EDGE_LOOP('',(#1330));
#1330 = ORIENTED_EDGE('',*,*,#1331,.F.);
#1331 = EDGE_CURVE('',#1332,#1332,#1334,.T.);
#1332 = VERTEX_POINT('',#1333);
#1333 = CARTESIAN_POINT('',(-29.78,2.54,7.2));
#1334 = SURFACE_CURVE('',#1335,(#1340,#1347),.PCURVE_S1.);
#1335 = CIRCLE('',#1336,0.7);
#1336 = AXIS2_PLACEMENT_3D('',#1337,#1338,#1339);
#1337 = CARTESIAN_POINT('',(-30.48,2.54,7.2));
#1338 = DIRECTION('',(0.,0.,1.));
#1339 = DIRECTION('',(1.,0.,0.));
#1340 = PCURVE('',#141,#1341);
#1341 = DEFINITIONAL_REPRESENTATION('',(#1342),#1346);
#1342 = CIRCLE('',#1343,0.7);
#1343 = AXIS2_PLACEMENT_2D('',#1344,#1345);
#1344 = CARTESIAN_POINT('',(34.0499995,4.32));
#1345 = DIRECTION('',(1.,0.));
#1346 = ( GEOMETRIC_REPRESENTATION_CONTEXT(2) 
PARAMETRIC_REPRESENTATION_CONTEXT() REPRESENTATION_CONTEXT('2D SPACE',''
  ) );
#1347 = PCURVE('',#1348,#1353);
#1348 = CONICAL_SURFACE('',#1349,0.7,0.785398163397);
#1349 = AXIS2_PLACEMENT_3D('',#1350,#1351,#1352);
#1350 = CARTESIAN_POINT('',(-30.48,2.54,7.2));
#1351 = DIRECTION('',(0.,0.,1.));
#1352 = DIRECTION('',(1.,0.,0.));
#1353 = DEFINITIONAL_REPRESENTATION('',(#1354),#1358);
#1354 = LINE('',#1355,#1356);
#1355 = CARTESIAN_POINT('',(0.,-0.));
#1356 = VECTOR('',#1357,1.);
#1357 = DIRECTION('',(1.,-0.));
#1358 = ( GEOMETRIC_REPRESENTATION_CONTEXT(2) 
PARAMETRIC_REPRESENTATION_CONTEXT() REPRESENTATION_CONTEXT('2D SPACE',''
  ) );
#1359 = FACE_BOUND('',#1360,.T.);
#1360 = EDGE_LOOP('',(#1361));
#1361 = ORIENTED_EDGE('',*,*,#1362,.F.);
#1362 = EDGE_CURVE('',#1363,#1363,#1365,.T.);
#1363 = VERTEX_POINT('',#1364);
#1364 = CARTESIAN_POINT('',(-29.78,0.,7.2));
#1365 = SURFACE_CURVE('',#1366,(#1371,#1378),.PCURVE_S1.);
#1366 = CIRCLE('',#1367,0.7);
#1367 = AXIS2_PLACEMENT_3D('',#1368,#1369,#1370);
#1368 = CARTESIAN_POINT('',(-30.48,0.,7.2));
#1369 = DIRECTION('',(0.,0.,1.));
#1370 = DIRECTION('',(1.,0.,0.));
#1371 = PCURVE('',#141,#1372);
#1372 = DEFINITIONAL_REPRESENTATION('',(#1373),#1377);
#1373 = CIRCLE('',#1374,0.7);
#1374 = AXIS2_PLACEMENT_2D('',#1375,#1376);
#1375 = CARTESIAN_POINT('',(34.0499995,1.78));
#1376 = DIRECTION('',(1.,0.));
#1377 = ( GEOMETRIC_REPRESENTATION_CONTEXT(2) 
PARAMETRIC_REPRESENTATION_CONTEXT() REPRESENTATION_CONTEXT('2D SPACE',''
  ) );
#1378 = PCURVE('',#1379,#1384);
#1379 = CONICAL_SURFACE('',#1380,0.7,0.785398163397);
#1380 = AXIS2_PLACEMENT_3D('',#1381,#1382,#1383);
#1381 = CARTESIAN_POINT('',(-30.48,0.,7.2));
#1382 = DIRECTION('',(0.,0.,1.));
#1383 = DIRECTION('',(1.,0.,0.));
#1384 = DEFINITIONAL_REPRESENTATION('',(#1385),#1389);
#1385 = LINE('',#1386,#1387);
#1386 = CARTESIAN_POINT('',(0.,-0.));
#1387 = VECTOR('',#1388,1.);
#1388 = DIRECTION('',(1.,-0.));
#1389 = ( GEOMETRIC_REPRESENTATION_CONTEXT(2) 
PARAMETRIC_REPRESENTATION_CONTEXT() REPRESENTATION_CONTEXT('2D SPACE',''
  ) );
#1390 = FACE_BOUND('',#1391,.T.);
#1391 = EDGE_LOOP('',(#1392));
#1392 = ORIENTED_EDGE('',*,*,#1393,.F.);
#1393 = EDGE_CURVE('',#1394,#1394,#1396,.T.);
#1394 = VERTEX_POINT('',#1395);
#1395 = CARTESIAN_POINT('',(-32.32,0.,7.2));
#1396 = SURFACE_CURVE('',#1397,(#1402,#1409),.PCURVE_S1.);
#1397 = CIRCLE('',#1398,0.7);
#1398 = AXIS2_PLACEMENT_3D('',#1399,#1400,#1401);
#1399 = CARTESIAN_POINT('',(-33.02,0.,7.2));
#1400 = DIRECTION('',(0.,0.,1.));
#1401 = DIRECTION('',(1.,0.,0.));
#1402 = PCURVE('',#141,#1403);
#1403 = DEFINITIONAL_REPRESENTATION('',(#1404),#1408);
#1404 = CIRCLE('',#1405,0.7);
#1405 = AXIS2_PLACEMENT_2D('',#1406,#1407);
#1406 = CARTESIAN_POINT('',(31.5099995,1.78));
#1407 = DIRECTION('',(1.,0.));
#1408 = ( GEOMETRIC_REPRESENTATION_CONTEXT(2) 
PARAMETRIC_REPRESENTATION_CONTEXT() REPRESENTATION_CONTEXT('2D SPACE',''
  ) );
#1409 = PCURVE('',#1410,#1415);
#1410 = CONICAL_SURFACE('',#1411,0.7,0.785398163397);
#1411 = AXIS2_PLACEMENT_3D('',#1412,#1413,#1414);
#1412 = CARTESIAN_POINT('',(-33.02,0.,7.2));
#1413 = DIRECTION('',(0.,0.,1.));
#1414 = DIRECTION('',(1.,0.,0.));
#1415 = DEFINITIONAL_REPRESENTATION('',(#1416),#1420);
#1416 = LINE('',#1417,#1418);
#1417 = CARTESIAN_POINT('',(0.,-0.));
#1418 = VECTOR('',#1419,1.);
#1419 = DIRECTION('',(1.,-0.));
#1420 = ( GEOMETRIC_REPRESENTATION_CONTEXT(2) 
PARAMETRIC_REPRESENTATION_CONTEXT() REPRESENTATION_CONTEXT('2D SPACE',''
  ) );
#1421 = FACE_BOUND('',#1422,.T.);
#1422 = EDGE_LOOP('',(#1423));
#1423 = ORIENTED_EDGE('',*,*,#1424,.F.);
#1424 = EDGE_CURVE('',#1425,#1425,#1427,.T.);
#1425 = VERTEX_POINT('',#1426);
#1426 = CARTESIAN_POINT('',(-22.16,0.,7.2));
#1427 = SURFACE_CURVE('',#1428,(#1433,#1440),.PCURVE_S1.);
#1428 = CIRCLE('',#1429,0.7);
#1429 = AXIS2_PLACEMENT_3D('',#1430,#1431,#1432);
#1430 = CARTESIAN_POINT('',(-22.86,0.,7.2));
#1431 = DIRECTION('',(0.,0.,1.));
#1432 = DIRECTION('',(1.,0.,0.));
#1433 = PCURVE('',#141,#1434);
#1434 = DEFINITIONAL_REPRESENTATION('',(#1435),#1439);
#1435 = CIRCLE('',#1436,0.7);
#1436 = AXIS2_PLACEMENT_2D('',#1437,#1438);
#1437 = CARTESIAN_POINT('',(41.6699995,1.78));
#1438 = DIRECTION('',(1.,0.));
#1439 = ( GEOMETRIC_REPRESENTATION_CONTEXT(2) 
PARAMETRIC_REPRESENTATION_CONTEXT() REPRESENTATION_CONTEXT('2D SPACE',''
  ) );
#1440 = PCURVE('',#1441,#1446);
#1441 = CONICAL_SURFACE('',#1442,0.7,0.785398163397);
#1442 = AXIS2_PLACEMENT_3D('',#1443,#1444,#1445);
#1443 = CARTESIAN_POINT('',(-22.86,0.,7.2));
#1444 = DIRECTION('',(0.,0.,1.));
#1445 = DIRECTION('',(1.,0.,0.));
#1446 = DEFINITIONAL_REPRESENTATION('',(#1447),#1451);
#1447 = LINE('',#1448,#1449);
#1448 = CARTESIAN_POINT('',(0.,-0.));
#1449 = VECTOR('',#1450,1.);
#1450 = DIRECTION('',(1.,-0.));
#1451 = ( GEOMETRIC_REPRESENTATION_CONTEXT(2) 
PARAMETRIC_REPRESENTATION_CONTEXT() REPRESENTATION_CONTEXT('2D SPACE',''
  ) );
#1452 = FACE_BOUND('',#1453,.T.);
#1453 = EDGE_LOOP('',(#1454));
#1454 = ORIENTED_EDGE('',*,*,#1455,.F.);
#1455 = EDGE_CURVE('',#1456,#1456,#1458,.T.);
#1456 = VERTEX_POINT('',#1457);
#1457 = CARTESIAN_POINT('',(-22.16,2.54,7.2));
#1458 = SURFACE_CURVE('',#1459,(#1464,#1471),.PCURVE_S1.);
#1459 = CIRCLE('',#1460,0.7);
#1460 = AXIS2_PLACEMENT_3D('',#1461,#1462,#1463);
#1461 = CARTESIAN_POINT('',(-22.86,2.54,7.2));
#1462 = DIRECTION('',(0.,0.,1.));
#1463 = DIRECTION('',(1.,0.,0.));
#1464 = PCURVE('',#141,#1465);
#1465 = DEFINITIONAL_REPRESENTATION('',(#1466),#1470);
#1466 = CIRCLE('',#1467,0.7);
#1467 = AXIS2_PLACEMENT_2D('',#1468,#1469);
#1468 = CARTESIAN_POINT('',(41.6699995,4.32));
#1469 = DIRECTION('',(1.,0.));
#1470 = ( GEOMETRIC_REPRESENTATION_CONTEXT(2) 
PARAMETRIC_REPRESENTATION_CONTEXT() REPRESENTATION_CONTEXT('2D SPACE',''
  ) );
#1471 = PCURVE('',#1472,#1477);
#1472 = CONICAL_SURFACE('',#1473,0.7,0.785398163397);
#1473 = AXIS2_PLACEMENT_3D('',#1474,#1475,#1476);
#1474 = CARTESIAN_POINT('',(-22.86,2.54,7.2));
#1475 = DIRECTION('',(0.,0.,1.));
#1476 = DIRECTION('',(1.,0.,0.));
#1477 = DEFINITIONAL_REPRESENTATION('',(#1478),#1482);
#1478 = LINE('',#1479,#1480);
#1479 = CARTESIAN_POINT('',(0.,-0.));
#1480 = VECTOR('',#1481,1.);
#1481 = DIRECTION('',(1.,-0.));
#1482 = ( GEOMETRIC_REPRESENTATION_CONTEXT(2) 
PARAMETRIC_REPRESENTATION_CONTEXT() REPRESENTATION_CONTEXT('2D SPACE',''
  ) );
#1483 = FACE_BOUND('',#1484,.T.);
#1484 = EDGE_LOOP('',(#1485));
#1485 = ORIENTED_EDGE('',*,*,#1486,.F.);
#1486 = EDGE_CURVE('',#1487,#1487,#1489,.T.);
#1487 = VERTEX_POINT('',#1488);
#1488 = CARTESIAN_POINT('',(-57.72,0.,7.2));
#1489 = SURFACE_CURVE('',#1490,(#1495,#1502),.PCURVE_S1.);
#1490 = CIRCLE('',#1491,0.7);
#1491 = AXIS2_PLACEMENT_3D('',#1492,#1493,#1494);
#1492 = CARTESIAN_POINT('',(-58.42,0.,7.2));
#1493 = DIRECTION('',(0.,0.,1.));
#1494 = DIRECTION('',(1.,0.,0.));
#1495 = PCURVE('',#141,#1496);
#1496 = DEFINITIONAL_REPRESENTATION('',(#1497),#1501);
#1497 = CIRCLE('',#1498,0.7);
#1498 = AXIS2_PLACEMENT_2D('',#1499,#1500);
#1499 = CARTESIAN_POINT('',(6.1099995,1.78));
#1500 = DIRECTION('',(1.,0.));
#1501 = ( GEOMETRIC_REPRESENTATION_CONTEXT(2) 
PARAMETRIC_REPRESENTATION_CONTEXT() REPRESENTATION_CONTEXT('2D SPACE',''
  ) );
#1502 = PCURVE('',#1503,#1508);
#1503 = CONICAL_SURFACE('',#1504,0.7,0.785398163397);
#1504 = AXIS2_PLACEMENT_3D('',#1505,#1506,#1507);
#1505 = CARTESIAN_POINT('',(-58.42,0.,7.2));
#1506 = DIRECTION('',(0.,0.,1.));
#1507 = DIRECTION('',(1.,0.,0.));
#1508 = DEFINITIONAL_REPRESENTATION('',(#1509),#1513);
#1509 = LINE('',#1510,#1511);
#1510 = CARTESIAN_POINT('',(0.,-0.));
#1511 = VECTOR('',#1512,1.);
#1512 = DIRECTION('',(1.,-0.));
#1513 = ( GEOMETRIC_REPRESENTATION_CONTEXT(2) 
PARAMETRIC_REPRESENTATION_CONTEXT() REPRESENTATION_CONTEXT('2D SPACE',''
  ) );
#1514 = FACE_BOUND('',#1515,.T.);
#1515 = EDGE_LOOP('',(#1516));
#1516 = ORIENTED_EDGE('',*,*,#1517,.F.);
#1517 = EDGE_CURVE('',#1518,#1518,#1520,.T.);
#1518 = VERTEX_POINT('',#1519);
#1519 = CARTESIAN_POINT('',(-55.18,0.,7.2));
#1520 = SURFACE_CURVE('',#1521,(#1526,#1533),.PCURVE_S1.);
#1521 = CIRCLE('',#1522,0.7);
#1522 = AXIS2_PLACEMENT_3D('',#1523,#1524,#1525);
#1523 = CARTESIAN_POINT('',(-55.88,0.,7.2));
#1524 = DIRECTION('',(0.,0.,1.));
#1525 = DIRECTION('',(1.,0.,0.));
#1526 = PCURVE('',#141,#1527);
#1527 = DEFINITIONAL_REPRESENTATION('',(#1528),#1532);
#1528 = CIRCLE('',#1529,0.7);
#1529 = AXIS2_PLACEMENT_2D('',#1530,#1531);
#1530 = CARTESIAN_POINT('',(8.6499995,1.78));
#1531 = DIRECTION('',(1.,0.));
#1532 = ( GEOMETRIC_REPRESENTATION_CONTEXT(2) 
PARAMETRIC_REPRESENTATION_CONTEXT() REPRESENTATION_CONTEXT('2D SPACE',''
  ) );
#1533 = PCURVE('',#1534,#1539);
#1534 = CONICAL_SURFACE('',#1535,0.7,0.785398163397);
#1535 = AXIS2_PLACEMENT_3D('',#1536,#1537,#1538);
#1536 = CARTESIAN_POINT('',(-55.88,0.,7.2));
#1537 = DIRECTION('',(0.,0.,1.));
#1538 = DIRECTION('',(1.,0.,0.));
#1539 = DEFINITIONAL_REPRESENTATION('',(#1540),#1544);
#1540 = LINE('',#1541,#1542);
#1541 = CARTESIAN_POINT('',(0.,-0.));
#1542 = VECTOR('',#1543,1.);
#1543 = DIRECTION('',(1.,-0.));
#1544 = ( GEOMETRIC_REPRESENTATION_CONTEXT(2) 
PARAMETRIC_REPRESENTATION_CONTEXT() REPRESENTATION_CONTEXT('2D SPACE',''
  ) );
#1545 = FACE_BOUND('',#1546,.T.);
#1546 = EDGE_LOOP('',(#1547));
#1547 = ORIENTED_EDGE('',*,*,#1548,.F.);
#1548 = EDGE_CURVE('',#1549,#1549,#1551,.T.);
#1549 = VERTEX_POINT('',#1550);
#1550 = CARTESIAN_POINT('',(-55.18,2.54,7.2));
#1551 = SURFACE_CURVE('',#1552,(#1557,#1564),.PCURVE_S1.);
#1552 = CIRCLE('',#1553,0.7);
#1553 = AXIS2_PLACEMENT_3D('',#1554,#1555,#1556);
#1554 = CARTESIAN_POINT('',(-55.88,2.54,7.2));
#1555 = DIRECTION('',(0.,0.,1.));
#1556 = DIRECTION('',(1.,0.,0.));
#1557 = PCURVE('',#141,#1558);
#1558 = DEFINITIONAL_REPRESENTATION('',(#1559),#1563);
#1559 = CIRCLE('',#1560,0.7);
#1560 = AXIS2_PLACEMENT_2D('',#1561,#1562);
#1561 = CARTESIAN_POINT('',(8.6499995,4.32));
#1562 = DIRECTION('',(1.,0.));
#1563 = ( GEOMETRIC_REPRESENTATION_CONTEXT(2) 
PARAMETRIC_REPRESENTATION_CONTEXT() REPRESENTATION_CONTEXT('2D SPACE',''
  ) );
#1564 = PCURVE('',#1565,#1570);
#1565 = CONICAL_SURFACE('',#1566,0.7,0.785398163397);
#1566 = AXIS2_PLACEMENT_3D('',#1567,#1568,#1569);
#1567 = CARTESIAN_POINT('',(-55.88,2.54,7.2));
#1568 = DIRECTION('',(0.,0.,1.));
#1569 = DIRECTION('',(1.,0.,0.));
#1570 = DEFINITIONAL_REPRESENTATION('',(#1571),#1575);
#1571 = LINE('',#1572,#1573);
#1572 = CARTESIAN_POINT('',(0.,-0.));
#1573 = VECTOR('',#1574,1.);
#1574 = DIRECTION('',(1.,-0.));
#1575 = ( GEOMETRIC_REPRESENTATION_CONTEXT(2) 
PARAMETRIC_REPRESENTATION_CONTEXT() REPRESENTATION_CONTEXT('2D SPACE',''
  ) );
#1576 = FACE_BOUND('',#1577,.T.);
#1577 = EDGE_LOOP('',(#1578));
#1578 = ORIENTED_EDGE('',*,*,#1579,.F.);
#1579 = EDGE_CURVE('',#1580,#1580,#1582,.T.);
#1580 = VERTEX_POINT('',#1581);
#1581 = CARTESIAN_POINT('',(-57.72,2.54,7.2));
#1582 = SURFACE_CURVE('',#1583,(#1588,#1595),.PCURVE_S1.);
#1583 = CIRCLE('',#1584,0.7);
#1584 = AXIS2_PLACEMENT_3D('',#1585,#1586,#1587);
#1585 = CARTESIAN_POINT('',(-58.42,2.54,7.2));
#1586 = DIRECTION('',(0.,0.,1.));
#1587 = DIRECTION('',(1.,0.,0.));
#1588 = PCURVE('',#141,#1589);
#1589 = DEFINITIONAL_REPRESENTATION('',(#1590),#1594);
#1590 = CIRCLE('',#1591,0.7);
#1591 = AXIS2_PLACEMENT_2D('',#1592,#1593);
#1592 = CARTESIAN_POINT('',(6.1099995,4.32));
#1593 = DIRECTION('',(1.,0.));
#1594 = ( GEOMETRIC_REPRESENTATION_CONTEXT(2) 
PARAMETRIC_REPRESENTATION_CONTEXT() REPRESENTATION_CONTEXT('2D SPACE',''
  ) );
#1595 = PCURVE('',#1596,#1601);
#1596 = CONICAL_SURFACE('',#1597,0.7,0.785398163397);
#1597 = AXIS2_PLACEMENT_3D('',#1598,#1599,#1600);
#1598 = CARTESIAN_POINT('',(-58.42,2.54,7.2));
#1599 = DIRECTION('',(0.,0.,1.));
#1600 = DIRECTION('',(1.,0.,0.));
#1601 = DEFINITIONAL_REPRESENTATION('',(#1602),#1606);
#1602 = LINE('',#1603,#1604);
#1603 = CARTESIAN_POINT('',(0.,-0.));
#1604 = VECTOR('',#1605,1.);
#1605 = DIRECTION('',(1.,-0.));
#1606 = ( GEOMETRIC_REPRESENTATION_CONTEXT(2) 
PARAMETRIC_REPRESENTATION_CONTEXT() REPRESENTATION_CONTEXT('2D SPACE',''
  ) );
#1607 = FACE_BOUND('',#1608,.T.);
#1608 = EDGE_LOOP('',(#1609));
#1609 = ORIENTED_EDGE('',*,*,#1610,.F.);
#1610 = EDGE_CURVE('',#1611,#1611,#1613,.T.);
#1611 = VERTEX_POINT('',#1612);
#1612 = CARTESIAN_POINT('',(-50.1,2.54,7.2));
#1613 = SURFACE_CURVE('',#1614,(#1619,#1626),.PCURVE_S1.);
#1614 = CIRCLE('',#1615,0.7);
#1615 = AXIS2_PLACEMENT_3D('',#1616,#1617,#1618);
#1616 = CARTESIAN_POINT('',(-50.8,2.54,7.2));
#1617 = DIRECTION('',(0.,0.,1.));
#1618 = DIRECTION('',(1.,0.,0.));
#1619 = PCURVE('',#141,#1620);
#1620 = DEFINITIONAL_REPRESENTATION('',(#1621),#1625);
#1621 = CIRCLE('',#1622,0.7);
#1622 = AXIS2_PLACEMENT_2D('',#1623,#1624);
#1623 = CARTESIAN_POINT('',(13.7299995,4.32));
#1624 = DIRECTION('',(1.,0.));
#1625 = ( GEOMETRIC_REPRESENTATION_CONTEXT(2) 
PARAMETRIC_REPRESENTATION_CONTEXT() REPRESENTATION_CONTEXT('2D SPACE',''
  ) );
#1626 = PCURVE('',#1627,#1632);
#1627 = CONICAL_SURFACE('',#1628,0.7,0.785398163397);
#1628 = AXIS2_PLACEMENT_3D('',#1629,#1630,#1631);
#1629 = CARTESIAN_POINT('',(-50.8,2.54,7.2));
#1630 = DIRECTION('',(0.,0.,1.));
#1631 = DIRECTION('',(1.,0.,0.));
#1632 = DEFINITIONAL_REPRESENTATION('',(#1633),#1637);
#1633 = LINE('',#1634,#1635);
#1634 = CARTESIAN_POINT('',(0.,-0.));
#1635 = VECTOR('',#1636,1.);
#1636 = DIRECTION('',(1.,-0.));
#1637 = ( GEOMETRIC_REPRESENTATION_CONTEXT(2) 
PARAMETRIC_REPRESENTATION_CONTEXT() REPRESENTATION_CONTEXT('2D SPACE',''
  ) );
#1638 = FACE_BOUND('',#1639,.T.);
#1639 = EDGE_LOOP('',(#1640));
#1640 = ORIENTED_EDGE('',*,*,#1641,.F.);
#1641 = EDGE_CURVE('',#1642,#1642,#1644,.T.);
#1642 = VERTEX_POINT('',#1643);
#1643 = CARTESIAN_POINT('',(-50.1,0.,7.2));
#1644 = SURFACE_CURVE('',#1645,(#1650,#1657),.PCURVE_S1.);
#1645 = CIRCLE('',#1646,0.7);
#1646 = AXIS2_PLACEMENT_3D('',#1647,#1648,#1649);
#1647 = CARTESIAN_POINT('',(-50.8,0.,7.2));
#1648 = DIRECTION('',(0.,0.,1.));
#1649 = DIRECTION('',(1.,0.,0.));
#1650 = PCURVE('',#141,#1651);
#1651 = DEFINITIONAL_REPRESENTATION('',(#1652),#1656);
#1652 = CIRCLE('',#1653,0.7);
#1653 = AXIS2_PLACEMENT_2D('',#1654,#1655);
#1654 = CARTESIAN_POINT('',(13.7299995,1.78));
#1655 = DIRECTION('',(1.,0.));
#1656 = ( GEOMETRIC_REPRESENTATION_CONTEXT(2) 
PARAMETRIC_REPRESENTATION_CONTEXT() REPRESENTATION_CONTEXT('2D SPACE',''
  ) );
#1657 = PCURVE('',#1658,#1663);
#1658 = CONICAL_SURFACE('',#1659,0.7,0.785398163397);
#1659 = AXIS2_PLACEMENT_3D('',#1660,#1661,#1662);
#1660 = CARTESIAN_POINT('',(-50.8,0.,7.2));
#1661 = DIRECTION('',(0.,0.,1.));
#1662 = DIRECTION('',(1.,0.,0.));
#1663 = DEFINITIONAL_REPRESENTATION('',(#1664),#1668);
#1664 = LINE('',#1665,#1666);
#1665 = CARTESIAN_POINT('',(0.,-0.));
#1666 = VECTOR('',#1667,1.);
#1667 = DIRECTION('',(1.,-0.));
#1668 = ( GEOMETRIC_REPRESENTATION_CONTEXT(2) 
PARAMETRIC_REPRESENTATION_CONTEXT() REPRESENTATION_CONTEXT('2D SPACE',''
  ) );
#1669 = FACE_BOUND('',#1670,.T.);
#1670 = EDGE_LOOP('',(#1671));
#1671 = ORIENTED_EDGE('',*,*,#1672,.F.);
#1672 = EDGE_CURVE('',#1673,#1673,#1675,.T.);
#1673 = VERTEX_POINT('',#1674);
#1674 = CARTESIAN_POINT('',(-52.64,0.,7.2));
#1675 = SURFACE_CURVE('',#1676,(#1681,#1688),.PCURVE_S1.);
#1676 = CIRCLE('',#1677,0.7);
#1677 = AXIS2_PLACEMENT_3D('',#1678,#1679,#1680);
#1678 = CARTESIAN_POINT('',(-53.34,0.,7.2));
#1679 = DIRECTION('',(0.,0.,1.));
#1680 = DIRECTION('',(1.,0.,0.));
#1681 = PCURVE('',#141,#1682);
#1682 = DEFINITIONAL_REPRESENTATION('',(#1683),#1687);
#1683 = CIRCLE('',#1684,0.7);
#1684 = AXIS2_PLACEMENT_2D('',#1685,#1686);
#1685 = CARTESIAN_POINT('',(11.1899995,1.78));
#1686 = DIRECTION('',(1.,0.));
#1687 = ( GEOMETRIC_REPRESENTATION_CONTEXT(2) 
PARAMETRIC_REPRESENTATION_CONTEXT() REPRESENTATION_CONTEXT('2D SPACE',''
  ) );
#1688 = PCURVE('',#1689,#1694);
#1689 = CONICAL_SURFACE('',#1690,0.7,0.785398163397);
#1690 = AXIS2_PLACEMENT_3D('',#1691,#1692,#1693);
#1691 = CARTESIAN_POINT('',(-53.34,0.,7.2));
#1692 = DIRECTION('',(0.,0.,1.));
#1693 = DIRECTION('',(1.,0.,0.));
#1694 = DEFINITIONAL_REPRESENTATION('',(#1695),#1699);
#1695 = LINE('',#1696,#1697);
#1696 = CARTESIAN_POINT('',(0.,-0.));
#1697 = VECTOR('',#1698,1.);
#1698 = DIRECTION('',(1.,-0.));
#1699 = ( GEOMETRIC_REPRESENTATION_CONTEXT(2) 
PARAMETRIC_REPRESENTATION_CONTEXT() REPRESENTATION_CONTEXT('2D SPACE',''
  ) );
#1700 = FACE_BOUND('',#1701,.T.);
#1701 = EDGE_LOOP('',(#1702));
#1702 = ORIENTED_EDGE('',*,*,#1703,.F.);
#1703 = EDGE_CURVE('',#1704,#1704,#1706,.T.);
#1704 = VERTEX_POINT('',#1705);
#1705 = CARTESIAN_POINT('',(-52.64,2.54,7.2));
#1706 = SURFACE_CURVE('',#1707,(#1712,#1719),.PCURVE_S1.);
#1707 = CIRCLE('',#1708,0.7);
#1708 = AXIS2_PLACEMENT_3D('',#1709,#1710,#1711);
#1709 = CARTESIAN_POINT('',(-53.34,2.54,7.2));
#1710 = DIRECTION('',(0.,0.,1.));
#1711 = DIRECTION('',(1.,0.,0.));
#1712 = PCURVE('',#141,#1713);
#1713 = DEFINITIONAL_REPRESENTATION('',(#1714),#1718);
#1714 = CIRCLE('',#1715,0.7);
#1715 = AXIS2_PLACEMENT_2D('',#1716,#1717);
#1716 = CARTESIAN_POINT('',(11.1899995,4.32));
#1717 = DIRECTION('',(1.,0.));
#1718 = ( GEOMETRIC_REPRESENTATION_CONTEXT(2) 
PARAMETRIC_REPRESENTATION_CONTEXT() REPRESENTATION_CONTEXT('2D SPACE',''
  ) );
#1719 = PCURVE('',#1720,#1725);
#1720 = CONICAL_SURFACE('',#1721,0.7,0.785398163397);
#1721 = AXIS2_PLACEMENT_3D('',#1722,#1723,#1724);
#1722 = CARTESIAN_POINT('',(-53.34,2.54,7.2));
#1723 = DIRECTION('',(0.,0.,1.));
#1724 = DIRECTION('',(1.,0.,0.));
#1725 = DEFINITIONAL_REPRESENTATION('',(#1726),#1730);
#1726 = LINE('',#1727,#1728);
#1727 = CARTESIAN_POINT('',(0.,-0.));
#1728 = VECTOR('',#1729,1.);
#1729 = DIRECTION('',(1.,-0.));
#1730 = ( GEOMETRIC_REPRESENTATION_CONTEXT(2) 
PARAMETRIC_REPRESENTATION_CONTEXT() REPRESENTATION_CONTEXT('2D SPACE',''
  ) );
#1731 = FACE_BOUND('',#1732,.T.);
#1732 = EDGE_LOOP('',(#1733));
#1733 = ORIENTED_EDGE('',*,*,#1734,.F.);
#1734 = EDGE_CURVE('',#1735,#1735,#1737,.T.);
#1735 = VERTEX_POINT('',#1736);
#1736 = CARTESIAN_POINT('',(-42.48,2.54,7.2));
#1737 = SURFACE_CURVE('',#1738,(#1743,#1750),.PCURVE_S1.);
#1738 = CIRCLE('',#1739,0.7);
#1739 = AXIS2_PLACEMENT_3D('',#1740,#1741,#1742);
#1740 = CARTESIAN_POINT('',(-43.18,2.54,7.2));
#1741 = DIRECTION('',(0.,0.,1.));
#1742 = DIRECTION('',(1.,0.,0.));
#1743 = PCURVE('',#141,#1744);
#1744 = DEFINITIONAL_REPRESENTATION('',(#1745),#1749);
#1745 = CIRCLE('',#1746,0.7);
#1746 = AXIS2_PLACEMENT_2D('',#1747,#1748);
#1747 = CARTESIAN_POINT('',(21.3499995,4.32));
#1748 = DIRECTION('',(1.,0.));
#1749 = ( GEOMETRIC_REPRESENTATION_CONTEXT(2) 
PARAMETRIC_REPRESENTATION_CONTEXT() REPRESENTATION_CONTEXT('2D SPACE',''
  ) );
#1750 = PCURVE('',#1751,#1756);
#1751 = CONICAL_SURFACE('',#1752,0.7,0.785398163397);
#1752 = AXIS2_PLACEMENT_3D('',#1753,#1754,#1755);
#1753 = CARTESIAN_POINT('',(-43.18,2.54,7.2));
#1754 = DIRECTION('',(0.,0.,1.));
#1755 = DIRECTION('',(1.,0.,0.));
#1756 = DEFINITIONAL_REPRESENTATION('',(#1757),#1761);
#1757 = LINE('',#1758,#1759);
#1758 = CARTESIAN_POINT('',(0.,-0.));
#1759 = VECTOR('',#1760,1.);
#1760 = DIRECTION('',(1.,-0.));
#1761 = ( GEOMETRIC_REPRESENTATION_CONTEXT(2) 
PARAMETRIC_REPRESENTATION_CONTEXT() REPRESENTATION_CONTEXT('2D SPACE',''
  ) );
#1762 = FACE_BOUND('',#1763,.T.);
#1763 = EDGE_LOOP('',(#1764));
#1764 = ORIENTED_EDGE('',*,*,#1765,.F.);
#1765 = EDGE_CURVE('',#1766,#1766,#1768,.T.);
#1766 = VERTEX_POINT('',#1767);
#1767 = CARTESIAN_POINT('',(-45.02,2.54,7.2));
#1768 = SURFACE_CURVE('',#1769,(#1774,#1781),.PCURVE_S1.);
#1769 = CIRCLE('',#1770,0.7);
#1770 = AXIS2_PLACEMENT_3D('',#1771,#1772,#1773);
#1771 = CARTESIAN_POINT('',(-45.72,2.54,7.2));
#1772 = DIRECTION('',(0.,0.,1.));
#1773 = DIRECTION('',(1.,0.,0.));
#1774 = PCURVE('',#141,#1775);
#1775 = DEFINITIONAL_REPRESENTATION('',(#1776),#1780);
#1776 = CIRCLE('',#1777,0.7);
#1777 = AXIS2_PLACEMENT_2D('',#1778,#1779);
#1778 = CARTESIAN_POINT('',(18.8099995,4.32));
#1779 = DIRECTION('',(1.,0.));
#1780 = ( GEOMETRIC_REPRESENTATION_CONTEXT(2) 
PARAMETRIC_REPRESENTATION_CONTEXT() REPRESENTATION_CONTEXT('2D SPACE',''
  ) );
#1781 = PCURVE('',#1782,#1787);
#1782 = CONICAL_SURFACE('',#1783,0.7,0.785398163397);
#1783 = AXIS2_PLACEMENT_3D('',#1784,#1785,#1786);
#1784 = CARTESIAN_POINT('',(-45.72,2.54,7.2));
#1785 = DIRECTION('',(0.,0.,1.));
#1786 = DIRECTION('',(1.,0.,0.));
#1787 = DEFINITIONAL_REPRESENTATION('',(#1788),#1792);
#1788 = LINE('',#1789,#1790);
#1789 = CARTESIAN_POINT('',(0.,-0.));
#1790 = VECTOR('',#1791,1.);
#1791 = DIRECTION('',(1.,-0.));
#1792 = ( GEOMETRIC_REPRESENTATION_CONTEXT(2) 
PARAMETRIC_REPRESENTATION_CONTEXT() REPRESENTATION_CONTEXT('2D SPACE',''
  ) );
#1793 = FACE_BOUND('',#1794,.T.);
#1794 = EDGE_LOOP('',(#1795));
#1795 = ORIENTED_EDGE('',*,*,#1796,.F.);
#1796 = EDGE_CURVE('',#1797,#1797,#1799,.T.);
#1797 = VERTEX_POINT('',#1798);
#1798 = CARTESIAN_POINT('',(-47.56,2.54,7.2));
#1799 = SURFACE_CURVE('',#1800,(#1805,#1812),.PCURVE_S1.);
#1800 = CIRCLE('',#1801,0.7);
#1801 = AXIS2_PLACEMENT_3D('',#1802,#1803,#1804);
#1802 = CARTESIAN_POINT('',(-48.26,2.54,7.2));
#1803 = DIRECTION('',(0.,0.,1.));
#1804 = DIRECTION('',(1.,0.,0.));
#1805 = PCURVE('',#141,#1806);
#1806 = DEFINITIONAL_REPRESENTATION('',(#1807),#1811);
#1807 = CIRCLE('',#1808,0.7);
#1808 = AXIS2_PLACEMENT_2D('',#1809,#1810);
#1809 = CARTESIAN_POINT('',(16.2699995,4.32));
#1810 = DIRECTION('',(1.,0.));
#1811 = ( GEOMETRIC_REPRESENTATION_CONTEXT(2) 
PARAMETRIC_REPRESENTATION_CONTEXT() REPRESENTATION_CONTEXT('2D SPACE',''
  ) );
#1812 = PCURVE('',#1813,#1818);
#1813 = CONICAL_SURFACE('',#1814,0.7,0.785398163397);
#1814 = AXIS2_PLACEMENT_3D('',#1815,#1816,#1817);
#1815 = CARTESIAN_POINT('',(-48.26,2.54,7.2));
#1816 = DIRECTION('',(0.,0.,1.));
#1817 = DIRECTION('',(1.,0.,0.));
#1818 = DEFINITIONAL_REPRESENTATION('',(#1819),#1823);
#1819 = LINE('',#1820,#1821);
#1820 = CARTESIAN_POINT('',(0.,-0.));
#1821 = VECTOR('',#1822,1.);
#1822 = DIRECTION('',(1.,-0.));
#1823 = ( GEOMETRIC_REPRESENTATION_CONTEXT(2) 
PARAMETRIC_REPRESENTATION_CONTEXT() REPRESENTATION_CONTEXT('2D SPACE',''
  ) );
#1824 = FACE_BOUND('',#1825,.T.);
#1825 = EDGE_LOOP('',(#1826));
#1826 = ORIENTED_EDGE('',*,*,#1827,.F.);
#1827 = EDGE_CURVE('',#1828,#1828,#1830,.T.);
#1828 = VERTEX_POINT('',#1829);
#1829 = CARTESIAN_POINT('',(-45.02,0.,7.2));
#1830 = SURFACE_CURVE('',#1831,(#1836,#1843),.PCURVE_S1.);
#1831 = CIRCLE('',#1832,0.7);
#1832 = AXIS2_PLACEMENT_3D('',#1833,#1834,#1835);
#1833 = CARTESIAN_POINT('',(-45.72,0.,7.2));
#1834 = DIRECTION('',(0.,0.,1.));
#1835 = DIRECTION('',(1.,0.,0.));
#1836 = PCURVE('',#141,#1837);
#1837 = DEFINITIONAL_REPRESENTATION('',(#1838),#1842);
#1838 = CIRCLE('',#1839,0.7);
#1839 = AXIS2_PLACEMENT_2D('',#1840,#1841);
#1840 = CARTESIAN_POINT('',(18.8099995,1.78));
#1841 = DIRECTION('',(1.,0.));
#1842 = ( GEOMETRIC_REPRESENTATION_CONTEXT(2) 
PARAMETRIC_REPRESENTATION_CONTEXT() REPRESENTATION_CONTEXT('2D SPACE',''
  ) );
#1843 = PCURVE('',#1844,#1849);
#1844 = CONICAL_SURFACE('',#1845,0.7,0.785398163397);
#1845 = AXIS2_PLACEMENT_3D('',#1846,#1847,#1848);
#1846 = CARTESIAN_POINT('',(-45.72,0.,7.2));
#1847 = DIRECTION('',(0.,0.,1.));
#1848 = DIRECTION('',(1.,0.,0.));
#1849 = DEFINITIONAL_REPRESENTATION('',(#1850),#1854);
#1850 = LINE('',#1851,#1852);
#1851 = CARTESIAN_POINT('',(0.,-0.));
#1852 = VECTOR('',#1853,1.);
#1853 = DIRECTION('',(1.,-0.));
#1854 = ( GEOMETRIC_REPRESENTATION_CONTEXT(2) 
PARAMETRIC_REPRESENTATION_CONTEXT() REPRESENTATION_CONTEXT('2D SPACE',''
  ) );
#1855 = FACE_BOUND('',#1856,.T.);
#1856 = EDGE_LOOP('',(#1857));
#1857 = ORIENTED_EDGE('',*,*,#1858,.F.);
#1858 = EDGE_CURVE('',#1859,#1859,#1861,.T.);
#1859 = VERTEX_POINT('',#1860);
#1860 = CARTESIAN_POINT('',(-42.48,0.,7.2));
#1861 = SURFACE_CURVE('',#1862,(#1867,#1874),.PCURVE_S1.);
#1862 = CIRCLE('',#1863,0.7);
#1863 = AXIS2_PLACEMENT_3D('',#1864,#1865,#1866);
#1864 = CARTESIAN_POINT('',(-43.18,0.,7.2));
#1865 = DIRECTION('',(0.,0.,1.));
#1866 = DIRECTION('',(1.,0.,0.));
#1867 = PCURVE('',#141,#1868);
#1868 = DEFINITIONAL_REPRESENTATION('',(#1869),#1873);
#1869 = CIRCLE('',#1870,0.7);
#1870 = AXIS2_PLACEMENT_2D('',#1871,#1872);
#1871 = CARTESIAN_POINT('',(21.3499995,1.78));
#1872 = DIRECTION('',(1.,0.));
#1873 = ( GEOMETRIC_REPRESENTATION_CONTEXT(2) 
PARAMETRIC_REPRESENTATION_CONTEXT() REPRESENTATION_CONTEXT('2D SPACE',''
  ) );
#1874 = PCURVE('',#1875,#1880);
#1875 = CONICAL_SURFACE('',#1876,0.7,0.785398163397);
#1876 = AXIS2_PLACEMENT_3D('',#1877,#1878,#1879);
#1877 = CARTESIAN_POINT('',(-43.18,0.,7.2));
#1878 = DIRECTION('',(0.,0.,1.));
#1879 = DIRECTION('',(1.,0.,0.));
#1880 = DEFINITIONAL_REPRESENTATION('',(#1881),#1885);
#1881 = LINE('',#1882,#1883);
#1882 = CARTESIAN_POINT('',(0.,-0.));
#1883 = VECTOR('',#1884,1.);
#1884 = DIRECTION('',(1.,-0.));
#1885 = ( GEOMETRIC_REPRESENTATION_CONTEXT(2) 
PARAMETRIC_REPRESENTATION_CONTEXT() REPRESENTATION_CONTEXT('2D SPACE',''
  ) );
#1886 = FACE_BOUND('',#1887,.T.);
#1887 = EDGE_LOOP('',(#1888));
#1888 = ORIENTED_EDGE('',*,*,#1889,.F.);
#1889 = EDGE_CURVE('',#1890,#1890,#1892,.T.);
#1890 = VERTEX_POINT('',#1891);
#1891 = CARTESIAN_POINT('',(-47.56,0.,7.2));
#1892 = SURFACE_CURVE('',#1893,(#1898,#1905),.PCURVE_S1.);
#1893 = CIRCLE('',#1894,0.7);
#1894 = AXIS2_PLACEMENT_3D('',#1895,#1896,#1897);
#1895 = CARTESIAN_POINT('',(-48.26,0.,7.2));
#1896 = DIRECTION('',(0.,0.,1.));
#1897 = DIRECTION('',(1.,0.,0.));
#1898 = PCURVE('',#141,#1899);
#1899 = DEFINITIONAL_REPRESENTATION('',(#1900),#1904);
#1900 = CIRCLE('',#1901,0.7);
#1901 = AXIS2_PLACEMENT_2D('',#1902,#1903);
#1902 = CARTESIAN_POINT('',(16.2699995,1.78));
#1903 = DIRECTION('',(1.,0.));
#1904 = ( GEOMETRIC_REPRESENTATION_CONTEXT(2) 
PARAMETRIC_REPRESENTATION_CONTEXT() REPRESENTATION_CONTEXT('2D SPACE',''
  ) );
#1905 = PCURVE('',#1906,#1911);
#1906 = CONICAL_SURFACE('',#1907,0.7,0.785398163397);
#1907 = AXIS2_PLACEMENT_3D('',#1908,#1909,#1910);
#1908 = CARTESIAN_POINT('',(-48.26,0.,7.2));
#1909 = DIRECTION('',(0.,0.,1.));
#1910 = DIRECTION('',(1.,0.,0.));
#1911 = DEFINITIONAL_REPRESENTATION('',(#1912),#1916);
#1912 = LINE('',#1913,#1914);
#1913 = CARTESIAN_POINT('',(0.,-0.));
#1914 = VECTOR('',#1915,1.);
#1915 = DIRECTION('',(1.,-0.));
#1916 = ( GEOMETRIC_REPRESENTATION_CONTEXT(2) 
PARAMETRIC_REPRESENTATION_CONTEXT() REPRESENTATION_CONTEXT('2D SPACE',''
  ) );
#1917 = FACE_BOUND('',#1918,.T.);
#1918 = EDGE_LOOP('',(#1919));
#1919 = ORIENTED_EDGE('',*,*,#1920,.F.);
#1920 = EDGE_CURVE('',#1921,#1921,#1923,.T.);
#1921 = VERTEX_POINT('',#1922);
#1922 = CARTESIAN_POINT('',(-60.26,0.,7.2));
#1923 = SURFACE_CURVE('',#1924,(#1929,#1936),.PCURVE_S1.);
#1924 = CIRCLE('',#1925,0.7);
#1925 = AXIS2_PLACEMENT_3D('',#1926,#1927,#1928);
#1926 = CARTESIAN_POINT('',(-60.96,0.,7.2));
#1927 = DIRECTION('',(0.,0.,1.));
#1928 = DIRECTION('',(1.,0.,0.));
#1929 = PCURVE('',#141,#1930);
#1930 = DEFINITIONAL_REPRESENTATION('',(#1931),#1935);
#1931 = CIRCLE('',#1932,0.7);
#1932 = AXIS2_PLACEMENT_2D('',#1933,#1934);
#1933 = CARTESIAN_POINT('',(3.5699995,1.78));
#1934 = DIRECTION('',(1.,0.));
#1935 = ( GEOMETRIC_REPRESENTATION_CONTEXT(2) 
PARAMETRIC_REPRESENTATION_CONTEXT() REPRESENTATION_CONTEXT('2D SPACE',''
  ) );
#1936 = PCURVE('',#1937,#1942);
#1937 = CONICAL_SURFACE('',#1938,0.7,0.785398163397);
#1938 = AXIS2_PLACEMENT_3D('',#1939,#1940,#1941);
#1939 = CARTESIAN_POINT('',(-60.96,0.,7.2));
#1940 = DIRECTION('',(0.,0.,1.));
#1941 = DIRECTION('',(1.,0.,0.));
#1942 = DEFINITIONAL_REPRESENTATION('',(#1943),#1947);
#1943 = LINE('',#1944,#1945);
#1944 = CARTESIAN_POINT('',(0.,-0.));
#1945 = VECTOR('',#1946,1.);
#1946 = DIRECTION('',(1.,-0.));
#1947 = ( GEOMETRIC_REPRESENTATION_CONTEXT(2) 
PARAMETRIC_REPRESENTATION_CONTEXT() REPRESENTATION_CONTEXT('2D SPACE',''
  ) );
#1948 = FACE_BOUND('',#1949,.T.);
#1949 = EDGE_LOOP('',(#1950));
#1950 = ORIENTED_EDGE('',*,*,#1951,.F.);
#1951 = EDGE_CURVE('',#1952,#1952,#1954,.T.);
#1952 = VERTEX_POINT('',#1953);
#1953 = CARTESIAN_POINT('',(-60.26,2.54,7.2));
#1954 = SURFACE_CURVE('',#1955,(#1960,#1967),.PCURVE_S1.);
#1955 = CIRCLE('',#1956,0.7);
#1956 = AXIS2_PLACEMENT_3D('',#1957,#1958,#1959);
#1957 = CARTESIAN_POINT('',(-60.96,2.54,7.2));
#1958 = DIRECTION('',(0.,0.,1.));
#1959 = DIRECTION('',(1.,0.,0.));
#1960 = PCURVE('',#141,#1961);
#1961 = DEFINITIONAL_REPRESENTATION('',(#1962),#1966);
#1962 = CIRCLE('',#1963,0.7);
#1963 = AXIS2_PLACEMENT_2D('',#1964,#1965);
#1964 = CARTESIAN_POINT('',(3.5699995,4.32));
#1965 = DIRECTION('',(1.,0.));
#1966 = ( GEOMETRIC_REPRESENTATION_CONTEXT(2) 
PARAMETRIC_REPRESENTATION_CONTEXT() REPRESENTATION_CONTEXT('2D SPACE',''
  ) );
#1967 = PCURVE('',#1968,#1973);
#1968 = CONICAL_SURFACE('',#1969,0.7,0.785398163397);
#1969 = AXIS2_PLACEMENT_3D('',#1970,#1971,#1972);
#1970 = CARTESIAN_POINT('',(-60.96,2.54,7.2));
#1971 = DIRECTION('',(0.,0.,1.));
#1972 = DIRECTION('',(1.,0.,0.));
#1973 = DEFINITIONAL_REPRESENTATION('',(#1974),#1978);
#1974 = LINE('',#1975,#1976);
#1975 = CARTESIAN_POINT('',(0.,-0.));
#1976 = VECTOR('',#1977,1.);
#1977 = DIRECTION('',(1.,-0.));
#1978 = ( GEOMETRIC_REPRESENTATION_CONTEXT(2) 
PARAMETRIC_REPRESENTATION_CONTEXT() REPRESENTATION_CONTEXT('2D SPACE',''
  ) );
#1979 = ADVANCED_FACE('',(#1980),#115,.T.);
#1980 = FACE_BOUND('',#1981,.T.);
#1981 = EDGE_LOOP('',(#1982,#2005,#2006,#2007));
#1982 = ORIENTED_EDGE('',*,*,#1983,.F.);
#1983 = EDGE_CURVE('',#72,#1984,#1986,.T.);
#1984 = VERTEX_POINT('',#1985);
#1985 = CARTESIAN_POINT('',(3.5699995,4.32,0.));
#1986 = SURFACE_CURVE('',#1987,(#1991,#1998),.PCURVE_S1.);
#1987 = LINE('',#1988,#1989);
#1988 = CARTESIAN_POINT('',(-64.5299995,4.32,0.));
#1989 = VECTOR('',#1990,1.);
#1990 = DIRECTION('',(1.,0.,0.));
#1991 = PCURVE('',#115,#1992);
#1992 = DEFINITIONAL_REPRESENTATION('',(#1993),#1997);
#1993 = LINE('',#1994,#1995);
#1994 = CARTESIAN_POINT('',(0.,0.));
#1995 = VECTOR('',#1996,1.);
#1996 = DIRECTION('',(0.,1.));
#1997 = ( GEOMETRIC_REPRESENTATION_CONTEXT(2) 
PARAMETRIC_REPRESENTATION_CONTEXT() REPRESENTATION_CONTEXT('2D SPACE',''
  ) );
#1998 = PCURVE('',#87,#1999);
#1999 = DEFINITIONAL_REPRESENTATION('',(#2000),#2004);
#2000 = LINE('',#2001,#2002);
#2001 = CARTESIAN_POINT('',(0.,6.1));
#2002 = VECTOR('',#2003,1.);
#2003 = DIRECTION('',(1.,0.));
#2004 = ( GEOMETRIC_REPRESENTATION_CONTEXT(2) 
PARAMETRIC_REPRESENTATION_CONTEXT() REPRESENTATION_CONTEXT('2D SPACE',''
  ) );
#2005 = ORIENTED_EDGE('',*,*,#99,.T.);
#2006 = ORIENTED_EDGE('',*,*,#311,.T.);
#2007 = ORIENTED_EDGE('',*,*,#2008,.F.);
#2008 = EDGE_CURVE('',#1984,#312,#2009,.T.);
#2009 = SURFACE_CURVE('',#2010,(#2014,#2021),.PCURVE_S1.);
#2010 = LINE('',#2011,#2012);
#2011 = CARTESIAN_POINT('',(3.5699995,4.32,0.));
#2012 = VECTOR('',#2013,1.);
#2013 = DIRECTION('',(0.,0.,1.));
#2014 = PCURVE('',#115,#2015);
#2015 = DEFINITIONAL_REPRESENTATION('',(#2016),#2020);
#2016 = LINE('',#2017,#2018);
#2017 = CARTESIAN_POINT('',(0.,68.099999));
#2018 = VECTOR('',#2019,1.);
#2019 = DIRECTION('',(1.,0.));
#2020 = ( GEOMETRIC_REPRESENTATION_CONTEXT(2) 
PARAMETRIC_REPRESENTATION_CONTEXT() REPRESENTATION_CONTEXT('2D SPACE',''
  ) );
#2021 = PCURVE('',#174,#2022);
#2022 = DEFINITIONAL_REPRESENTATION('',(#2023),#2027);
#2023 = LINE('',#2024,#2025);
#2024 = CARTESIAN_POINT('',(0.,-6.1));
#2025 = VECTOR('',#2026,1.);
#2026 = DIRECTION('',(1.,0.));
#2027 = ( GEOMETRIC_REPRESENTATION_CONTEXT(2) 
PARAMETRIC_REPRESENTATION_CONTEXT() REPRESENTATION_CONTEXT('2D SPACE',''
  ) );
#2028 = ADVANCED_FACE('',(#2029),#87,.F.);
#2029 = FACE_BOUND('',#2030,.F.);
#2030 = EDGE_LOOP('',(#2031,#2032,#2033,#2054));
#2031 = ORIENTED_EDGE('',*,*,#71,.F.);
#2032 = ORIENTED_EDGE('',*,*,#186,.T.);
#2033 = ORIENTED_EDGE('',*,*,#2034,.T.);
#2034 = EDGE_CURVE('',#157,#1984,#2035,.T.);
#2035 = SURFACE_CURVE('',#2036,(#2040,#2047),.PCURVE_S1.);
#2036 = LINE('',#2037,#2038);
#2037 = CARTESIAN_POINT('',(3.5699995,-1.78,0.));
#2038 = VECTOR('',#2039,1.);
#2039 = DIRECTION('',(0.,1.,0.));
#2040 = PCURVE('',#87,#2041);
#2041 = DEFINITIONAL_REPRESENTATION('',(#2042),#2046);
#2042 = LINE('',#2043,#2044);
#2043 = CARTESIAN_POINT('',(68.099999,0.));
#2044 = VECTOR('',#2045,1.);
#2045 = DIRECTION('',(0.,1.));
#2046 = ( GEOMETRIC_REPRESENTATION_CONTEXT(2) 
PARAMETRIC_REPRESENTATION_CONTEXT() REPRESENTATION_CONTEXT('2D SPACE',''
  ) );
#2047 = PCURVE('',#174,#2048);
#2048 = DEFINITIONAL_REPRESENTATION('',(#2049),#2053);
#2049 = LINE('',#2050,#2051);
#2050 = CARTESIAN_POINT('',(0.,0.));
#2051 = VECTOR('',#2052,1.);
#2052 = DIRECTION('',(0.,-1.));
#2053 = ( GEOMETRIC_REPRESENTATION_CONTEXT(2) 
PARAMETRIC_REPRESENTATION_CONTEXT() REPRESENTATION_CONTEXT('2D SPACE',''
  ) );
#2054 = ORIENTED_EDGE('',*,*,#1983,.F.);
#2055 = ADVANCED_FACE('',(#2056),#174,.T.);
#2056 = FACE_BOUND('',#2057,.T.);
#2057 = EDGE_LOOP('',(#2058,#2059,#2060,#2061));
#2058 = ORIENTED_EDGE('',*,*,#156,.F.);
#2059 = ORIENTED_EDGE('',*,*,#2034,.T.);
#2060 = ORIENTED_EDGE('',*,*,#2008,.T.);
#2061 = ORIENTED_EDGE('',*,*,#409,.F.);
#2062 = ADVANCED_FACE('',(#2063),#275,.T.);
#2063 = FACE_BOUND('',#2064,.T.);
#2064 = EDGE_LOOP('',(#2065,#2066,#2089,#2110));
#2065 = ORIENTED_EDGE('',*,*,#387,.T.);
#2066 = ORIENTED_EDGE('',*,*,#2067,.T.);
#2067 = EDGE_CURVE('',#360,#2068,#2070,.T.);
#2068 = VERTEX_POINT('',#2069);
#2069 = CARTESIAN_POINT('',(0.,-1.649285714286,4.66));
#2070 = SURFACE_CURVE('',#2071,(#2075,#2082),.PCURVE_S1.);
#2071 = LINE('',#2072,#2073);
#2072 = CARTESIAN_POINT('',(1.27,-1.649285714286,7.2));
#2073 = VECTOR('',#2074,1.);
#2074 = DIRECTION('',(-0.4472135955,-1.986027322598E-16,-0.894427191));
#2075 = PCURVE('',#275,#2076);
#2076 = DEFINITIONAL_REPRESENTATION('',(#2077),#2081);
#2077 = LINE('',#2078,#2079);
#2078 = CARTESIAN_POINT('',(-2.596021428824E-17,-0.130714285714));
#2079 = VECTOR('',#2080,1.);
#2080 = DIRECTION('',(1.,0.));
#2081 = ( GEOMETRIC_REPRESENTATION_CONTEXT(2) 
PARAMETRIC_REPRESENTATION_CONTEXT() REPRESENTATION_CONTEXT('2D SPACE',''
  ) );
#2082 = PCURVE('',#375,#2083);
#2083 = DEFINITIONAL_REPRESENTATION('',(#2084),#2088);
#2084 = LINE('',#2085,#2086);
#2085 = CARTESIAN_POINT('',(0.877548417144,1.27));
#2086 = VECTOR('',#2087,1.);
#2087 = DIRECTION('',(-0.894427191,-0.4472135955));
#2088 = ( GEOMETRIC_REPRESENTATION_CONTEXT(2) 
PARAMETRIC_REPRESENTATION_CONTEXT() REPRESENTATION_CONTEXT('2D SPACE',''
  ) );
#2089 = ORIENTED_EDGE('',*,*,#2090,.F.);
#2090 = EDGE_CURVE('',#232,#2068,#2091,.T.);
#2091 = SURFACE_CURVE('',#2092,(#2096,#2103),.PCURVE_S1.);
#2092 = LINE('',#2093,#2094);
#2093 = CARTESIAN_POINT('',(0.,-1.78,4.66));
#2094 = VECTOR('',#2095,1.);
#2095 = DIRECTION('',(0.,1.,-2.22044604925E-16));
#2096 = PCURVE('',#275,#2097);
#2097 = DEFINITIONAL_REPRESENTATION('',(#2098),#2102);
#2098 = LINE('',#2099,#2100);
#2099 = CARTESIAN_POINT('',(2.839806331425,-7.549516567451E-17));
#2100 = VECTOR('',#2101,1.);
#2101 = DIRECTION('',(0.,-1.));
#2102 = ( GEOMETRIC_REPRESENTATION_CONTEXT(2) 
PARAMETRIC_REPRESENTATION_CONTEXT() REPRESENTATION_CONTEXT('2D SPACE',''
  ) );
#2103 = PCURVE('',#247,#2104);
#2104 = DEFINITIONAL_REPRESENTATION('',(#2105),#2109);
#2105 = LINE('',#2106,#2107);
#2106 = CARTESIAN_POINT('',(2.839806331425,-7.549516567451E-17));
#2107 = VECTOR('',#2108,1.);
#2108 = DIRECTION('',(0.,-1.));
#2109 = ( GEOMETRIC_REPRESENTATION_CONTEXT(2) 
PARAMETRIC_REPRESENTATION_CONTEXT() REPRESENTATION_CONTEXT('2D SPACE',''
  ) );
#2110 = ORIENTED_EDGE('',*,*,#259,.F.);
#2111 = ADVANCED_FACE('',(#2112),#247,.F.);
#2112 = FACE_BOUND('',#2113,.F.);
#2113 = EDGE_LOOP('',(#2114,#2115,#2136,#2137));
#2114 = ORIENTED_EDGE('',*,*,#336,.T.);
#2115 = ORIENTED_EDGE('',*,*,#2116,.T.);
#2116 = EDGE_CURVE('',#337,#2068,#2117,.T.);
#2117 = SURFACE_CURVE('',#2118,(#2122,#2129),.PCURVE_S1.);
#2118 = LINE('',#2119,#2120);
#2119 = CARTESIAN_POINT('',(-1.27,-1.649285714286,7.2));
#2120 = VECTOR('',#2121,1.);
#2121 = DIRECTION('',(0.4472135955,-1.986027322598E-16,-0.894427191));
#2122 = PCURVE('',#247,#2123);
#2123 = DEFINITIONAL_REPRESENTATION('',(#2124),#2128);
#2124 = LINE('',#2125,#2126);
#2125 = CARTESIAN_POINT('',(-2.596021428824E-17,-0.130714285714));
#2126 = VECTOR('',#2127,1.);
#2127 = DIRECTION('',(1.,0.));
#2128 = ( GEOMETRIC_REPRESENTATION_CONTEXT(2) 
PARAMETRIC_REPRESENTATION_CONTEXT() REPRESENTATION_CONTEXT('2D SPACE',''
  ) );
#2129 = PCURVE('',#375,#2130);
#2130 = DEFINITIONAL_REPRESENTATION('',(#2131),#2135);
#2131 = LINE('',#2132,#2133);
#2132 = CARTESIAN_POINT('',(0.877548417144,-1.27));
#2133 = VECTOR('',#2134,1.);
#2134 = DIRECTION('',(-0.894427191,0.4472135955));
#2135 = ( GEOMETRIC_REPRESENTATION_CONTEXT(2) 
PARAMETRIC_REPRESENTATION_CONTEXT() REPRESENTATION_CONTEXT('2D SPACE',''
  ) );
#2136 = ORIENTED_EDGE('',*,*,#2090,.F.);
#2137 = ORIENTED_EDGE('',*,*,#231,.F.);
#2138 = ADVANCED_FACE('',(#2139),#375,.F.);
#2139 = FACE_BOUND('',#2140,.F.);
#2140 = EDGE_LOOP('',(#2141,#2142,#2143));
#2141 = ORIENTED_EDGE('',*,*,#359,.T.);
#2142 = ORIENTED_EDGE('',*,*,#2067,.T.);
#2143 = ORIENTED_EDGE('',*,*,#2116,.F.);
#2144 = ADVANCED_FACE('',(#2145),#449,.F.);
#2145 = FACE_BOUND('',#2146,.T.);
#2146 = EDGE_LOOP('',(#2147,#2168,#2169,#2170));
#2147 = ORIENTED_EDGE('',*,*,#2148,.F.);
#2148 = EDGE_CURVE('',#433,#2149,#2151,.T.);
#2149 = VERTEX_POINT('',#2150);
#2150 = CARTESIAN_POINT('',(-17.43,0.,6.85));
#2151 = SEAM_CURVE('',#2152,(#2156,#2162),.PCURVE_S1.);
#2152 = LINE('',#2153,#2154);
#2153 = CARTESIAN_POINT('',(-17.08,0.,7.2));
#2154 = VECTOR('',#2155,1.);
#2155 = DIRECTION('',(-0.707106781187,-0.,-0.707106781187));
#2156 = PCURVE('',#449,#2157);
#2157 = DEFINITIONAL_REPRESENTATION('',(#2158),#2161);
#2158 = B_SPLINE_CURVE_WITH_KNOTS('',1,(#2159,#2160),.UNSPECIFIED.,.F.,
  .F.,(2,2),(0.,0.494974746831),.PIECEWISE_BEZIER_KNOTS.);
#2159 = CARTESIAN_POINT('',(0.,0.));
#2160 = CARTESIAN_POINT('',(0.,-0.35));
#2161 = ( GEOMETRIC_REPRESENTATION_CONTEXT(2) 
PARAMETRIC_REPRESENTATION_CONTEXT() REPRESENTATION_CONTEXT('2D SPACE',''
  ) );
#2162 = PCURVE('',#449,#2163);
#2163 = DEFINITIONAL_REPRESENTATION('',(#2164),#2167);
#2164 = B_SPLINE_CURVE_WITH_KNOTS('',1,(#2165,#2166),.UNSPECIFIED.,.F.,
  .F.,(2,2),(0.,0.494974746831),.PIECEWISE_BEZIER_KNOTS.);
#2165 = CARTESIAN_POINT('',(6.28318530718,0.));
#2166 = CARTESIAN_POINT('',(6.28318530718,-0.35));
#2167 = ( GEOMETRIC_REPRESENTATION_CONTEXT(2) 
PARAMETRIC_REPRESENTATION_CONTEXT() REPRESENTATION_CONTEXT('2D SPACE',''
  ) );
#2168 = ORIENTED_EDGE('',*,*,#432,.T.);
#2169 = ORIENTED_EDGE('',*,*,#2148,.T.);
#2170 = ORIENTED_EDGE('',*,*,#2171,.F.);
#2171 = EDGE_CURVE('',#2149,#2149,#2172,.T.);
#2172 = SURFACE_CURVE('',#2173,(#2178,#2185),.PCURVE_S1.);
#2173 = CIRCLE('',#2174,0.35);
#2174 = AXIS2_PLACEMENT_3D('',#2175,#2176,#2177);
#2175 = CARTESIAN_POINT('',(-17.78,0.,6.85));
#2176 = DIRECTION('',(0.,0.,1.));
#2177 = DIRECTION('',(1.,0.,0.));
#2178 = PCURVE('',#449,#2179);
#2179 = DEFINITIONAL_REPRESENTATION('',(#2180),#2184);
#2180 = LINE('',#2181,#2182);
#2181 = CARTESIAN_POINT('',(0.,-0.35));
#2182 = VECTOR('',#2183,1.);
#2183 = DIRECTION('',(1.,-0.));
#2184 = ( GEOMETRIC_REPRESENTATION_CONTEXT(2) 
PARAMETRIC_REPRESENTATION_CONTEXT() REPRESENTATION_CONTEXT('2D SPACE',''
  ) );
#2185 = PCURVE('',#2186,#2191);
#2186 = CYLINDRICAL_SURFACE('',#2187,0.35);
#2187 = AXIS2_PLACEMENT_3D('',#2188,#2189,#2190);
#2188 = CARTESIAN_POINT('',(-17.78,0.,1.44));
#2189 = DIRECTION('',(0.,0.,1.));
#2190 = DIRECTION('',(1.,0.,0.));
#2191 = DEFINITIONAL_REPRESENTATION('',(#2192),#2196);
#2192 = LINE('',#2193,#2194);
#2193 = CARTESIAN_POINT('',(0.,5.41));
#2194 = VECTOR('',#2195,1.);
#2195 = DIRECTION('',(1.,0.));
#2196 = ( GEOMETRIC_REPRESENTATION_CONTEXT(2) 
PARAMETRIC_REPRESENTATION_CONTEXT() REPRESENTATION_CONTEXT('2D SPACE',''
  ) );
#2197 = ADVANCED_FACE('',(#2198),#480,.F.);
#2198 = FACE_BOUND('',#2199,.T.);
#2199 = EDGE_LOOP('',(#2200,#2221,#2222,#2223));
#2200 = ORIENTED_EDGE('',*,*,#2201,.F.);
#2201 = EDGE_CURVE('',#464,#2202,#2204,.T.);
#2202 = VERTEX_POINT('',#2203);
#2203 = CARTESIAN_POINT('',(-14.89,0.,6.85));
#2204 = SEAM_CURVE('',#2205,(#2209,#2215),.PCURVE_S1.);
#2205 = LINE('',#2206,#2207);
#2206 = CARTESIAN_POINT('',(-14.54,0.,7.2));
#2207 = VECTOR('',#2208,1.);
#2208 = DIRECTION('',(-0.707106781187,-0.,-0.707106781187));
#2209 = PCURVE('',#480,#2210);
#2210 = DEFINITIONAL_REPRESENTATION('',(#2211),#2214);
#2211 = B_SPLINE_CURVE_WITH_KNOTS('',1,(#2212,#2213),.UNSPECIFIED.,.F.,
  .F.,(2,2),(0.,0.494974746831),.PIECEWISE_BEZIER_KNOTS.);
#2212 = CARTESIAN_POINT('',(0.,0.));
#2213 = CARTESIAN_POINT('',(0.,-0.35));
#2214 = ( GEOMETRIC_REPRESENTATION_CONTEXT(2) 
PARAMETRIC_REPRESENTATION_CONTEXT() REPRESENTATION_CONTEXT('2D SPACE',''
  ) );
#2215 = PCURVE('',#480,#2216);
#2216 = DEFINITIONAL_REPRESENTATION('',(#2217),#2220);
#2217 = B_SPLINE_CURVE_WITH_KNOTS('',1,(#2218,#2219),.UNSPECIFIED.,.F.,
  .F.,(2,2),(0.,0.494974746831),.PIECEWISE_BEZIER_KNOTS.);
#2218 = CARTESIAN_POINT('',(6.28318530718,0.));
#2219 = CARTESIAN_POINT('',(6.28318530718,-0.35));
#2220 = ( GEOMETRIC_REPRESENTATION_CONTEXT(2) 
PARAMETRIC_REPRESENTATION_CONTEXT() REPRESENTATION_CONTEXT('2D SPACE',''
  ) );
#2221 = ORIENTED_EDGE('',*,*,#463,.T.);
#2222 = ORIENTED_EDGE('',*,*,#2201,.T.);
#2223 = ORIENTED_EDGE('',*,*,#2224,.F.);
#2224 = EDGE_CURVE('',#2202,#2202,#2225,.T.);
#2225 = SURFACE_CURVE('',#2226,(#2231,#2238),.PCURVE_S1.);
#2226 = CIRCLE('',#2227,0.35);
#2227 = AXIS2_PLACEMENT_3D('',#2228,#2229,#2230);
#2228 = CARTESIAN_POINT('',(-15.24,0.,6.85));
#2229 = DIRECTION('',(0.,0.,1.));
#2230 = DIRECTION('',(1.,0.,0.));
#2231 = PCURVE('',#480,#2232);
#2232 = DEFINITIONAL_REPRESENTATION('',(#2233),#2237);
#2233 = LINE('',#2234,#2235);
#2234 = CARTESIAN_POINT('',(0.,-0.35));
#2235 = VECTOR('',#2236,1.);
#2236 = DIRECTION('',(1.,-0.));
#2237 = ( GEOMETRIC_REPRESENTATION_CONTEXT(2) 
PARAMETRIC_REPRESENTATION_CONTEXT() REPRESENTATION_CONTEXT('2D SPACE',''
  ) );
#2238 = PCURVE('',#2239,#2244);
#2239 = CYLINDRICAL_SURFACE('',#2240,0.35);
#2240 = AXIS2_PLACEMENT_3D('',#2241,#2242,#2243);
#2241 = CARTESIAN_POINT('',(-15.24,0.,1.44));
#2242 = DIRECTION('',(0.,0.,1.));
#2243 = DIRECTION('',(1.,0.,0.));
#2244 = DEFINITIONAL_REPRESENTATION('',(#2245),#2249);
#2245 = LINE('',#2246,#2247);
#2246 = CARTESIAN_POINT('',(0.,5.41));
#2247 = VECTOR('',#2248,1.);
#2248 = DIRECTION('',(1.,0.));
#2249 = ( GEOMETRIC_REPRESENTATION_CONTEXT(2) 
PARAMETRIC_REPRESENTATION_CONTEXT() REPRESENTATION_CONTEXT('2D SPACE',''
  ) );
#2250 = ADVANCED_FACE('',(#2251),#511,.F.);
#2251 = FACE_BOUND('',#2252,.T.);
#2252 = EDGE_LOOP('',(#2253,#2274,#2275,#2276));
#2253 = ORIENTED_EDGE('',*,*,#2254,.F.);
#2254 = EDGE_CURVE('',#495,#2255,#2257,.T.);
#2255 = VERTEX_POINT('',#2256);
#2256 = CARTESIAN_POINT('',(-9.81,0.,6.85));
#2257 = SEAM_CURVE('',#2258,(#2262,#2268),.PCURVE_S1.);
#2258 = LINE('',#2259,#2260);
#2259 = CARTESIAN_POINT('',(-9.46,0.,7.2));
#2260 = VECTOR('',#2261,1.);
#2261 = DIRECTION('',(-0.707106781187,-0.,-0.707106781187));
#2262 = PCURVE('',#511,#2263);
#2263 = DEFINITIONAL_REPRESENTATION('',(#2264),#2267);
#2264 = B_SPLINE_CURVE_WITH_KNOTS('',1,(#2265,#2266),.UNSPECIFIED.,.F.,
  .F.,(2,2),(0.,0.494974746831),.PIECEWISE_BEZIER_KNOTS.);
#2265 = CARTESIAN_POINT('',(0.,0.));
#2266 = CARTESIAN_POINT('',(0.,-0.35));
#2267 = ( GEOMETRIC_REPRESENTATION_CONTEXT(2) 
PARAMETRIC_REPRESENTATION_CONTEXT() REPRESENTATION_CONTEXT('2D SPACE',''
  ) );
#2268 = PCURVE('',#511,#2269);
#2269 = DEFINITIONAL_REPRESENTATION('',(#2270),#2273);
#2270 = B_SPLINE_CURVE_WITH_KNOTS('',1,(#2271,#2272),.UNSPECIFIED.,.F.,
  .F.,(2,2),(0.,0.494974746831),.PIECEWISE_BEZIER_KNOTS.);
#2271 = CARTESIAN_POINT('',(6.28318530718,0.));
#2272 = CARTESIAN_POINT('',(6.28318530718,-0.35));
#2273 = ( GEOMETRIC_REPRESENTATION_CONTEXT(2) 
PARAMETRIC_REPRESENTATION_CONTEXT() REPRESENTATION_CONTEXT('2D SPACE',''
  ) );
#2274 = ORIENTED_EDGE('',*,*,#494,.T.);
#2275 = ORIENTED_EDGE('',*,*,#2254,.T.);
#2276 = ORIENTED_EDGE('',*,*,#2277,.F.);
#2277 = EDGE_CURVE('',#2255,#2255,#2278,.T.);
#2278 = SURFACE_CURVE('',#2279,(#2284,#2291),.PCURVE_S1.);
#2279 = CIRCLE('',#2280,0.35);
#2280 = AXIS2_PLACEMENT_3D('',#2281,#2282,#2283);
#2281 = CARTESIAN_POINT('',(-10.16,0.,6.85));
#2282 = DIRECTION('',(0.,0.,1.));
#2283 = DIRECTION('',(1.,0.,0.));
#2284 = PCURVE('',#511,#2285);
#2285 = DEFINITIONAL_REPRESENTATION('',(#2286),#2290);
#2286 = LINE('',#2287,#2288);
#2287 = CARTESIAN_POINT('',(0.,-0.35));
#2288 = VECTOR('',#2289,1.);
#2289 = DIRECTION('',(1.,-0.));
#2290 = ( GEOMETRIC_REPRESENTATION_CONTEXT(2) 
PARAMETRIC_REPRESENTATION_CONTEXT() REPRESENTATION_CONTEXT('2D SPACE',''
  ) );
#2291 = PCURVE('',#2292,#2297);
#2292 = CYLINDRICAL_SURFACE('',#2293,0.35);
#2293 = AXIS2_PLACEMENT_3D('',#2294,#2295,#2296);
#2294 = CARTESIAN_POINT('',(-10.16,0.,1.44));
#2295 = DIRECTION('',(0.,0.,1.));
#2296 = DIRECTION('',(1.,0.,0.));
#2297 = DEFINITIONAL_REPRESENTATION('',(#2298),#2302);
#2298 = LINE('',#2299,#2300);
#2299 = CARTESIAN_POINT('',(0.,5.41));
#2300 = VECTOR('',#2301,1.);
#2301 = DIRECTION('',(1.,0.));
#2302 = ( GEOMETRIC_REPRESENTATION_CONTEXT(2) 
PARAMETRIC_REPRESENTATION_CONTEXT() REPRESENTATION_CONTEXT('2D SPACE',''
  ) );
#2303 = ADVANCED_FACE('',(#2304),#542,.F.);
#2304 = FACE_BOUND('',#2305,.T.);
#2305 = EDGE_LOOP('',(#2306,#2327,#2328,#2329));
#2306 = ORIENTED_EDGE('',*,*,#2307,.F.);
#2307 = EDGE_CURVE('',#526,#2308,#2310,.T.);
#2308 = VERTEX_POINT('',#2309);
#2309 = CARTESIAN_POINT('',(-12.35,0.,6.85));
#2310 = SEAM_CURVE('',#2311,(#2315,#2321),.PCURVE_S1.);
#2311 = LINE('',#2312,#2313);
#2312 = CARTESIAN_POINT('',(-12.,0.,7.2));
#2313 = VECTOR('',#2314,1.);
#2314 = DIRECTION('',(-0.707106781187,-0.,-0.707106781187));
#2315 = PCURVE('',#542,#2316);
#2316 = DEFINITIONAL_REPRESENTATION('',(#2317),#2320);
#2317 = B_SPLINE_CURVE_WITH_KNOTS('',1,(#2318,#2319),.UNSPECIFIED.,.F.,
  .F.,(2,2),(0.,0.494974746831),.PIECEWISE_BEZIER_KNOTS.);
#2318 = CARTESIAN_POINT('',(0.,0.));
#2319 = CARTESIAN_POINT('',(0.,-0.35));
#2320 = ( GEOMETRIC_REPRESENTATION_CONTEXT(2) 
PARAMETRIC_REPRESENTATION_CONTEXT() REPRESENTATION_CONTEXT('2D SPACE',''
  ) );
#2321 = PCURVE('',#542,#2322);
#2322 = DEFINITIONAL_REPRESENTATION('',(#2323),#2326);
#2323 = B_SPLINE_CURVE_WITH_KNOTS('',1,(#2324,#2325),.UNSPECIFIED.,.F.,
  .F.,(2,2),(0.,0.494974746831),.PIECEWISE_BEZIER_KNOTS.);
#2324 = CARTESIAN_POINT('',(6.28318530718,0.));
#2325 = CARTESIAN_POINT('',(6.28318530718,-0.35));
#2326 = ( GEOMETRIC_REPRESENTATION_CONTEXT(2) 
PARAMETRIC_REPRESENTATION_CONTEXT() REPRESENTATION_CONTEXT('2D SPACE',''
  ) );
#2327 = ORIENTED_EDGE('',*,*,#525,.T.);
#2328 = ORIENTED_EDGE('',*,*,#2307,.T.);
#2329 = ORIENTED_EDGE('',*,*,#2330,.F.);
#2330 = EDGE_CURVE('',#2308,#2308,#2331,.T.);
#2331 = SURFACE_CURVE('',#2332,(#2337,#2344),.PCURVE_S1.);
#2332 = CIRCLE('',#2333,0.35);
#2333 = AXIS2_PLACEMENT_3D('',#2334,#2335,#2336);
#2334 = CARTESIAN_POINT('',(-12.7,0.,6.85));
#2335 = DIRECTION('',(0.,0.,1.));
#2336 = DIRECTION('',(1.,0.,0.));
#2337 = PCURVE('',#542,#2338);
#2338 = DEFINITIONAL_REPRESENTATION('',(#2339),#2343);
#2339 = LINE('',#2340,#2341);
#2340 = CARTESIAN_POINT('',(0.,-0.35));
#2341 = VECTOR('',#2342,1.);
#2342 = DIRECTION('',(1.,-0.));
#2343 = ( GEOMETRIC_REPRESENTATION_CONTEXT(2) 
PARAMETRIC_REPRESENTATION_CONTEXT() REPRESENTATION_CONTEXT('2D SPACE',''
  ) );
#2344 = PCURVE('',#2345,#2350);
#2345 = CYLINDRICAL_SURFACE('',#2346,0.35);
#2346 = AXIS2_PLACEMENT_3D('',#2347,#2348,#2349);
#2347 = CARTESIAN_POINT('',(-12.7,0.,1.44));
#2348 = DIRECTION('',(0.,0.,1.));
#2349 = DIRECTION('',(1.,0.,0.));
#2350 = DEFINITIONAL_REPRESENTATION('',(#2351),#2355);
#2351 = LINE('',#2352,#2353);
#2352 = CARTESIAN_POINT('',(0.,5.41));
#2353 = VECTOR('',#2354,1.);
#2354 = DIRECTION('',(1.,0.));
#2355 = ( GEOMETRIC_REPRESENTATION_CONTEXT(2) 
PARAMETRIC_REPRESENTATION_CONTEXT() REPRESENTATION_CONTEXT('2D SPACE',''
  ) );
#2356 = ADVANCED_FACE('',(#2357),#573,.F.);
#2357 = FACE_BOUND('',#2358,.T.);
#2358 = EDGE_LOOP('',(#2359,#2380,#2381,#2382));
#2359 = ORIENTED_EDGE('',*,*,#2360,.F.);
#2360 = EDGE_CURVE('',#557,#2361,#2363,.T.);
#2361 = VERTEX_POINT('',#2362);
#2362 = CARTESIAN_POINT('',(0.35,0.,6.85));
#2363 = SEAM_CURVE('',#2364,(#2368,#2374),.PCURVE_S1.);
#2364 = LINE('',#2365,#2366);
#2365 = CARTESIAN_POINT('',(0.7,0.,7.2));
#2366 = VECTOR('',#2367,1.);
#2367 = DIRECTION('',(-0.707106781187,-0.,-0.707106781187));
#2368 = PCURVE('',#573,#2369);
#2369 = DEFINITIONAL_REPRESENTATION('',(#2370),#2373);
#2370 = B_SPLINE_CURVE_WITH_KNOTS('',1,(#2371,#2372),.UNSPECIFIED.,.F.,
  .F.,(2,2),(0.,0.494974746831),.PIECEWISE_BEZIER_KNOTS.);
#2371 = CARTESIAN_POINT('',(0.,0.));
#2372 = CARTESIAN_POINT('',(0.,-0.35));
#2373 = ( GEOMETRIC_REPRESENTATION_CONTEXT(2) 
PARAMETRIC_REPRESENTATION_CONTEXT() REPRESENTATION_CONTEXT('2D SPACE',''
  ) );
#2374 = PCURVE('',#573,#2375);
#2375 = DEFINITIONAL_REPRESENTATION('',(#2376),#2379);
#2376 = B_SPLINE_CURVE_WITH_KNOTS('',1,(#2377,#2378),.UNSPECIFIED.,.F.,
  .F.,(2,2),(0.,0.494974746831),.PIECEWISE_BEZIER_KNOTS.);
#2377 = CARTESIAN_POINT('',(6.28318530718,0.));
#2378 = CARTESIAN_POINT('',(6.28318530718,-0.35));
#2379 = ( GEOMETRIC_REPRESENTATION_CONTEXT(2) 
PARAMETRIC_REPRESENTATION_CONTEXT() REPRESENTATION_CONTEXT('2D SPACE',''
  ) );
#2380 = ORIENTED_EDGE('',*,*,#556,.T.);
#2381 = ORIENTED_EDGE('',*,*,#2360,.T.);
#2382 = ORIENTED_EDGE('',*,*,#2383,.F.);
#2383 = EDGE_CURVE('',#2361,#2361,#2384,.T.);
#2384 = SURFACE_CURVE('',#2385,(#2390,#2397),.PCURVE_S1.);
#2385 = CIRCLE('',#2386,0.35);
#2386 = AXIS2_PLACEMENT_3D('',#2387,#2388,#2389);
#2387 = CARTESIAN_POINT('',(0.,0.,6.85));
#2388 = DIRECTION('',(0.,0.,1.));
#2389 = DIRECTION('',(1.,0.,0.));
#2390 = PCURVE('',#573,#2391);
#2391 = DEFINITIONAL_REPRESENTATION('',(#2392),#2396);
#2392 = LINE('',#2393,#2394);
#2393 = CARTESIAN_POINT('',(0.,-0.35));
#2394 = VECTOR('',#2395,1.);
#2395 = DIRECTION('',(1.,-0.));
#2396 = ( GEOMETRIC_REPRESENTATION_CONTEXT(2) 
PARAMETRIC_REPRESENTATION_CONTEXT() REPRESENTATION_CONTEXT('2D SPACE',''
  ) );
#2397 = PCURVE('',#2398,#2403);
#2398 = CYLINDRICAL_SURFACE('',#2399,0.35);
#2399 = AXIS2_PLACEMENT_3D('',#2400,#2401,#2402);
#2400 = CARTESIAN_POINT('',(0.,0.,1.44));
#2401 = DIRECTION('',(0.,0.,1.));
#2402 = DIRECTION('',(1.,0.,0.));
#2403 = DEFINITIONAL_REPRESENTATION('',(#2404),#2408);
#2404 = LINE('',#2405,#2406);
#2405 = CARTESIAN_POINT('',(0.,5.41));
#2406 = VECTOR('',#2407,1.);
#2407 = DIRECTION('',(1.,0.));
#2408 = ( GEOMETRIC_REPRESENTATION_CONTEXT(2) 
PARAMETRIC_REPRESENTATION_CONTEXT() REPRESENTATION_CONTEXT('2D SPACE',''
  ) );
#2409 = ADVANCED_FACE('',(#2410),#604,.F.);
#2410 = FACE_BOUND('',#2411,.T.);
#2411 = EDGE_LOOP('',(#2412,#2433,#2434,#2435));
#2412 = ORIENTED_EDGE('',*,*,#2413,.F.);
#2413 = EDGE_CURVE('',#588,#2414,#2416,.T.);
#2414 = VERTEX_POINT('',#2415);
#2415 = CARTESIAN_POINT('',(-2.19,0.,6.85));
#2416 = SEAM_CURVE('',#2417,(#2421,#2427),.PCURVE_S1.);
#2417 = LINE('',#2418,#2419);
#2418 = CARTESIAN_POINT('',(-1.84,0.,7.2));
#2419 = VECTOR('',#2420,1.);
#2420 = DIRECTION('',(-0.707106781187,-0.,-0.707106781187));
#2421 = PCURVE('',#604,#2422);
#2422 = DEFINITIONAL_REPRESENTATION('',(#2423),#2426);
#2423 = B_SPLINE_CURVE_WITH_KNOTS('',1,(#2424,#2425),.UNSPECIFIED.,.F.,
  .F.,(2,2),(0.,0.494974746831),.PIECEWISE_BEZIER_KNOTS.);
#2424 = CARTESIAN_POINT('',(0.,0.));
#2425 = CARTESIAN_POINT('',(0.,-0.35));
#2426 = ( GEOMETRIC_REPRESENTATION_CONTEXT(2) 
PARAMETRIC_REPRESENTATION_CONTEXT() REPRESENTATION_CONTEXT('2D SPACE',''
  ) );
#2427 = PCURVE('',#604,#2428);
#2428 = DEFINITIONAL_REPRESENTATION('',(#2429),#2432);
#2429 = B_SPLINE_CURVE_WITH_KNOTS('',1,(#2430,#2431),.UNSPECIFIED.,.F.,
  .F.,(2,2),(0.,0.494974746831),.PIECEWISE_BEZIER_KNOTS.);
#2430 = CARTESIAN_POINT('',(6.28318530718,0.));
#2431 = CARTESIAN_POINT('',(6.28318530718,-0.35));
#2432 = ( GEOMETRIC_REPRESENTATION_CONTEXT(2) 
PARAMETRIC_REPRESENTATION_CONTEXT() REPRESENTATION_CONTEXT('2D SPACE',''
  ) );
#2433 = ORIENTED_EDGE('',*,*,#587,.T.);
#2434 = ORIENTED_EDGE('',*,*,#2413,.T.);
#2435 = ORIENTED_EDGE('',*,*,#2436,.F.);
#2436 = EDGE_CURVE('',#2414,#2414,#2437,.T.);
#2437 = SURFACE_CURVE('',#2438,(#2443,#2450),.PCURVE_S1.);
#2438 = CIRCLE('',#2439,0.35);
#2439 = AXIS2_PLACEMENT_3D('',#2440,#2441,#2442);
#2440 = CARTESIAN_POINT('',(-2.54,0.,6.85));
#2441 = DIRECTION('',(0.,0.,1.));
#2442 = DIRECTION('',(1.,0.,0.));
#2443 = PCURVE('',#604,#2444);
#2444 = DEFINITIONAL_REPRESENTATION('',(#2445),#2449);
#2445 = LINE('',#2446,#2447);
#2446 = CARTESIAN_POINT('',(0.,-0.35));
#2447 = VECTOR('',#2448,1.);
#2448 = DIRECTION('',(1.,-0.));
#2449 = ( GEOMETRIC_REPRESENTATION_CONTEXT(2) 
PARAMETRIC_REPRESENTATION_CONTEXT() REPRESENTATION_CONTEXT('2D SPACE',''
  ) );
#2450 = PCURVE('',#2451,#2456);
#2451 = CYLINDRICAL_SURFACE('',#2452,0.35);
#2452 = AXIS2_PLACEMENT_3D('',#2453,#2454,#2455);
#2453 = CARTESIAN_POINT('',(-2.54,0.,1.44));
#2454 = DIRECTION('',(0.,0.,1.));
#2455 = DIRECTION('',(1.,0.,0.));
#2456 = DEFINITIONAL_REPRESENTATION('',(#2457),#2461);
#2457 = LINE('',#2458,#2459);
#2458 = CARTESIAN_POINT('',(0.,5.41));
#2459 = VECTOR('',#2460,1.);
#2460 = DIRECTION('',(1.,0.));
#2461 = ( GEOMETRIC_REPRESENTATION_CONTEXT(2) 
PARAMETRIC_REPRESENTATION_CONTEXT() REPRESENTATION_CONTEXT('2D SPACE',''
  ) );
#2462 = ADVANCED_FACE('',(#2463),#635,.F.);
#2463 = FACE_BOUND('',#2464,.T.);
#2464 = EDGE_LOOP('',(#2465,#2486,#2487,#2488));
#2465 = ORIENTED_EDGE('',*,*,#2466,.F.);
#2466 = EDGE_CURVE('',#619,#2467,#2469,.T.);
#2467 = VERTEX_POINT('',#2468);
#2468 = CARTESIAN_POINT('',(-4.73,0.,6.85));
#2469 = SEAM_CURVE('',#2470,(#2474,#2480),.PCURVE_S1.);
#2470 = LINE('',#2471,#2472);
#2471 = CARTESIAN_POINT('',(-4.38,0.,7.2));
#2472 = VECTOR('',#2473,1.);
#2473 = DIRECTION('',(-0.707106781187,-0.,-0.707106781187));
#2474 = PCURVE('',#635,#2475);
#2475 = DEFINITIONAL_REPRESENTATION('',(#2476),#2479);
#2476 = B_SPLINE_CURVE_WITH_KNOTS('',1,(#2477,#2478),.UNSPECIFIED.,.F.,
  .F.,(2,2),(0.,0.494974746831),.PIECEWISE_BEZIER_KNOTS.);
#2477 = CARTESIAN_POINT('',(0.,0.));
#2478 = CARTESIAN_POINT('',(0.,-0.35));
#2479 = ( GEOMETRIC_REPRESENTATION_CONTEXT(2) 
PARAMETRIC_REPRESENTATION_CONTEXT() REPRESENTATION_CONTEXT('2D SPACE',''
  ) );
#2480 = PCURVE('',#635,#2481);
#2481 = DEFINITIONAL_REPRESENTATION('',(#2482),#2485);
#2482 = B_SPLINE_CURVE_WITH_KNOTS('',1,(#2483,#2484),.UNSPECIFIED.,.F.,
  .F.,(2,2),(0.,0.494974746831),.PIECEWISE_BEZIER_KNOTS.);
#2483 = CARTESIAN_POINT('',(6.28318530718,0.));
#2484 = CARTESIAN_POINT('',(6.28318530718,-0.35));
#2485 = ( GEOMETRIC_REPRESENTATION_CONTEXT(2) 
PARAMETRIC_REPRESENTATION_CONTEXT() REPRESENTATION_CONTEXT('2D SPACE',''
  ) );
#2486 = ORIENTED_EDGE('',*,*,#618,.T.);
#2487 = ORIENTED_EDGE('',*,*,#2466,.T.);
#2488 = ORIENTED_EDGE('',*,*,#2489,.F.);
#2489 = EDGE_CURVE('',#2467,#2467,#2490,.T.);
#2490 = SURFACE_CURVE('',#2491,(#2496,#2503),.PCURVE_S1.);
#2491 = CIRCLE('',#2492,0.35);
#2492 = AXIS2_PLACEMENT_3D('',#2493,#2494,#2495);
#2493 = CARTESIAN_POINT('',(-5.08,0.,6.85));
#2494 = DIRECTION('',(0.,0.,1.));
#2495 = DIRECTION('',(1.,0.,0.));
#2496 = PCURVE('',#635,#2497);
#2497 = DEFINITIONAL_REPRESENTATION('',(#2498),#2502);
#2498 = LINE('',#2499,#2500);
#2499 = CARTESIAN_POINT('',(0.,-0.35));
#2500 = VECTOR('',#2501,1.);
#2501 = DIRECTION('',(1.,-0.));
#2502 = ( GEOMETRIC_REPRESENTATION_CONTEXT(2) 
PARAMETRIC_REPRESENTATION_CONTEXT() REPRESENTATION_CONTEXT('2D SPACE',''
  ) );
#2503 = PCURVE('',#2504,#2509);
#2504 = CYLINDRICAL_SURFACE('',#2505,0.35);
#2505 = AXIS2_PLACEMENT_3D('',#2506,#2507,#2508);
#2506 = CARTESIAN_POINT('',(-5.08,0.,1.44));
#2507 = DIRECTION('',(0.,0.,1.));
#2508 = DIRECTION('',(1.,0.,0.));
#2509 = DEFINITIONAL_REPRESENTATION('',(#2510),#2514);
#2510 = LINE('',#2511,#2512);
#2511 = CARTESIAN_POINT('',(0.,5.41));
#2512 = VECTOR('',#2513,1.);
#2513 = DIRECTION('',(1.,0.));
#2514 = ( GEOMETRIC_REPRESENTATION_CONTEXT(2) 
PARAMETRIC_REPRESENTATION_CONTEXT() REPRESENTATION_CONTEXT('2D SPACE',''
  ) );
#2515 = ADVANCED_FACE('',(#2516),#666,.F.);
#2516 = FACE_BOUND('',#2517,.T.);
#2517 = EDGE_LOOP('',(#2518,#2539,#2540,#2541));
#2518 = ORIENTED_EDGE('',*,*,#2519,.F.);
#2519 = EDGE_CURVE('',#650,#2520,#2522,.T.);
#2520 = VERTEX_POINT('',#2521);
#2521 = CARTESIAN_POINT('',(-7.27,0.,6.85));
#2522 = SEAM_CURVE('',#2523,(#2527,#2533),.PCURVE_S1.);
#2523 = LINE('',#2524,#2525);
#2524 = CARTESIAN_POINT('',(-6.92,0.,7.2));
#2525 = VECTOR('',#2526,1.);
#2526 = DIRECTION('',(-0.707106781187,-0.,-0.707106781187));
#2527 = PCURVE('',#666,#2528);
#2528 = DEFINITIONAL_REPRESENTATION('',(#2529),#2532);
#2529 = B_SPLINE_CURVE_WITH_KNOTS('',1,(#2530,#2531),.UNSPECIFIED.,.F.,
  .F.,(2,2),(0.,0.494974746831),.PIECEWISE_BEZIER_KNOTS.);
#2530 = CARTESIAN_POINT('',(0.,0.));
#2531 = CARTESIAN_POINT('',(0.,-0.35));
#2532 = ( GEOMETRIC_REPRESENTATION_CONTEXT(2) 
PARAMETRIC_REPRESENTATION_CONTEXT() REPRESENTATION_CONTEXT('2D SPACE',''
  ) );
#2533 = PCURVE('',#666,#2534);
#2534 = DEFINITIONAL_REPRESENTATION('',(#2535),#2538);
#2535 = B_SPLINE_CURVE_WITH_KNOTS('',1,(#2536,#2537),.UNSPECIFIED.,.F.,
  .F.,(2,2),(0.,0.494974746831),.PIECEWISE_BEZIER_KNOTS.);
#2536 = CARTESIAN_POINT('',(6.28318530718,0.));
#2537 = CARTESIAN_POINT('',(6.28318530718,-0.35));
#2538 = ( GEOMETRIC_REPRESENTATION_CONTEXT(2) 
PARAMETRIC_REPRESENTATION_CONTEXT() REPRESENTATION_CONTEXT('2D SPACE',''
  ) );
#2539 = ORIENTED_EDGE('',*,*,#649,.T.);
#2540 = ORIENTED_EDGE('',*,*,#2519,.T.);
#2541 = ORIENTED_EDGE('',*,*,#2542,.F.);
#2542 = EDGE_CURVE('',#2520,#2520,#2543,.T.);
#2543 = SURFACE_CURVE('',#2544,(#2549,#2556),.PCURVE_S1.);
#2544 = CIRCLE('',#2545,0.35);
#2545 = AXIS2_PLACEMENT_3D('',#2546,#2547,#2548);
#2546 = CARTESIAN_POINT('',(-7.62,0.,6.85));
#2547 = DIRECTION('',(0.,0.,1.));
#2548 = DIRECTION('',(1.,0.,0.));
#2549 = PCURVE('',#666,#2550);
#2550 = DEFINITIONAL_REPRESENTATION('',(#2551),#2555);
#2551 = LINE('',#2552,#2553);
#2552 = CARTESIAN_POINT('',(0.,-0.35));
#2553 = VECTOR('',#2554,1.);
#2554 = DIRECTION('',(1.,-0.));
#2555 = ( GEOMETRIC_REPRESENTATION_CONTEXT(2) 
PARAMETRIC_REPRESENTATION_CONTEXT() REPRESENTATION_CONTEXT('2D SPACE',''
  ) );
#2556 = PCURVE('',#2557,#2562);
#2557 = CYLINDRICAL_SURFACE('',#2558,0.35);
#2558 = AXIS2_PLACEMENT_3D('',#2559,#2560,#2561);
#2559 = CARTESIAN_POINT('',(-7.62,0.,1.44));
#2560 = DIRECTION('',(0.,0.,1.));
#2561 = DIRECTION('',(1.,0.,0.));
#2562 = DEFINITIONAL_REPRESENTATION('',(#2563),#2567);
#2563 = LINE('',#2564,#2565);
#2564 = CARTESIAN_POINT('',(0.,5.41));
#2565 = VECTOR('',#2566,1.);
#2566 = DIRECTION('',(1.,0.));
#2567 = ( GEOMETRIC_REPRESENTATION_CONTEXT(2) 
PARAMETRIC_REPRESENTATION_CONTEXT() REPRESENTATION_CONTEXT('2D SPACE',''
  ) );
#2568 = ADVANCED_FACE('',(#2569),#697,.F.);
#2569 = FACE_BOUND('',#2570,.T.);
#2570 = EDGE_LOOP('',(#2571,#2592,#2593,#2594));
#2571 = ORIENTED_EDGE('',*,*,#2572,.F.);
#2572 = EDGE_CURVE('',#681,#2573,#2575,.T.);
#2573 = VERTEX_POINT('',#2574);
#2574 = CARTESIAN_POINT('',(-9.81,2.54,6.85));
#2575 = SEAM_CURVE('',#2576,(#2580,#2586),.PCURVE_S1.);
#2576 = LINE('',#2577,#2578);
#2577 = CARTESIAN_POINT('',(-9.46,2.54,7.2));
#2578 = VECTOR('',#2579,1.);
#2579 = DIRECTION('',(-0.707106781187,-0.,-0.707106781187));
#2580 = PCURVE('',#697,#2581);
#2581 = DEFINITIONAL_REPRESENTATION('',(#2582),#2585);
#2582 = B_SPLINE_CURVE_WITH_KNOTS('',1,(#2583,#2584),.UNSPECIFIED.,.F.,
  .F.,(2,2),(0.,0.494974746831),.PIECEWISE_BEZIER_KNOTS.);
#2583 = CARTESIAN_POINT('',(0.,0.));
#2584 = CARTESIAN_POINT('',(0.,-0.35));
#2585 = ( GEOMETRIC_REPRESENTATION_CONTEXT(2) 
PARAMETRIC_REPRESENTATION_CONTEXT() REPRESENTATION_CONTEXT('2D SPACE',''
  ) );
#2586 = PCURVE('',#697,#2587);
#2587 = DEFINITIONAL_REPRESENTATION('',(#2588),#2591);
#2588 = B_SPLINE_CURVE_WITH_KNOTS('',1,(#2589,#2590),.UNSPECIFIED.,.F.,
  .F.,(2,2),(0.,0.494974746831),.PIECEWISE_BEZIER_KNOTS.);
#2589 = CARTESIAN_POINT('',(6.28318530718,0.));
#2590 = CARTESIAN_POINT('',(6.28318530718,-0.35));
#2591 = ( GEOMETRIC_REPRESENTATION_CONTEXT(2) 
PARAMETRIC_REPRESENTATION_CONTEXT() REPRESENTATION_CONTEXT('2D SPACE',''
  ) );
#2592 = ORIENTED_EDGE('',*,*,#680,.T.);
#2593 = ORIENTED_EDGE('',*,*,#2572,.T.);
#2594 = ORIENTED_EDGE('',*,*,#2595,.F.);
#2595 = EDGE_CURVE('',#2573,#2573,#2596,.T.);
#2596 = SURFACE_CURVE('',#2597,(#2602,#2609),.PCURVE_S1.);
#2597 = CIRCLE('',#2598,0.35);
#2598 = AXIS2_PLACEMENT_3D('',#2599,#2600,#2601);
#2599 = CARTESIAN_POINT('',(-10.16,2.54,6.85));
#2600 = DIRECTION('',(0.,0.,1.));
#2601 = DIRECTION('',(1.,0.,0.));
#2602 = PCURVE('',#697,#2603);
#2603 = DEFINITIONAL_REPRESENTATION('',(#2604),#2608);
#2604 = LINE('',#2605,#2606);
#2605 = CARTESIAN_POINT('',(0.,-0.35));
#2606 = VECTOR('',#2607,1.);
#2607 = DIRECTION('',(1.,-0.));
#2608 = ( GEOMETRIC_REPRESENTATION_CONTEXT(2) 
PARAMETRIC_REPRESENTATION_CONTEXT() REPRESENTATION_CONTEXT('2D SPACE',''
  ) );
#2609 = PCURVE('',#2610,#2615);
#2610 = CYLINDRICAL_SURFACE('',#2611,0.35);
#2611 = AXIS2_PLACEMENT_3D('',#2612,#2613,#2614);
#2612 = CARTESIAN_POINT('',(-10.16,2.54,1.44));
#2613 = DIRECTION('',(0.,0.,1.));
#2614 = DIRECTION('',(1.,0.,0.));
#2615 = DEFINITIONAL_REPRESENTATION('',(#2616),#2620);
#2616 = LINE('',#2617,#2618);
#2617 = CARTESIAN_POINT('',(0.,5.41));
#2618 = VECTOR('',#2619,1.);
#2619 = DIRECTION('',(1.,0.));
#2620 = ( GEOMETRIC_REPRESENTATION_CONTEXT(2) 
PARAMETRIC_REPRESENTATION_CONTEXT() REPRESENTATION_CONTEXT('2D SPACE',''
  ) );
#2621 = ADVANCED_FACE('',(#2622),#728,.F.);
#2622 = FACE_BOUND('',#2623,.T.);
#2623 = EDGE_LOOP('',(#2624,#2645,#2646,#2647));
#2624 = ORIENTED_EDGE('',*,*,#2625,.F.);
#2625 = EDGE_CURVE('',#712,#2626,#2628,.T.);
#2626 = VERTEX_POINT('',#2627);
#2627 = CARTESIAN_POINT('',(-12.35,2.54,6.85));
#2628 = SEAM_CURVE('',#2629,(#2633,#2639),.PCURVE_S1.);
#2629 = LINE('',#2630,#2631);
#2630 = CARTESIAN_POINT('',(-12.,2.54,7.2));
#2631 = VECTOR('',#2632,1.);
#2632 = DIRECTION('',(-0.707106781187,-0.,-0.707106781187));
#2633 = PCURVE('',#728,#2634);
#2634 = DEFINITIONAL_REPRESENTATION('',(#2635),#2638);
#2635 = B_SPLINE_CURVE_WITH_KNOTS('',1,(#2636,#2637),.UNSPECIFIED.,.F.,
  .F.,(2,2),(0.,0.494974746831),.PIECEWISE_BEZIER_KNOTS.);
#2636 = CARTESIAN_POINT('',(0.,0.));
#2637 = CARTESIAN_POINT('',(0.,-0.35));
#2638 = ( GEOMETRIC_REPRESENTATION_CONTEXT(2) 
PARAMETRIC_REPRESENTATION_CONTEXT() REPRESENTATION_CONTEXT('2D SPACE',''
  ) );
#2639 = PCURVE('',#728,#2640);
#2640 = DEFINITIONAL_REPRESENTATION('',(#2641),#2644);
#2641 = B_SPLINE_CURVE_WITH_KNOTS('',1,(#2642,#2643),.UNSPECIFIED.,.F.,
  .F.,(2,2),(0.,0.494974746831),.PIECEWISE_BEZIER_KNOTS.);
#2642 = CARTESIAN_POINT('',(6.28318530718,0.));
#2643 = CARTESIAN_POINT('',(6.28318530718,-0.35));
#2644 = ( GEOMETRIC_REPRESENTATION_CONTEXT(2) 
PARAMETRIC_REPRESENTATION_CONTEXT() REPRESENTATION_CONTEXT('2D SPACE',''
  ) );
#2645 = ORIENTED_EDGE('',*,*,#711,.T.);
#2646 = ORIENTED_EDGE('',*,*,#2625,.T.);
#2647 = ORIENTED_EDGE('',*,*,#2648,.F.);
#2648 = EDGE_CURVE('',#2626,#2626,#2649,.T.);
#2649 = SURFACE_CURVE('',#2650,(#2655,#2662),.PCURVE_S1.);
#2650 = CIRCLE('',#2651,0.35);
#2651 = AXIS2_PLACEMENT_3D('',#2652,#2653,#2654);
#2652 = CARTESIAN_POINT('',(-12.7,2.54,6.85));
#2653 = DIRECTION('',(0.,0.,1.));
#2654 = DIRECTION('',(1.,0.,0.));
#2655 = PCURVE('',#728,#2656);
#2656 = DEFINITIONAL_REPRESENTATION('',(#2657),#2661);
#2657 = LINE('',#2658,#2659);
#2658 = CARTESIAN_POINT('',(0.,-0.35));
#2659 = VECTOR('',#2660,1.);
#2660 = DIRECTION('',(1.,-0.));
#2661 = ( GEOMETRIC_REPRESENTATION_CONTEXT(2) 
PARAMETRIC_REPRESENTATION_CONTEXT() REPRESENTATION_CONTEXT('2D SPACE',''
  ) );
#2662 = PCURVE('',#2663,#2668);
#2663 = CYLINDRICAL_SURFACE('',#2664,0.35);
#2664 = AXIS2_PLACEMENT_3D('',#2665,#2666,#2667);
#2665 = CARTESIAN_POINT('',(-12.7,2.54,1.44));
#2666 = DIRECTION('',(0.,0.,1.));
#2667 = DIRECTION('',(1.,0.,0.));
#2668 = DEFINITIONAL_REPRESENTATION('',(#2669),#2673);
#2669 = LINE('',#2670,#2671);
#2670 = CARTESIAN_POINT('',(0.,5.41));
#2671 = VECTOR('',#2672,1.);
#2672 = DIRECTION('',(1.,0.));
#2673 = ( GEOMETRIC_REPRESENTATION_CONTEXT(2) 
PARAMETRIC_REPRESENTATION_CONTEXT() REPRESENTATION_CONTEXT('2D SPACE',''
  ) );
#2674 = ADVANCED_FACE('',(#2675),#759,.F.);
#2675 = FACE_BOUND('',#2676,.T.);
#2676 = EDGE_LOOP('',(#2677,#2698,#2699,#2700));
#2677 = ORIENTED_EDGE('',*,*,#2678,.F.);
#2678 = EDGE_CURVE('',#743,#2679,#2681,.T.);
#2679 = VERTEX_POINT('',#2680);
#2680 = CARTESIAN_POINT('',(-7.27,2.54,6.85));
#2681 = SEAM_CURVE('',#2682,(#2686,#2692),.PCURVE_S1.);
#2682 = LINE('',#2683,#2684);
#2683 = CARTESIAN_POINT('',(-6.92,2.54,7.2));
#2684 = VECTOR('',#2685,1.);
#2685 = DIRECTION('',(-0.707106781187,-0.,-0.707106781187));
#2686 = PCURVE('',#759,#2687);
#2687 = DEFINITIONAL_REPRESENTATION('',(#2688),#2691);
#2688 = B_SPLINE_CURVE_WITH_KNOTS('',1,(#2689,#2690),.UNSPECIFIED.,.F.,
  .F.,(2,2),(0.,0.494974746831),.PIECEWISE_BEZIER_KNOTS.);
#2689 = CARTESIAN_POINT('',(0.,0.));
#2690 = CARTESIAN_POINT('',(0.,-0.35));
#2691 = ( GEOMETRIC_REPRESENTATION_CONTEXT(2) 
PARAMETRIC_REPRESENTATION_CONTEXT() REPRESENTATION_CONTEXT('2D SPACE',''
  ) );
#2692 = PCURVE('',#759,#2693);
#2693 = DEFINITIONAL_REPRESENTATION('',(#2694),#2697);
#2694 = B_SPLINE_CURVE_WITH_KNOTS('',1,(#2695,#2696),.UNSPECIFIED.,.F.,
  .F.,(2,2),(0.,0.494974746831),.PIECEWISE_BEZIER_KNOTS.);
#2695 = CARTESIAN_POINT('',(6.28318530718,0.));
#2696 = CARTESIAN_POINT('',(6.28318530718,-0.35));
#2697 = ( GEOMETRIC_REPRESENTATION_CONTEXT(2) 
PARAMETRIC_REPRESENTATION_CONTEXT() REPRESENTATION_CONTEXT('2D SPACE',''
  ) );
#2698 = ORIENTED_EDGE('',*,*,#742,.T.);
#2699 = ORIENTED_EDGE('',*,*,#2678,.T.);
#2700 = ORIENTED_EDGE('',*,*,#2701,.F.);
#2701 = EDGE_CURVE('',#2679,#2679,#2702,.T.);
#2702 = SURFACE_CURVE('',#2703,(#2708,#2715),.PCURVE_S1.);
#2703 = CIRCLE('',#2704,0.35);
#2704 = AXIS2_PLACEMENT_3D('',#2705,#2706,#2707);
#2705 = CARTESIAN_POINT('',(-7.62,2.54,6.85));
#2706 = DIRECTION('',(0.,0.,1.));
#2707 = DIRECTION('',(1.,0.,0.));
#2708 = PCURVE('',#759,#2709);
#2709 = DEFINITIONAL_REPRESENTATION('',(#2710),#2714);
#2710 = LINE('',#2711,#2712);
#2711 = CARTESIAN_POINT('',(0.,-0.35));
#2712 = VECTOR('',#2713,1.);
#2713 = DIRECTION('',(1.,-0.));
#2714 = ( GEOMETRIC_REPRESENTATION_CONTEXT(2) 
PARAMETRIC_REPRESENTATION_CONTEXT() REPRESENTATION_CONTEXT('2D SPACE',''
  ) );
#2715 = PCURVE('',#2716,#2721);
#2716 = CYLINDRICAL_SURFACE('',#2717,0.35);
#2717 = AXIS2_PLACEMENT_3D('',#2718,#2719,#2720);
#2718 = CARTESIAN_POINT('',(-7.62,2.54,1.44));
#2719 = DIRECTION('',(0.,0.,1.));
#2720 = DIRECTION('',(1.,0.,0.));
#2721 = DEFINITIONAL_REPRESENTATION('',(#2722),#2726);
#2722 = LINE('',#2723,#2724);
#2723 = CARTESIAN_POINT('',(0.,5.41));
#2724 = VECTOR('',#2725,1.);
#2725 = DIRECTION('',(1.,0.));
#2726 = ( GEOMETRIC_REPRESENTATION_CONTEXT(2) 
PARAMETRIC_REPRESENTATION_CONTEXT() REPRESENTATION_CONTEXT('2D SPACE',''
  ) );
#2727 = ADVANCED_FACE('',(#2728),#790,.F.);
#2728 = FACE_BOUND('',#2729,.T.);
#2729 = EDGE_LOOP('',(#2730,#2751,#2752,#2753));
#2730 = ORIENTED_EDGE('',*,*,#2731,.F.);
#2731 = EDGE_CURVE('',#774,#2732,#2734,.T.);
#2732 = VERTEX_POINT('',#2733);
#2733 = CARTESIAN_POINT('',(-2.19,2.54,6.85));
#2734 = SEAM_CURVE('',#2735,(#2739,#2745),.PCURVE_S1.);
#2735 = LINE('',#2736,#2737);
#2736 = CARTESIAN_POINT('',(-1.84,2.54,7.2));
#2737 = VECTOR('',#2738,1.);
#2738 = DIRECTION('',(-0.707106781187,-0.,-0.707106781187));
#2739 = PCURVE('',#790,#2740);
#2740 = DEFINITIONAL_REPRESENTATION('',(#2741),#2744);
#2741 = B_SPLINE_CURVE_WITH_KNOTS('',1,(#2742,#2743),.UNSPECIFIED.,.F.,
  .F.,(2,2),(0.,0.494974746831),.PIECEWISE_BEZIER_KNOTS.);
#2742 = CARTESIAN_POINT('',(0.,0.));
#2743 = CARTESIAN_POINT('',(0.,-0.35));
#2744 = ( GEOMETRIC_REPRESENTATION_CONTEXT(2) 
PARAMETRIC_REPRESENTATION_CONTEXT() REPRESENTATION_CONTEXT('2D SPACE',''
  ) );
#2745 = PCURVE('',#790,#2746);
#2746 = DEFINITIONAL_REPRESENTATION('',(#2747),#2750);
#2747 = B_SPLINE_CURVE_WITH_KNOTS('',1,(#2748,#2749),.UNSPECIFIED.,.F.,
  .F.,(2,2),(0.,0.494974746831),.PIECEWISE_BEZIER_KNOTS.);
#2748 = CARTESIAN_POINT('',(6.28318530718,0.));
#2749 = CARTESIAN_POINT('',(6.28318530718,-0.35));
#2750 = ( GEOMETRIC_REPRESENTATION_CONTEXT(2) 
PARAMETRIC_REPRESENTATION_CONTEXT() REPRESENTATION_CONTEXT('2D SPACE',''
  ) );
#2751 = ORIENTED_EDGE('',*,*,#773,.T.);
#2752 = ORIENTED_EDGE('',*,*,#2731,.T.);
#2753 = ORIENTED_EDGE('',*,*,#2754,.F.);
#2754 = EDGE_CURVE('',#2732,#2732,#2755,.T.);
#2755 = SURFACE_CURVE('',#2756,(#2761,#2768),.PCURVE_S1.);
#2756 = CIRCLE('',#2757,0.35);
#2757 = AXIS2_PLACEMENT_3D('',#2758,#2759,#2760);
#2758 = CARTESIAN_POINT('',(-2.54,2.54,6.85));
#2759 = DIRECTION('',(0.,0.,1.));
#2760 = DIRECTION('',(1.,0.,0.));
#2761 = PCURVE('',#790,#2762);
#2762 = DEFINITIONAL_REPRESENTATION('',(#2763),#2767);
#2763 = LINE('',#2764,#2765);
#2764 = CARTESIAN_POINT('',(0.,-0.35));
#2765 = VECTOR('',#2766,1.);
#2766 = DIRECTION('',(1.,-0.));
#2767 = ( GEOMETRIC_REPRESENTATION_CONTEXT(2) 
PARAMETRIC_REPRESENTATION_CONTEXT() REPRESENTATION_CONTEXT('2D SPACE',''
  ) );
#2768 = PCURVE('',#2769,#2774);
#2769 = CYLINDRICAL_SURFACE('',#2770,0.35);
#2770 = AXIS2_PLACEMENT_3D('',#2771,#2772,#2773);
#2771 = CARTESIAN_POINT('',(-2.54,2.54,1.44));
#2772 = DIRECTION('',(0.,0.,1.));
#2773 = DIRECTION('',(1.,0.,0.));
#2774 = DEFINITIONAL_REPRESENTATION('',(#2775),#2779);
#2775 = LINE('',#2776,#2777);
#2776 = CARTESIAN_POINT('',(0.,5.41));
#2777 = VECTOR('',#2778,1.);
#2778 = DIRECTION('',(1.,0.));
#2779 = ( GEOMETRIC_REPRESENTATION_CONTEXT(2) 
PARAMETRIC_REPRESENTATION_CONTEXT() REPRESENTATION_CONTEXT('2D SPACE',''
  ) );
#2780 = ADVANCED_FACE('',(#2781),#821,.F.);
#2781 = FACE_BOUND('',#2782,.T.);
#2782 = EDGE_LOOP('',(#2783,#2804,#2805,#2806));
#2783 = ORIENTED_EDGE('',*,*,#2784,.F.);
#2784 = EDGE_CURVE('',#805,#2785,#2787,.T.);
#2785 = VERTEX_POINT('',#2786);
#2786 = CARTESIAN_POINT('',(-4.73,2.54,6.85));
#2787 = SEAM_CURVE('',#2788,(#2792,#2798),.PCURVE_S1.);
#2788 = LINE('',#2789,#2790);
#2789 = CARTESIAN_POINT('',(-4.38,2.54,7.2));
#2790 = VECTOR('',#2791,1.);
#2791 = DIRECTION('',(-0.707106781187,-0.,-0.707106781187));
#2792 = PCURVE('',#821,#2793);
#2793 = DEFINITIONAL_REPRESENTATION('',(#2794),#2797);
#2794 = B_SPLINE_CURVE_WITH_KNOTS('',1,(#2795,#2796),.UNSPECIFIED.,.F.,
  .F.,(2,2),(0.,0.494974746831),.PIECEWISE_BEZIER_KNOTS.);
#2795 = CARTESIAN_POINT('',(0.,0.));
#2796 = CARTESIAN_POINT('',(0.,-0.35));
#2797 = ( GEOMETRIC_REPRESENTATION_CONTEXT(2) 
PARAMETRIC_REPRESENTATION_CONTEXT() REPRESENTATION_CONTEXT('2D SPACE',''
  ) );
#2798 = PCURVE('',#821,#2799);
#2799 = DEFINITIONAL_REPRESENTATION('',(#2800),#2803);
#2800 = B_SPLINE_CURVE_WITH_KNOTS('',1,(#2801,#2802),.UNSPECIFIED.,.F.,
  .F.,(2,2),(0.,0.494974746831),.PIECEWISE_BEZIER_KNOTS.);
#2801 = CARTESIAN_POINT('',(6.28318530718,0.));
#2802 = CARTESIAN_POINT('',(6.28318530718,-0.35));
#2803 = ( GEOMETRIC_REPRESENTATION_CONTEXT(2) 
PARAMETRIC_REPRESENTATION_CONTEXT() REPRESENTATION_CONTEXT('2D SPACE',''
  ) );
#2804 = ORIENTED_EDGE('',*,*,#804,.T.);
#2805 = ORIENTED_EDGE('',*,*,#2784,.T.);
#2806 = ORIENTED_EDGE('',*,*,#2807,.F.);
#2807 = EDGE_CURVE('',#2785,#2785,#2808,.T.);
#2808 = SURFACE_CURVE('',#2809,(#2814,#2821),.PCURVE_S1.);
#2809 = CIRCLE('',#2810,0.35);
#2810 = AXIS2_PLACEMENT_3D('',#2811,#2812,#2813);
#2811 = CARTESIAN_POINT('',(-5.08,2.54,6.85));
#2812 = DIRECTION('',(0.,0.,1.));
#2813 = DIRECTION('',(1.,0.,0.));
#2814 = PCURVE('',#821,#2815);
#2815 = DEFINITIONAL_REPRESENTATION('',(#2816),#2820);
#2816 = LINE('',#2817,#2818);
#2817 = CARTESIAN_POINT('',(0.,-0.35));
#2818 = VECTOR('',#2819,1.);
#2819 = DIRECTION('',(1.,-0.));
#2820 = ( GEOMETRIC_REPRESENTATION_CONTEXT(2) 
PARAMETRIC_REPRESENTATION_CONTEXT() REPRESENTATION_CONTEXT('2D SPACE',''
  ) );
#2821 = PCURVE('',#2822,#2827);
#2822 = CYLINDRICAL_SURFACE('',#2823,0.35);
#2823 = AXIS2_PLACEMENT_3D('',#2824,#2825,#2826);
#2824 = CARTESIAN_POINT('',(-5.08,2.54,1.44));
#2825 = DIRECTION('',(0.,0.,1.));
#2826 = DIRECTION('',(1.,0.,0.));
#2827 = DEFINITIONAL_REPRESENTATION('',(#2828),#2832);
#2828 = LINE('',#2829,#2830);
#2829 = CARTESIAN_POINT('',(0.,5.41));
#2830 = VECTOR('',#2831,1.);
#2831 = DIRECTION('',(1.,0.));
#2832 = ( GEOMETRIC_REPRESENTATION_CONTEXT(2) 
PARAMETRIC_REPRESENTATION_CONTEXT() REPRESENTATION_CONTEXT('2D SPACE',''
  ) );
#2833 = ADVANCED_FACE('',(#2834),#852,.F.);
#2834 = FACE_BOUND('',#2835,.T.);
#2835 = EDGE_LOOP('',(#2836,#2857,#2858,#2859));
#2836 = ORIENTED_EDGE('',*,*,#2837,.F.);
#2837 = EDGE_CURVE('',#836,#2838,#2840,.T.);
#2838 = VERTEX_POINT('',#2839);
#2839 = CARTESIAN_POINT('',(-17.43,2.54,6.85));
#2840 = SEAM_CURVE('',#2841,(#2845,#2851),.PCURVE_S1.);
#2841 = LINE('',#2842,#2843);
#2842 = CARTESIAN_POINT('',(-17.08,2.54,7.2));
#2843 = VECTOR('',#2844,1.);
#2844 = DIRECTION('',(-0.707106781187,-0.,-0.707106781187));
#2845 = PCURVE('',#852,#2846);
#2846 = DEFINITIONAL_REPRESENTATION('',(#2847),#2850);
#2847 = B_SPLINE_CURVE_WITH_KNOTS('',1,(#2848,#2849),.UNSPECIFIED.,.F.,
  .F.,(2,2),(0.,0.494974746831),.PIECEWISE_BEZIER_KNOTS.);
#2848 = CARTESIAN_POINT('',(0.,0.));
#2849 = CARTESIAN_POINT('',(0.,-0.35));
#2850 = ( GEOMETRIC_REPRESENTATION_CONTEXT(2) 
PARAMETRIC_REPRESENTATION_CONTEXT() REPRESENTATION_CONTEXT('2D SPACE',''
  ) );
#2851 = PCURVE('',#852,#2852);
#2852 = DEFINITIONAL_REPRESENTATION('',(#2853),#2856);
#2853 = B_SPLINE_CURVE_WITH_KNOTS('',1,(#2854,#2855),.UNSPECIFIED.,.F.,
  .F.,(2,2),(0.,0.494974746831),.PIECEWISE_BEZIER_KNOTS.);
#2854 = CARTESIAN_POINT('',(6.28318530718,0.));
#2855 = CARTESIAN_POINT('',(6.28318530718,-0.35));
#2856 = ( GEOMETRIC_REPRESENTATION_CONTEXT(2) 
PARAMETRIC_REPRESENTATION_CONTEXT() REPRESENTATION_CONTEXT('2D SPACE',''
  ) );
#2857 = ORIENTED_EDGE('',*,*,#835,.T.);
#2858 = ORIENTED_EDGE('',*,*,#2837,.T.);
#2859 = ORIENTED_EDGE('',*,*,#2860,.F.);
#2860 = EDGE_CURVE('',#2838,#2838,#2861,.T.);
#2861 = SURFACE_CURVE('',#2862,(#2867,#2874),.PCURVE_S1.);
#2862 = CIRCLE('',#2863,0.35);
#2863 = AXIS2_PLACEMENT_3D('',#2864,#2865,#2866);
#2864 = CARTESIAN_POINT('',(-17.78,2.54,6.85));
#2865 = DIRECTION('',(0.,0.,1.));
#2866 = DIRECTION('',(1.,0.,0.));
#2867 = PCURVE('',#852,#2868);
#2868 = DEFINITIONAL_REPRESENTATION('',(#2869),#2873);
#2869 = LINE('',#2870,#2871);
#2870 = CARTESIAN_POINT('',(0.,-0.35));
#2871 = VECTOR('',#2872,1.);
#2872 = DIRECTION('',(1.,-0.));
#2873 = ( GEOMETRIC_REPRESENTATION_CONTEXT(2) 
PARAMETRIC_REPRESENTATION_CONTEXT() REPRESENTATION_CONTEXT('2D SPACE',''
  ) );
#2874 = PCURVE('',#2875,#2880);
#2875 = CYLINDRICAL_SURFACE('',#2876,0.35);
#2876 = AXIS2_PLACEMENT_3D('',#2877,#2878,#2879);
#2877 = CARTESIAN_POINT('',(-17.78,2.54,1.44));
#2878 = DIRECTION('',(0.,0.,1.));
#2879 = DIRECTION('',(1.,0.,0.));
#2880 = DEFINITIONAL_REPRESENTATION('',(#2881),#2885);
#2881 = LINE('',#2882,#2883);
#2882 = CARTESIAN_POINT('',(0.,5.41));
#2883 = VECTOR('',#2884,1.);
#2884 = DIRECTION('',(1.,0.));
#2885 = ( GEOMETRIC_REPRESENTATION_CONTEXT(2) 
PARAMETRIC_REPRESENTATION_CONTEXT() REPRESENTATION_CONTEXT('2D SPACE',''
  ) );
#2886 = ADVANCED_FACE('',(#2887),#883,.F.);
#2887 = FACE_BOUND('',#2888,.T.);
#2888 = EDGE_LOOP('',(#2889,#2910,#2911,#2912));
#2889 = ORIENTED_EDGE('',*,*,#2890,.F.);
#2890 = EDGE_CURVE('',#867,#2891,#2893,.T.);
#2891 = VERTEX_POINT('',#2892);
#2892 = CARTESIAN_POINT('',(-14.89,2.54,6.85));
#2893 = SEAM_CURVE('',#2894,(#2898,#2904),.PCURVE_S1.);
#2894 = LINE('',#2895,#2896);
#2895 = CARTESIAN_POINT('',(-14.54,2.54,7.2));
#2896 = VECTOR('',#2897,1.);
#2897 = DIRECTION('',(-0.707106781187,-0.,-0.707106781187));
#2898 = PCURVE('',#883,#2899);
#2899 = DEFINITIONAL_REPRESENTATION('',(#2900),#2903);
#2900 = B_SPLINE_CURVE_WITH_KNOTS('',1,(#2901,#2902),.UNSPECIFIED.,.F.,
  .F.,(2,2),(0.,0.494974746831),.PIECEWISE_BEZIER_KNOTS.);
#2901 = CARTESIAN_POINT('',(0.,0.));
#2902 = CARTESIAN_POINT('',(0.,-0.35));
#2903 = ( GEOMETRIC_REPRESENTATION_CONTEXT(2) 
PARAMETRIC_REPRESENTATION_CONTEXT() REPRESENTATION_CONTEXT('2D SPACE',''
  ) );
#2904 = PCURVE('',#883,#2905);
#2905 = DEFINITIONAL_REPRESENTATION('',(#2906),#2909);
#2906 = B_SPLINE_CURVE_WITH_KNOTS('',1,(#2907,#2908),.UNSPECIFIED.,.F.,
  .F.,(2,2),(0.,0.494974746831),.PIECEWISE_BEZIER_KNOTS.);
#2907 = CARTESIAN_POINT('',(6.28318530718,0.));
#2908 = CARTESIAN_POINT('',(6.28318530718,-0.35));
#2909 = ( GEOMETRIC_REPRESENTATION_CONTEXT(2) 
PARAMETRIC_REPRESENTATION_CONTEXT() REPRESENTATION_CONTEXT('2D SPACE',''
  ) );
#2910 = ORIENTED_EDGE('',*,*,#866,.T.);
#2911 = ORIENTED_EDGE('',*,*,#2890,.T.);
#2912 = ORIENTED_EDGE('',*,*,#2913,.F.);
#2913 = EDGE_CURVE('',#2891,#2891,#2914,.T.);
#2914 = SURFACE_CURVE('',#2915,(#2920,#2927),.PCURVE_S1.);
#2915 = CIRCLE('',#2916,0.35);
#2916 = AXIS2_PLACEMENT_3D('',#2917,#2918,#2919);
#2917 = CARTESIAN_POINT('',(-15.24,2.54,6.85));
#2918 = DIRECTION('',(0.,0.,1.));
#2919 = DIRECTION('',(1.,0.,0.));
#2920 = PCURVE('',#883,#2921);
#2921 = DEFINITIONAL_REPRESENTATION('',(#2922),#2926);
#2922 = LINE('',#2923,#2924);
#2923 = CARTESIAN_POINT('',(0.,-0.35));
#2924 = VECTOR('',#2925,1.);
#2925 = DIRECTION('',(1.,-0.));
#2926 = ( GEOMETRIC_REPRESENTATION_CONTEXT(2) 
PARAMETRIC_REPRESENTATION_CONTEXT() REPRESENTATION_CONTEXT('2D SPACE',''
  ) );
#2927 = PCURVE('',#2928,#2933);
#2928 = CYLINDRICAL_SURFACE('',#2929,0.35);
#2929 = AXIS2_PLACEMENT_3D('',#2930,#2931,#2932);
#2930 = CARTESIAN_POINT('',(-15.24,2.54,1.44));
#2931 = DIRECTION('',(0.,0.,1.));
#2932 = DIRECTION('',(1.,0.,0.));
#2933 = DEFINITIONAL_REPRESENTATION('',(#2934),#2938);
#2934 = LINE('',#2935,#2936);
#2935 = CARTESIAN_POINT('',(0.,5.41));
#2936 = VECTOR('',#2937,1.);
#2937 = DIRECTION('',(1.,0.));
#2938 = ( GEOMETRIC_REPRESENTATION_CONTEXT(2) 
PARAMETRIC_REPRESENTATION_CONTEXT() REPRESENTATION_CONTEXT('2D SPACE',''
  ) );
#2939 = ADVANCED_FACE('',(#2940),#914,.F.);
#2940 = FACE_BOUND('',#2941,.T.);
#2941 = EDGE_LOOP('',(#2942,#2963,#2964,#2965));
#2942 = ORIENTED_EDGE('',*,*,#2943,.F.);
#2943 = EDGE_CURVE('',#898,#2944,#2946,.T.);
#2944 = VERTEX_POINT('',#2945);
#2945 = CARTESIAN_POINT('',(0.35,2.54,6.85));
#2946 = SEAM_CURVE('',#2947,(#2951,#2957),.PCURVE_S1.);
#2947 = LINE('',#2948,#2949);
#2948 = CARTESIAN_POINT('',(0.7,2.54,7.2));
#2949 = VECTOR('',#2950,1.);
#2950 = DIRECTION('',(-0.707106781187,-0.,-0.707106781187));
#2951 = PCURVE('',#914,#2952);
#2952 = DEFINITIONAL_REPRESENTATION('',(#2953),#2956);
#2953 = B_SPLINE_CURVE_WITH_KNOTS('',1,(#2954,#2955),.UNSPECIFIED.,.F.,
  .F.,(2,2),(0.,0.494974746831),.PIECEWISE_BEZIER_KNOTS.);
#2954 = CARTESIAN_POINT('',(0.,0.));
#2955 = CARTESIAN_POINT('',(0.,-0.35));
#2956 = ( GEOMETRIC_REPRESENTATION_CONTEXT(2) 
PARAMETRIC_REPRESENTATION_CONTEXT() REPRESENTATION_CONTEXT('2D SPACE',''
  ) );
#2957 = PCURVE('',#914,#2958);
#2958 = DEFINITIONAL_REPRESENTATION('',(#2959),#2962);
#2959 = B_SPLINE_CURVE_WITH_KNOTS('',1,(#2960,#2961),.UNSPECIFIED.,.F.,
  .F.,(2,2),(0.,0.494974746831),.PIECEWISE_BEZIER_KNOTS.);
#2960 = CARTESIAN_POINT('',(6.28318530718,0.));
#2961 = CARTESIAN_POINT('',(6.28318530718,-0.35));
#2962 = ( GEOMETRIC_REPRESENTATION_CONTEXT(2) 
PARAMETRIC_REPRESENTATION_CONTEXT() REPRESENTATION_CONTEXT('2D SPACE',''
  ) );
#2963 = ORIENTED_EDGE('',*,*,#897,.T.);
#2964 = ORIENTED_EDGE('',*,*,#2943,.T.);
#2965 = ORIENTED_EDGE('',*,*,#2966,.F.);
#2966 = EDGE_CURVE('',#2944,#2944,#2967,.T.);
#2967 = SURFACE_CURVE('',#2968,(#2973,#2980),.PCURVE_S1.);
#2968 = CIRCLE('',#2969,0.35);
#2969 = AXIS2_PLACEMENT_3D('',#2970,#2971,#2972);
#2970 = CARTESIAN_POINT('',(0.,2.54,6.85));
#2971 = DIRECTION('',(0.,0.,1.));
#2972 = DIRECTION('',(1.,0.,0.));
#2973 = PCURVE('',#914,#2974);
#2974 = DEFINITIONAL_REPRESENTATION('',(#2975),#2979);
#2975 = LINE('',#2976,#2977);
#2976 = CARTESIAN_POINT('',(0.,-0.35));
#2977 = VECTOR('',#2978,1.);
#2978 = DIRECTION('',(1.,-0.));
#2979 = ( GEOMETRIC_REPRESENTATION_CONTEXT(2) 
PARAMETRIC_REPRESENTATION_CONTEXT() REPRESENTATION_CONTEXT('2D SPACE',''
  ) );
#2980 = PCURVE('',#2981,#2986);
#2981 = CYLINDRICAL_SURFACE('',#2982,0.35);
#2982 = AXIS2_PLACEMENT_3D('',#2983,#2984,#2985);
#2983 = CARTESIAN_POINT('',(0.,2.54,1.44));
#2984 = DIRECTION('',(0.,0.,1.));
#2985 = DIRECTION('',(1.,0.,0.));
#2986 = DEFINITIONAL_REPRESENTATION('',(#2987),#2991);
#2987 = LINE('',#2988,#2989);
#2988 = CARTESIAN_POINT('',(0.,5.41));
#2989 = VECTOR('',#2990,1.);
#2990 = DIRECTION('',(1.,0.));
#2991 = ( GEOMETRIC_REPRESENTATION_CONTEXT(2) 
PARAMETRIC_REPRESENTATION_CONTEXT() REPRESENTATION_CONTEXT('2D SPACE',''
  ) );
#2992 = ADVANCED_FACE('',(#2993),#945,.F.);
#2993 = FACE_BOUND('',#2994,.T.);
#2994 = EDGE_LOOP('',(#2995,#3016,#3017,#3018));
#2995 = ORIENTED_EDGE('',*,*,#2996,.F.);
#2996 = EDGE_CURVE('',#929,#2997,#2999,.T.);
#2997 = VERTEX_POINT('',#2998);
#2998 = CARTESIAN_POINT('',(-19.97,0.,6.85));
#2999 = SEAM_CURVE('',#3000,(#3004,#3010),.PCURVE_S1.);
#3000 = LINE('',#3001,#3002);
#3001 = CARTESIAN_POINT('',(-19.62,0.,7.2));
#3002 = VECTOR('',#3003,1.);
#3003 = DIRECTION('',(-0.707106781187,-0.,-0.707106781187));
#3004 = PCURVE('',#945,#3005);
#3005 = DEFINITIONAL_REPRESENTATION('',(#3006),#3009);
#3006 = B_SPLINE_CURVE_WITH_KNOTS('',1,(#3007,#3008),.UNSPECIFIED.,.F.,
  .F.,(2,2),(0.,0.494974746831),.PIECEWISE_BEZIER_KNOTS.);
#3007 = CARTESIAN_POINT('',(0.,0.));
#3008 = CARTESIAN_POINT('',(0.,-0.35));
#3009 = ( GEOMETRIC_REPRESENTATION_CONTEXT(2) 
PARAMETRIC_REPRESENTATION_CONTEXT() REPRESENTATION_CONTEXT('2D SPACE',''
  ) );
#3010 = PCURVE('',#945,#3011);
#3011 = DEFINITIONAL_REPRESENTATION('',(#3012),#3015);
#3012 = B_SPLINE_CURVE_WITH_KNOTS('',1,(#3013,#3014),.UNSPECIFIED.,.F.,
  .F.,(2,2),(0.,0.494974746831),.PIECEWISE_BEZIER_KNOTS.);
#3013 = CARTESIAN_POINT('',(6.28318530718,0.));
#3014 = CARTESIAN_POINT('',(6.28318530718,-0.35));
#3015 = ( GEOMETRIC_REPRESENTATION_CONTEXT(2) 
PARAMETRIC_REPRESENTATION_CONTEXT() REPRESENTATION_CONTEXT('2D SPACE',''
  ) );
#3016 = ORIENTED_EDGE('',*,*,#928,.T.);
#3017 = ORIENTED_EDGE('',*,*,#2996,.T.);
#3018 = ORIENTED_EDGE('',*,*,#3019,.F.);
#3019 = EDGE_CURVE('',#2997,#2997,#3020,.T.);
#3020 = SURFACE_CURVE('',#3021,(#3026,#3033),.PCURVE_S1.);
#3021 = CIRCLE('',#3022,0.35);
#3022 = AXIS2_PLACEMENT_3D('',#3023,#3024,#3025);
#3023 = CARTESIAN_POINT('',(-20.32,0.,6.85));
#3024 = DIRECTION('',(0.,0.,1.));
#3025 = DIRECTION('',(1.,0.,0.));
#3026 = PCURVE('',#945,#3027);
#3027 = DEFINITIONAL_REPRESENTATION('',(#3028),#3032);
#3028 = LINE('',#3029,#3030);
#3029 = CARTESIAN_POINT('',(0.,-0.35));
#3030 = VECTOR('',#3031,1.);
#3031 = DIRECTION('',(1.,-0.));
#3032 = ( GEOMETRIC_REPRESENTATION_CONTEXT(2) 
PARAMETRIC_REPRESENTATION_CONTEXT() REPRESENTATION_CONTEXT('2D SPACE',''
  ) );
#3033 = PCURVE('',#3034,#3039);
#3034 = CYLINDRICAL_SURFACE('',#3035,0.35);
#3035 = AXIS2_PLACEMENT_3D('',#3036,#3037,#3038);
#3036 = CARTESIAN_POINT('',(-20.32,0.,1.44));
#3037 = DIRECTION('',(0.,0.,1.));
#3038 = DIRECTION('',(1.,0.,0.));
#3039 = DEFINITIONAL_REPRESENTATION('',(#3040),#3044);
#3040 = LINE('',#3041,#3042);
#3041 = CARTESIAN_POINT('',(0.,5.41));
#3042 = VECTOR('',#3043,1.);
#3043 = DIRECTION('',(1.,0.));
#3044 = ( GEOMETRIC_REPRESENTATION_CONTEXT(2) 
PARAMETRIC_REPRESENTATION_CONTEXT() REPRESENTATION_CONTEXT('2D SPACE',''
  ) );
#3045 = ADVANCED_FACE('',(#3046),#976,.F.);
#3046 = FACE_BOUND('',#3047,.T.);
#3047 = EDGE_LOOP('',(#3048,#3069,#3070,#3071));
#3048 = ORIENTED_EDGE('',*,*,#3049,.F.);
#3049 = EDGE_CURVE('',#960,#3050,#3052,.T.);
#3050 = VERTEX_POINT('',#3051);
#3051 = CARTESIAN_POINT('',(-19.97,2.54,6.85));
#3052 = SEAM_CURVE('',#3053,(#3057,#3063),.PCURVE_S1.);
#3053 = LINE('',#3054,#3055);
#3054 = CARTESIAN_POINT('',(-19.62,2.54,7.2));
#3055 = VECTOR('',#3056,1.);
#3056 = DIRECTION('',(-0.707106781187,-0.,-0.707106781187));
#3057 = PCURVE('',#976,#3058);
#3058 = DEFINITIONAL_REPRESENTATION('',(#3059),#3062);
#3059 = B_SPLINE_CURVE_WITH_KNOTS('',1,(#3060,#3061),.UNSPECIFIED.,.F.,
  .F.,(2,2),(0.,0.494974746831),.PIECEWISE_BEZIER_KNOTS.);
#3060 = CARTESIAN_POINT('',(0.,0.));
#3061 = CARTESIAN_POINT('',(0.,-0.35));
#3062 = ( GEOMETRIC_REPRESENTATION_CONTEXT(2) 
PARAMETRIC_REPRESENTATION_CONTEXT() REPRESENTATION_CONTEXT('2D SPACE',''
  ) );
#3063 = PCURVE('',#976,#3064);
#3064 = DEFINITIONAL_REPRESENTATION('',(#3065),#3068);
#3065 = B_SPLINE_CURVE_WITH_KNOTS('',1,(#3066,#3067),.UNSPECIFIED.,.F.,
  .F.,(2,2),(0.,0.494974746831),.PIECEWISE_BEZIER_KNOTS.);
#3066 = CARTESIAN_POINT('',(6.28318530718,0.));
#3067 = CARTESIAN_POINT('',(6.28318530718,-0.35));
#3068 = ( GEOMETRIC_REPRESENTATION_CONTEXT(2) 
PARAMETRIC_REPRESENTATION_CONTEXT() REPRESENTATION_CONTEXT('2D SPACE',''
  ) );
#3069 = ORIENTED_EDGE('',*,*,#959,.T.);
#3070 = ORIENTED_EDGE('',*,*,#3049,.T.);
#3071 = ORIENTED_EDGE('',*,*,#3072,.F.);
#3072 = EDGE_CURVE('',#3050,#3050,#3073,.T.);
#3073 = SURFACE_CURVE('',#3074,(#3079,#3086),.PCURVE_S1.);
#3074 = CIRCLE('',#3075,0.35);
#3075 = AXIS2_PLACEMENT_3D('',#3076,#3077,#3078);
#3076 = CARTESIAN_POINT('',(-20.32,2.54,6.85));
#3077 = DIRECTION('',(0.,0.,1.));
#3078 = DIRECTION('',(1.,0.,0.));
#3079 = PCURVE('',#976,#3080);
#3080 = DEFINITIONAL_REPRESENTATION('',(#3081),#3085);
#3081 = LINE('',#3082,#3083);
#3082 = CARTESIAN_POINT('',(0.,-0.35));
#3083 = VECTOR('',#3084,1.);
#3084 = DIRECTION('',(1.,-0.));
#3085 = ( GEOMETRIC_REPRESENTATION_CONTEXT(2) 
PARAMETRIC_REPRESENTATION_CONTEXT() REPRESENTATION_CONTEXT('2D SPACE',''
  ) );
#3086 = PCURVE('',#3087,#3092);
#3087 = CYLINDRICAL_SURFACE('',#3088,0.35);
#3088 = AXIS2_PLACEMENT_3D('',#3089,#3090,#3091);
#3089 = CARTESIAN_POINT('',(-20.32,2.54,1.44));
#3090 = DIRECTION('',(0.,0.,1.));
#3091 = DIRECTION('',(1.,0.,0.));
#3092 = DEFINITIONAL_REPRESENTATION('',(#3093),#3097);
#3093 = LINE('',#3094,#3095);
#3094 = CARTESIAN_POINT('',(0.,5.41));
#3095 = VECTOR('',#3096,1.);
#3096 = DIRECTION('',(1.,0.));
#3097 = ( GEOMETRIC_REPRESENTATION_CONTEXT(2) 
PARAMETRIC_REPRESENTATION_CONTEXT() REPRESENTATION_CONTEXT('2D SPACE',''
  ) );
#3098 = ADVANCED_FACE('',(#3099),#1007,.F.);
#3099 = FACE_BOUND('',#3100,.T.);
#3100 = EDGE_LOOP('',(#3101,#3122,#3123,#3124));
#3101 = ORIENTED_EDGE('',*,*,#3102,.F.);
#3102 = EDGE_CURVE('',#991,#3103,#3105,.T.);
#3103 = VERTEX_POINT('',#3104);
#3104 = CARTESIAN_POINT('',(-40.29,0.,6.85));
#3105 = SEAM_CURVE('',#3106,(#3110,#3116),.PCURVE_S1.);
#3106 = LINE('',#3107,#3108);
#3107 = CARTESIAN_POINT('',(-39.94,0.,7.2));
#3108 = VECTOR('',#3109,1.);
#3109 = DIRECTION('',(-0.707106781187,-0.,-0.707106781187));
#3110 = PCURVE('',#1007,#3111);
#3111 = DEFINITIONAL_REPRESENTATION('',(#3112),#3115);
#3112 = B_SPLINE_CURVE_WITH_KNOTS('',1,(#3113,#3114),.UNSPECIFIED.,.F.,
  .F.,(2,2),(0.,0.494974746831),.PIECEWISE_BEZIER_KNOTS.);
#3113 = CARTESIAN_POINT('',(0.,0.));
#3114 = CARTESIAN_POINT('',(0.,-0.35));
#3115 = ( GEOMETRIC_REPRESENTATION_CONTEXT(2) 
PARAMETRIC_REPRESENTATION_CONTEXT() REPRESENTATION_CONTEXT('2D SPACE',''
  ) );
#3116 = PCURVE('',#1007,#3117);
#3117 = DEFINITIONAL_REPRESENTATION('',(#3118),#3121);
#3118 = B_SPLINE_CURVE_WITH_KNOTS('',1,(#3119,#3120),.UNSPECIFIED.,.F.,
  .F.,(2,2),(0.,0.494974746831),.PIECEWISE_BEZIER_KNOTS.);
#3119 = CARTESIAN_POINT('',(6.28318530718,0.));
#3120 = CARTESIAN_POINT('',(6.28318530718,-0.35));
#3121 = ( GEOMETRIC_REPRESENTATION_CONTEXT(2) 
PARAMETRIC_REPRESENTATION_CONTEXT() REPRESENTATION_CONTEXT('2D SPACE',''
  ) );
#3122 = ORIENTED_EDGE('',*,*,#990,.T.);
#3123 = ORIENTED_EDGE('',*,*,#3102,.T.);
#3124 = ORIENTED_EDGE('',*,*,#3125,.F.);
#3125 = EDGE_CURVE('',#3103,#3103,#3126,.T.);
#3126 = SURFACE_CURVE('',#3127,(#3132,#3139),.PCURVE_S1.);
#3127 = CIRCLE('',#3128,0.35);
#3128 = AXIS2_PLACEMENT_3D('',#3129,#3130,#3131);
#3129 = CARTESIAN_POINT('',(-40.64,0.,6.85));
#3130 = DIRECTION('',(0.,0.,1.));
#3131 = DIRECTION('',(1.,0.,0.));
#3132 = PCURVE('',#1007,#3133);
#3133 = DEFINITIONAL_REPRESENTATION('',(#3134),#3138);
#3134 = LINE('',#3135,#3136);
#3135 = CARTESIAN_POINT('',(0.,-0.35));
#3136 = VECTOR('',#3137,1.);
#3137 = DIRECTION('',(1.,-0.));
#3138 = ( GEOMETRIC_REPRESENTATION_CONTEXT(2) 
PARAMETRIC_REPRESENTATION_CONTEXT() REPRESENTATION_CONTEXT('2D SPACE',''
  ) );
#3139 = PCURVE('',#3140,#3145);
#3140 = CYLINDRICAL_SURFACE('',#3141,0.35);
#3141 = AXIS2_PLACEMENT_3D('',#3142,#3143,#3144);
#3142 = CARTESIAN_POINT('',(-40.64,0.,1.44));
#3143 = DIRECTION('',(0.,0.,1.));
#3144 = DIRECTION('',(1.,0.,0.));
#3145 = DEFINITIONAL_REPRESENTATION('',(#3146),#3150);
#3146 = LINE('',#3147,#3148);
#3147 = CARTESIAN_POINT('',(0.,5.41));
#3148 = VECTOR('',#3149,1.);
#3149 = DIRECTION('',(1.,0.));
#3150 = ( GEOMETRIC_REPRESENTATION_CONTEXT(2) 
PARAMETRIC_REPRESENTATION_CONTEXT() REPRESENTATION_CONTEXT('2D SPACE',''
  ) );
#3151 = ADVANCED_FACE('',(#3152),#1038,.F.);
#3152 = FACE_BOUND('',#3153,.T.);
#3153 = EDGE_LOOP('',(#3154,#3175,#3176,#3177));
#3154 = ORIENTED_EDGE('',*,*,#3155,.F.);
#3155 = EDGE_CURVE('',#1022,#3156,#3158,.T.);
#3156 = VERTEX_POINT('',#3157);
#3157 = CARTESIAN_POINT('',(-40.29,2.54,6.85));
#3158 = SEAM_CURVE('',#3159,(#3163,#3169),.PCURVE_S1.);
#3159 = LINE('',#3160,#3161);
#3160 = CARTESIAN_POINT('',(-39.94,2.54,7.2));
#3161 = VECTOR('',#3162,1.);
#3162 = DIRECTION('',(-0.707106781187,-0.,-0.707106781187));
#3163 = PCURVE('',#1038,#3164);
#3164 = DEFINITIONAL_REPRESENTATION('',(#3165),#3168);
#3165 = B_SPLINE_CURVE_WITH_KNOTS('',1,(#3166,#3167),.UNSPECIFIED.,.F.,
  .F.,(2,2),(0.,0.494974746831),.PIECEWISE_BEZIER_KNOTS.);
#3166 = CARTESIAN_POINT('',(0.,0.));
#3167 = CARTESIAN_POINT('',(0.,-0.35));
#3168 = ( GEOMETRIC_REPRESENTATION_CONTEXT(2) 
PARAMETRIC_REPRESENTATION_CONTEXT() REPRESENTATION_CONTEXT('2D SPACE',''
  ) );
#3169 = PCURVE('',#1038,#3170);
#3170 = DEFINITIONAL_REPRESENTATION('',(#3171),#3174);
#3171 = B_SPLINE_CURVE_WITH_KNOTS('',1,(#3172,#3173),.UNSPECIFIED.,.F.,
  .F.,(2,2),(0.,0.494974746831),.PIECEWISE_BEZIER_KNOTS.);
#3172 = CARTESIAN_POINT('',(6.28318530718,0.));
#3173 = CARTESIAN_POINT('',(6.28318530718,-0.35));
#3174 = ( GEOMETRIC_REPRESENTATION_CONTEXT(2) 
PARAMETRIC_REPRESENTATION_CONTEXT() REPRESENTATION_CONTEXT('2D SPACE',''
  ) );
#3175 = ORIENTED_EDGE('',*,*,#1021,.T.);
#3176 = ORIENTED_EDGE('',*,*,#3155,.T.);
#3177 = ORIENTED_EDGE('',*,*,#3178,.F.);
#3178 = EDGE_CURVE('',#3156,#3156,#3179,.T.);
#3179 = SURFACE_CURVE('',#3180,(#3185,#3192),.PCURVE_S1.);
#3180 = CIRCLE('',#3181,0.35);
#3181 = AXIS2_PLACEMENT_3D('',#3182,#3183,#3184);
#3182 = CARTESIAN_POINT('',(-40.64,2.54,6.85));
#3183 = DIRECTION('',(0.,0.,1.));
#3184 = DIRECTION('',(1.,0.,0.));
#3185 = PCURVE('',#1038,#3186);
#3186 = DEFINITIONAL_REPRESENTATION('',(#3187),#3191);
#3187 = LINE('',#3188,#3189);
#3188 = CARTESIAN_POINT('',(0.,-0.35));
#3189 = VECTOR('',#3190,1.);
#3190 = DIRECTION('',(1.,-0.));
#3191 = ( GEOMETRIC_REPRESENTATION_CONTEXT(2) 
PARAMETRIC_REPRESENTATION_CONTEXT() REPRESENTATION_CONTEXT('2D SPACE',''
  ) );
#3192 = PCURVE('',#3193,#3198);
#3193 = CYLINDRICAL_SURFACE('',#3194,0.35);
#3194 = AXIS2_PLACEMENT_3D('',#3195,#3196,#3197);
#3195 = CARTESIAN_POINT('',(-40.64,2.54,1.44));
#3196 = DIRECTION('',(0.,0.,1.));
#3197 = DIRECTION('',(1.,0.,0.));
#3198 = DEFINITIONAL_REPRESENTATION('',(#3199),#3203);
#3199 = LINE('',#3200,#3201);
#3200 = CARTESIAN_POINT('',(0.,5.41));
#3201 = VECTOR('',#3202,1.);
#3202 = DIRECTION('',(1.,0.));
#3203 = ( GEOMETRIC_REPRESENTATION_CONTEXT(2) 
PARAMETRIC_REPRESENTATION_CONTEXT() REPRESENTATION_CONTEXT('2D SPACE',''
  ) );
#3204 = ADVANCED_FACE('',(#3205),#1069,.F.);
#3205 = FACE_BOUND('',#3206,.T.);
#3206 = EDGE_LOOP('',(#3207,#3228,#3229,#3230));
#3207 = ORIENTED_EDGE('',*,*,#3208,.F.);
#3208 = EDGE_CURVE('',#1053,#3209,#3211,.T.);
#3209 = VERTEX_POINT('',#3210);
#3210 = CARTESIAN_POINT('',(-37.75,2.54,6.85));
#3211 = SEAM_CURVE('',#3212,(#3216,#3222),.PCURVE_S1.);
#3212 = LINE('',#3213,#3214);
#3213 = CARTESIAN_POINT('',(-37.4,2.54,7.2));
#3214 = VECTOR('',#3215,1.);
#3215 = DIRECTION('',(-0.707106781187,-0.,-0.707106781187));
#3216 = PCURVE('',#1069,#3217);
#3217 = DEFINITIONAL_REPRESENTATION('',(#3218),#3221);
#3218 = B_SPLINE_CURVE_WITH_KNOTS('',1,(#3219,#3220),.UNSPECIFIED.,.F.,
  .F.,(2,2),(0.,0.494974746831),.PIECEWISE_BEZIER_KNOTS.);
#3219 = CARTESIAN_POINT('',(0.,0.));
#3220 = CARTESIAN_POINT('',(0.,-0.35));
#3221 = ( GEOMETRIC_REPRESENTATION_CONTEXT(2) 
PARAMETRIC_REPRESENTATION_CONTEXT() REPRESENTATION_CONTEXT('2D SPACE',''
  ) );
#3222 = PCURVE('',#1069,#3223);
#3223 = DEFINITIONAL_REPRESENTATION('',(#3224),#3227);
#3224 = B_SPLINE_CURVE_WITH_KNOTS('',1,(#3225,#3226),.UNSPECIFIED.,.F.,
  .F.,(2,2),(0.,0.494974746831),.PIECEWISE_BEZIER_KNOTS.);
#3225 = CARTESIAN_POINT('',(6.28318530718,0.));
#3226 = CARTESIAN_POINT('',(6.28318530718,-0.35));
#3227 = ( GEOMETRIC_REPRESENTATION_CONTEXT(2) 
PARAMETRIC_REPRESENTATION_CONTEXT() REPRESENTATION_CONTEXT('2D SPACE',''
  ) );
#3228 = ORIENTED_EDGE('',*,*,#1052,.T.);
#3229 = ORIENTED_EDGE('',*,*,#3208,.T.);
#3230 = ORIENTED_EDGE('',*,*,#3231,.F.);
#3231 = EDGE_CURVE('',#3209,#3209,#3232,.T.);
#3232 = SURFACE_CURVE('',#3233,(#3238,#3245),.PCURVE_S1.);
#3233 = CIRCLE('',#3234,0.35);
#3234 = AXIS2_PLACEMENT_3D('',#3235,#3236,#3237);
#3235 = CARTESIAN_POINT('',(-38.1,2.54,6.85));
#3236 = DIRECTION('',(0.,0.,1.));
#3237 = DIRECTION('',(1.,0.,0.));
#3238 = PCURVE('',#1069,#3239);
#3239 = DEFINITIONAL_REPRESENTATION('',(#3240),#3244);
#3240 = LINE('',#3241,#3242);
#3241 = CARTESIAN_POINT('',(0.,-0.35));
#3242 = VECTOR('',#3243,1.);
#3243 = DIRECTION('',(1.,-0.));
#3244 = ( GEOMETRIC_REPRESENTATION_CONTEXT(2) 
PARAMETRIC_REPRESENTATION_CONTEXT() REPRESENTATION_CONTEXT('2D SPACE',''
  ) );
#3245 = PCURVE('',#3246,#3251);
#3246 = CYLINDRICAL_SURFACE('',#3247,0.35);
#3247 = AXIS2_PLACEMENT_3D('',#3248,#3249,#3250);
#3248 = CARTESIAN_POINT('',(-38.1,2.54,1.44));
#3249 = DIRECTION('',(0.,0.,1.));
#3250 = DIRECTION('',(1.,0.,0.));
#3251 = DEFINITIONAL_REPRESENTATION('',(#3252),#3256);
#3252 = LINE('',#3253,#3254);
#3253 = CARTESIAN_POINT('',(0.,5.41));
#3254 = VECTOR('',#3255,1.);
#3255 = DIRECTION('',(1.,0.));
#3256 = ( GEOMETRIC_REPRESENTATION_CONTEXT(2) 
PARAMETRIC_REPRESENTATION_CONTEXT() REPRESENTATION_CONTEXT('2D SPACE',''
  ) );
#3257 = ADVANCED_FACE('',(#3258),#1100,.F.);
#3258 = FACE_BOUND('',#3259,.T.);
#3259 = EDGE_LOOP('',(#3260,#3281,#3282,#3283));
#3260 = ORIENTED_EDGE('',*,*,#3261,.F.);
#3261 = EDGE_CURVE('',#1084,#3262,#3264,.T.);
#3262 = VERTEX_POINT('',#3263);
#3263 = CARTESIAN_POINT('',(-37.75,0.,6.85));
#3264 = SEAM_CURVE('',#3265,(#3269,#3275),.PCURVE_S1.);
#3265 = LINE('',#3266,#3267);
#3266 = CARTESIAN_POINT('',(-37.4,0.,7.2));
#3267 = VECTOR('',#3268,1.);
#3268 = DIRECTION('',(-0.707106781187,-0.,-0.707106781187));
#3269 = PCURVE('',#1100,#3270);
#3270 = DEFINITIONAL_REPRESENTATION('',(#3271),#3274);
#3271 = B_SPLINE_CURVE_WITH_KNOTS('',1,(#3272,#3273),.UNSPECIFIED.,.F.,
  .F.,(2,2),(0.,0.494974746831),.PIECEWISE_BEZIER_KNOTS.);
#3272 = CARTESIAN_POINT('',(0.,0.));
#3273 = CARTESIAN_POINT('',(0.,-0.35));
#3274 = ( GEOMETRIC_REPRESENTATION_CONTEXT(2) 
PARAMETRIC_REPRESENTATION_CONTEXT() REPRESENTATION_CONTEXT('2D SPACE',''
  ) );
#3275 = PCURVE('',#1100,#3276);
#3276 = DEFINITIONAL_REPRESENTATION('',(#3277),#3280);
#3277 = B_SPLINE_CURVE_WITH_KNOTS('',1,(#3278,#3279),.UNSPECIFIED.,.F.,
  .F.,(2,2),(0.,0.494974746831),.PIECEWISE_BEZIER_KNOTS.);
#3278 = CARTESIAN_POINT('',(6.28318530718,0.));
#3279 = CARTESIAN_POINT('',(6.28318530718,-0.35));
#3280 = ( GEOMETRIC_REPRESENTATION_CONTEXT(2) 
PARAMETRIC_REPRESENTATION_CONTEXT() REPRESENTATION_CONTEXT('2D SPACE',''
  ) );
#3281 = ORIENTED_EDGE('',*,*,#1083,.T.);
#3282 = ORIENTED_EDGE('',*,*,#3261,.T.);
#3283 = ORIENTED_EDGE('',*,*,#3284,.F.);
#3284 = EDGE_CURVE('',#3262,#3262,#3285,.T.);
#3285 = SURFACE_CURVE('',#3286,(#3291,#3298),.PCURVE_S1.);
#3286 = CIRCLE('',#3287,0.35);
#3287 = AXIS2_PLACEMENT_3D('',#3288,#3289,#3290);
#3288 = CARTESIAN_POINT('',(-38.1,0.,6.85));
#3289 = DIRECTION('',(0.,0.,1.));
#3290 = DIRECTION('',(1.,0.,0.));
#3291 = PCURVE('',#1100,#3292);
#3292 = DEFINITIONAL_REPRESENTATION('',(#3293),#3297);
#3293 = LINE('',#3294,#3295);
#3294 = CARTESIAN_POINT('',(0.,-0.35));
#3295 = VECTOR('',#3296,1.);
#3296 = DIRECTION('',(1.,-0.));
#3297 = ( GEOMETRIC_REPRESENTATION_CONTEXT(2) 
PARAMETRIC_REPRESENTATION_CONTEXT() REPRESENTATION_CONTEXT('2D SPACE',''
  ) );
#3298 = PCURVE('',#3299,#3304);
#3299 = CYLINDRICAL_SURFACE('',#3300,0.35);
#3300 = AXIS2_PLACEMENT_3D('',#3301,#3302,#3303);
#3301 = CARTESIAN_POINT('',(-38.1,0.,1.44));
#3302 = DIRECTION('',(0.,0.,1.));
#3303 = DIRECTION('',(1.,0.,0.));
#3304 = DEFINITIONAL_REPRESENTATION('',(#3305),#3309);
#3305 = LINE('',#3306,#3307);
#3306 = CARTESIAN_POINT('',(0.,5.41));
#3307 = VECTOR('',#3308,1.);
#3308 = DIRECTION('',(1.,0.));
#3309 = ( GEOMETRIC_REPRESENTATION_CONTEXT(2) 
PARAMETRIC_REPRESENTATION_CONTEXT() REPRESENTATION_CONTEXT('2D SPACE',''
  ) );
#3310 = ADVANCED_FACE('',(#3311),#1131,.F.);
#3311 = FACE_BOUND('',#3312,.T.);
#3312 = EDGE_LOOP('',(#3313,#3334,#3335,#3336));
#3313 = ORIENTED_EDGE('',*,*,#3314,.F.);
#3314 = EDGE_CURVE('',#1115,#3315,#3317,.T.);
#3315 = VERTEX_POINT('',#3316);
#3316 = CARTESIAN_POINT('',(-35.21,0.,6.85));
#3317 = SEAM_CURVE('',#3318,(#3322,#3328),.PCURVE_S1.);
#3318 = LINE('',#3319,#3320);
#3319 = CARTESIAN_POINT('',(-34.86,0.,7.2));
#3320 = VECTOR('',#3321,1.);
#3321 = DIRECTION('',(-0.707106781187,-0.,-0.707106781187));
#3322 = PCURVE('',#1131,#3323);
#3323 = DEFINITIONAL_REPRESENTATION('',(#3324),#3327);
#3324 = B_SPLINE_CURVE_WITH_KNOTS('',1,(#3325,#3326),.UNSPECIFIED.,.F.,
  .F.,(2,2),(0.,0.494974746831),.PIECEWISE_BEZIER_KNOTS.);
#3325 = CARTESIAN_POINT('',(0.,0.));
#3326 = CARTESIAN_POINT('',(0.,-0.35));
#3327 = ( GEOMETRIC_REPRESENTATION_CONTEXT(2) 
PARAMETRIC_REPRESENTATION_CONTEXT() REPRESENTATION_CONTEXT('2D SPACE',''
  ) );
#3328 = PCURVE('',#1131,#3329);
#3329 = DEFINITIONAL_REPRESENTATION('',(#3330),#3333);
#3330 = B_SPLINE_CURVE_WITH_KNOTS('',1,(#3331,#3332),.UNSPECIFIED.,.F.,
  .F.,(2,2),(0.,0.494974746831),.PIECEWISE_BEZIER_KNOTS.);
#3331 = CARTESIAN_POINT('',(6.28318530718,0.));
#3332 = CARTESIAN_POINT('',(6.28318530718,-0.35));
#3333 = ( GEOMETRIC_REPRESENTATION_CONTEXT(2) 
PARAMETRIC_REPRESENTATION_CONTEXT() REPRESENTATION_CONTEXT('2D SPACE',''
  ) );
#3334 = ORIENTED_EDGE('',*,*,#1114,.T.);
#3335 = ORIENTED_EDGE('',*,*,#3314,.T.);
#3336 = ORIENTED_EDGE('',*,*,#3337,.F.);
#3337 = EDGE_CURVE('',#3315,#3315,#3338,.T.);
#3338 = SURFACE_CURVE('',#3339,(#3344,#3351),.PCURVE_S1.);
#3339 = CIRCLE('',#3340,0.35);
#3340 = AXIS2_PLACEMENT_3D('',#3341,#3342,#3343);
#3341 = CARTESIAN_POINT('',(-35.56,0.,6.85));
#3342 = DIRECTION('',(0.,0.,1.));
#3343 = DIRECTION('',(1.,0.,0.));
#3344 = PCURVE('',#1131,#3345);
#3345 = DEFINITIONAL_REPRESENTATION('',(#3346),#3350);
#3346 = LINE('',#3347,#3348);
#3347 = CARTESIAN_POINT('',(0.,-0.35));
#3348 = VECTOR('',#3349,1.);
#3349 = DIRECTION('',(1.,-0.));
#3350 = ( GEOMETRIC_REPRESENTATION_CONTEXT(2) 
PARAMETRIC_REPRESENTATION_CONTEXT() REPRESENTATION_CONTEXT('2D SPACE',''
  ) );
#3351 = PCURVE('',#3352,#3357);
#3352 = CYLINDRICAL_SURFACE('',#3353,0.35);
#3353 = AXIS2_PLACEMENT_3D('',#3354,#3355,#3356);
#3354 = CARTESIAN_POINT('',(-35.56,0.,1.44));
#3355 = DIRECTION('',(0.,0.,1.));
#3356 = DIRECTION('',(1.,0.,0.));
#3357 = DEFINITIONAL_REPRESENTATION('',(#3358),#3362);
#3358 = LINE('',#3359,#3360);
#3359 = CARTESIAN_POINT('',(0.,5.41));
#3360 = VECTOR('',#3361,1.);
#3361 = DIRECTION('',(1.,0.));
#3362 = ( GEOMETRIC_REPRESENTATION_CONTEXT(2) 
PARAMETRIC_REPRESENTATION_CONTEXT() REPRESENTATION_CONTEXT('2D SPACE',''
  ) );
#3363 = ADVANCED_FACE('',(#3364),#1162,.F.);
#3364 = FACE_BOUND('',#3365,.T.);
#3365 = EDGE_LOOP('',(#3366,#3387,#3388,#3389));
#3366 = ORIENTED_EDGE('',*,*,#3367,.F.);
#3367 = EDGE_CURVE('',#1146,#3368,#3370,.T.);
#3368 = VERTEX_POINT('',#3369);
#3369 = CARTESIAN_POINT('',(-35.21,2.54,6.85));
#3370 = SEAM_CURVE('',#3371,(#3375,#3381),.PCURVE_S1.);
#3371 = LINE('',#3372,#3373);
#3372 = CARTESIAN_POINT('',(-34.86,2.54,7.2));
#3373 = VECTOR('',#3374,1.);
#3374 = DIRECTION('',(-0.707106781187,-0.,-0.707106781187));
#3375 = PCURVE('',#1162,#3376);
#3376 = DEFINITIONAL_REPRESENTATION('',(#3377),#3380);
#3377 = B_SPLINE_CURVE_WITH_KNOTS('',1,(#3378,#3379),.UNSPECIFIED.,.F.,
  .F.,(2,2),(0.,0.494974746831),.PIECEWISE_BEZIER_KNOTS.);
#3378 = CARTESIAN_POINT('',(0.,0.));
#3379 = CARTESIAN_POINT('',(0.,-0.35));
#3380 = ( GEOMETRIC_REPRESENTATION_CONTEXT(2) 
PARAMETRIC_REPRESENTATION_CONTEXT() REPRESENTATION_CONTEXT('2D SPACE',''
  ) );
#3381 = PCURVE('',#1162,#3382);
#3382 = DEFINITIONAL_REPRESENTATION('',(#3383),#3386);
#3383 = B_SPLINE_CURVE_WITH_KNOTS('',1,(#3384,#3385),.UNSPECIFIED.,.F.,
  .F.,(2,2),(0.,0.494974746831),.PIECEWISE_BEZIER_KNOTS.);
#3384 = CARTESIAN_POINT('',(6.28318530718,0.));
#3385 = CARTESIAN_POINT('',(6.28318530718,-0.35));
#3386 = ( GEOMETRIC_REPRESENTATION_CONTEXT(2) 
PARAMETRIC_REPRESENTATION_CONTEXT() REPRESENTATION_CONTEXT('2D SPACE',''
  ) );
#3387 = ORIENTED_EDGE('',*,*,#1145,.T.);
#3388 = ORIENTED_EDGE('',*,*,#3367,.T.);
#3389 = ORIENTED_EDGE('',*,*,#3390,.F.);
#3390 = EDGE_CURVE('',#3368,#3368,#3391,.T.);
#3391 = SURFACE_CURVE('',#3392,(#3397,#3404),.PCURVE_S1.);
#3392 = CIRCLE('',#3393,0.35);
#3393 = AXIS2_PLACEMENT_3D('',#3394,#3395,#3396);
#3394 = CARTESIAN_POINT('',(-35.56,2.54,6.85));
#3395 = DIRECTION('',(0.,0.,1.));
#3396 = DIRECTION('',(1.,0.,0.));
#3397 = PCURVE('',#1162,#3398);
#3398 = DEFINITIONAL_REPRESENTATION('',(#3399),#3403);
#3399 = LINE('',#3400,#3401);
#3400 = CARTESIAN_POINT('',(0.,-0.35));
#3401 = VECTOR('',#3402,1.);
#3402 = DIRECTION('',(1.,-0.));
#3403 = ( GEOMETRIC_REPRESENTATION_CONTEXT(2) 
PARAMETRIC_REPRESENTATION_CONTEXT() REPRESENTATION_CONTEXT('2D SPACE',''
  ) );
#3404 = PCURVE('',#3405,#3410);
#3405 = CYLINDRICAL_SURFACE('',#3406,0.35);
#3406 = AXIS2_PLACEMENT_3D('',#3407,#3408,#3409);
#3407 = CARTESIAN_POINT('',(-35.56,2.54,1.44));
#3408 = DIRECTION('',(0.,0.,1.));
#3409 = DIRECTION('',(1.,0.,0.));
#3410 = DEFINITIONAL_REPRESENTATION('',(#3411),#3415);
#3411 = LINE('',#3412,#3413);
#3412 = CARTESIAN_POINT('',(0.,5.41));
#3413 = VECTOR('',#3414,1.);
#3414 = DIRECTION('',(1.,0.));
#3415 = ( GEOMETRIC_REPRESENTATION_CONTEXT(2) 
PARAMETRIC_REPRESENTATION_CONTEXT() REPRESENTATION_CONTEXT('2D SPACE',''
  ) );
#3416 = ADVANCED_FACE('',(#3417),#1193,.F.);
#3417 = FACE_BOUND('',#3418,.T.);
#3418 = EDGE_LOOP('',(#3419,#3440,#3441,#3442));
#3419 = ORIENTED_EDGE('',*,*,#3420,.F.);
#3420 = EDGE_CURVE('',#1177,#3421,#3423,.T.);
#3421 = VERTEX_POINT('',#3422);
#3422 = CARTESIAN_POINT('',(-25.05,0.,6.85));
#3423 = SEAM_CURVE('',#3424,(#3428,#3434),.PCURVE_S1.);
#3424 = LINE('',#3425,#3426);
#3425 = CARTESIAN_POINT('',(-24.7,0.,7.2));
#3426 = VECTOR('',#3427,1.);
#3427 = DIRECTION('',(-0.707106781187,-0.,-0.707106781187));
#3428 = PCURVE('',#1193,#3429);
#3429 = DEFINITIONAL_REPRESENTATION('',(#3430),#3433);
#3430 = B_SPLINE_CURVE_WITH_KNOTS('',1,(#3431,#3432),.UNSPECIFIED.,.F.,
  .F.,(2,2),(0.,0.494974746831),.PIECEWISE_BEZIER_KNOTS.);
#3431 = CARTESIAN_POINT('',(0.,0.));
#3432 = CARTESIAN_POINT('',(0.,-0.35));
#3433 = ( GEOMETRIC_REPRESENTATION_CONTEXT(2) 
PARAMETRIC_REPRESENTATION_CONTEXT() REPRESENTATION_CONTEXT('2D SPACE',''
  ) );
#3434 = PCURVE('',#1193,#3435);
#3435 = DEFINITIONAL_REPRESENTATION('',(#3436),#3439);
#3436 = B_SPLINE_CURVE_WITH_KNOTS('',1,(#3437,#3438),.UNSPECIFIED.,.F.,
  .F.,(2,2),(0.,0.494974746831),.PIECEWISE_BEZIER_KNOTS.);
#3437 = CARTESIAN_POINT('',(6.28318530718,0.));
#3438 = CARTESIAN_POINT('',(6.28318530718,-0.35));
#3439 = ( GEOMETRIC_REPRESENTATION_CONTEXT(2) 
PARAMETRIC_REPRESENTATION_CONTEXT() REPRESENTATION_CONTEXT('2D SPACE',''
  ) );
#3440 = ORIENTED_EDGE('',*,*,#1176,.T.);
#3441 = ORIENTED_EDGE('',*,*,#3420,.T.);
#3442 = ORIENTED_EDGE('',*,*,#3443,.F.);
#3443 = EDGE_CURVE('',#3421,#3421,#3444,.T.);
#3444 = SURFACE_CURVE('',#3445,(#3450,#3457),.PCURVE_S1.);
#3445 = CIRCLE('',#3446,0.35);
#3446 = AXIS2_PLACEMENT_3D('',#3447,#3448,#3449);
#3447 = CARTESIAN_POINT('',(-25.4,0.,6.85));
#3448 = DIRECTION('',(0.,0.,1.));
#3449 = DIRECTION('',(1.,0.,0.));
#3450 = PCURVE('',#1193,#3451);
#3451 = DEFINITIONAL_REPRESENTATION('',(#3452),#3456);
#3452 = LINE('',#3453,#3454);
#3453 = CARTESIAN_POINT('',(0.,-0.35));
#3454 = VECTOR('',#3455,1.);
#3455 = DIRECTION('',(1.,-0.));
#3456 = ( GEOMETRIC_REPRESENTATION_CONTEXT(2) 
PARAMETRIC_REPRESENTATION_CONTEXT() REPRESENTATION_CONTEXT('2D SPACE',''
  ) );
#3457 = PCURVE('',#3458,#3463);
#3458 = CYLINDRICAL_SURFACE('',#3459,0.35);
#3459 = AXIS2_PLACEMENT_3D('',#3460,#3461,#3462);
#3460 = CARTESIAN_POINT('',(-25.4,0.,1.44));
#3461 = DIRECTION('',(0.,0.,1.));
#3462 = DIRECTION('',(1.,0.,0.));
#3463 = DEFINITIONAL_REPRESENTATION('',(#3464),#3468);
#3464 = LINE('',#3465,#3466);
#3465 = CARTESIAN_POINT('',(0.,5.41));
#3466 = VECTOR('',#3467,1.);
#3467 = DIRECTION('',(1.,0.));
#3468 = ( GEOMETRIC_REPRESENTATION_CONTEXT(2) 
PARAMETRIC_REPRESENTATION_CONTEXT() REPRESENTATION_CONTEXT('2D SPACE',''
  ) );
#3469 = ADVANCED_FACE('',(#3470),#1224,.F.);
#3470 = FACE_BOUND('',#3471,.T.);
#3471 = EDGE_LOOP('',(#3472,#3493,#3494,#3495));
#3472 = ORIENTED_EDGE('',*,*,#3473,.F.);
#3473 = EDGE_CURVE('',#1208,#3474,#3476,.T.);
#3474 = VERTEX_POINT('',#3475);
#3475 = CARTESIAN_POINT('',(-27.59,0.,6.85));
#3476 = SEAM_CURVE('',#3477,(#3481,#3487),.PCURVE_S1.);
#3477 = LINE('',#3478,#3479);
#3478 = CARTESIAN_POINT('',(-27.24,0.,7.2));
#3479 = VECTOR('',#3480,1.);
#3480 = DIRECTION('',(-0.707106781187,-0.,-0.707106781187));
#3481 = PCURVE('',#1224,#3482);
#3482 = DEFINITIONAL_REPRESENTATION('',(#3483),#3486);
#3483 = B_SPLINE_CURVE_WITH_KNOTS('',1,(#3484,#3485),.UNSPECIFIED.,.F.,
  .F.,(2,2),(0.,0.494974746831),.PIECEWISE_BEZIER_KNOTS.);
#3484 = CARTESIAN_POINT('',(0.,0.));
#3485 = CARTESIAN_POINT('',(0.,-0.35));
#3486 = ( GEOMETRIC_REPRESENTATION_CONTEXT(2) 
PARAMETRIC_REPRESENTATION_CONTEXT() REPRESENTATION_CONTEXT('2D SPACE',''
  ) );
#3487 = PCURVE('',#1224,#3488);
#3488 = DEFINITIONAL_REPRESENTATION('',(#3489),#3492);
#3489 = B_SPLINE_CURVE_WITH_KNOTS('',1,(#3490,#3491),.UNSPECIFIED.,.F.,
  .F.,(2,2),(0.,0.494974746831),.PIECEWISE_BEZIER_KNOTS.);
#3490 = CARTESIAN_POINT('',(6.28318530718,0.));
#3491 = CARTESIAN_POINT('',(6.28318530718,-0.35));
#3492 = ( GEOMETRIC_REPRESENTATION_CONTEXT(2) 
PARAMETRIC_REPRESENTATION_CONTEXT() REPRESENTATION_CONTEXT('2D SPACE',''
  ) );
#3493 = ORIENTED_EDGE('',*,*,#1207,.T.);
#3494 = ORIENTED_EDGE('',*,*,#3473,.T.);
#3495 = ORIENTED_EDGE('',*,*,#3496,.F.);
#3496 = EDGE_CURVE('',#3474,#3474,#3497,.T.);
#3497 = SURFACE_CURVE('',#3498,(#3503,#3510),.PCURVE_S1.);
#3498 = CIRCLE('',#3499,0.35);
#3499 = AXIS2_PLACEMENT_3D('',#3500,#3501,#3502);
#3500 = CARTESIAN_POINT('',(-27.94,0.,6.85));
#3501 = DIRECTION('',(0.,0.,1.));
#3502 = DIRECTION('',(1.,0.,0.));
#3503 = PCURVE('',#1224,#3504);
#3504 = DEFINITIONAL_REPRESENTATION('',(#3505),#3509);
#3505 = LINE('',#3506,#3507);
#3506 = CARTESIAN_POINT('',(0.,-0.35));
#3507 = VECTOR('',#3508,1.);
#3508 = DIRECTION('',(1.,-0.));
#3509 = ( GEOMETRIC_REPRESENTATION_CONTEXT(2) 
PARAMETRIC_REPRESENTATION_CONTEXT() REPRESENTATION_CONTEXT('2D SPACE',''
  ) );
#3510 = PCURVE('',#3511,#3516);
#3511 = CYLINDRICAL_SURFACE('',#3512,0.35);
#3512 = AXIS2_PLACEMENT_3D('',#3513,#3514,#3515);
#3513 = CARTESIAN_POINT('',(-27.94,0.,1.44));
#3514 = DIRECTION('',(0.,0.,1.));
#3515 = DIRECTION('',(1.,0.,0.));
#3516 = DEFINITIONAL_REPRESENTATION('',(#3517),#3521);
#3517 = LINE('',#3518,#3519);
#3518 = CARTESIAN_POINT('',(0.,5.41));
#3519 = VECTOR('',#3520,1.);
#3520 = DIRECTION('',(1.,0.));
#3521 = ( GEOMETRIC_REPRESENTATION_CONTEXT(2) 
PARAMETRIC_REPRESENTATION_CONTEXT() REPRESENTATION_CONTEXT('2D SPACE',''
  ) );
#3522 = ADVANCED_FACE('',(#3523),#1255,.F.);
#3523 = FACE_BOUND('',#3524,.T.);
#3524 = EDGE_LOOP('',(#3525,#3546,#3547,#3548));
#3525 = ORIENTED_EDGE('',*,*,#3526,.F.);
#3526 = EDGE_CURVE('',#1239,#3527,#3529,.T.);
#3527 = VERTEX_POINT('',#3528);
#3528 = CARTESIAN_POINT('',(-27.59,2.54,6.85));
#3529 = SEAM_CURVE('',#3530,(#3534,#3540),.PCURVE_S1.);
#3530 = LINE('',#3531,#3532);
#3531 = CARTESIAN_POINT('',(-27.24,2.54,7.2));
#3532 = VECTOR('',#3533,1.);
#3533 = DIRECTION('',(-0.707106781187,-0.,-0.707106781187));
#3534 = PCURVE('',#1255,#3535);
#3535 = DEFINITIONAL_REPRESENTATION('',(#3536),#3539);
#3536 = B_SPLINE_CURVE_WITH_KNOTS('',1,(#3537,#3538),.UNSPECIFIED.,.F.,
  .F.,(2,2),(0.,0.494974746831),.PIECEWISE_BEZIER_KNOTS.);
#3537 = CARTESIAN_POINT('',(0.,0.));
#3538 = CARTESIAN_POINT('',(0.,-0.35));
#3539 = ( GEOMETRIC_REPRESENTATION_CONTEXT(2) 
PARAMETRIC_REPRESENTATION_CONTEXT() REPRESENTATION_CONTEXT('2D SPACE',''
  ) );
#3540 = PCURVE('',#1255,#3541);
#3541 = DEFINITIONAL_REPRESENTATION('',(#3542),#3545);
#3542 = B_SPLINE_CURVE_WITH_KNOTS('',1,(#3543,#3544),.UNSPECIFIED.,.F.,
  .F.,(2,2),(0.,0.494974746831),.PIECEWISE_BEZIER_KNOTS.);
#3543 = CARTESIAN_POINT('',(6.28318530718,0.));
#3544 = CARTESIAN_POINT('',(6.28318530718,-0.35));
#3545 = ( GEOMETRIC_REPRESENTATION_CONTEXT(2) 
PARAMETRIC_REPRESENTATION_CONTEXT() REPRESENTATION_CONTEXT('2D SPACE',''
  ) );
#3546 = ORIENTED_EDGE('',*,*,#1238,.T.);
#3547 = ORIENTED_EDGE('',*,*,#3526,.T.);
#3548 = ORIENTED_EDGE('',*,*,#3549,.F.);
#3549 = EDGE_CURVE('',#3527,#3527,#3550,.T.);
#3550 = SURFACE_CURVE('',#3551,(#3556,#3563),.PCURVE_S1.);
#3551 = CIRCLE('',#3552,0.35);
#3552 = AXIS2_PLACEMENT_3D('',#3553,#3554,#3555);
#3553 = CARTESIAN_POINT('',(-27.94,2.54,6.85));
#3554 = DIRECTION('',(0.,0.,1.));
#3555 = DIRECTION('',(1.,0.,0.));
#3556 = PCURVE('',#1255,#3557);
#3557 = DEFINITIONAL_REPRESENTATION('',(#3558),#3562);
#3558 = LINE('',#3559,#3560);
#3559 = CARTESIAN_POINT('',(0.,-0.35));
#3560 = VECTOR('',#3561,1.);
#3561 = DIRECTION('',(1.,-0.));
#3562 = ( GEOMETRIC_REPRESENTATION_CONTEXT(2) 
PARAMETRIC_REPRESENTATION_CONTEXT() REPRESENTATION_CONTEXT('2D SPACE',''
  ) );
#3563 = PCURVE('',#3564,#3569);
#3564 = CYLINDRICAL_SURFACE('',#3565,0.35);
#3565 = AXIS2_PLACEMENT_3D('',#3566,#3567,#3568);
#3566 = CARTESIAN_POINT('',(-27.94,2.54,1.44));
#3567 = DIRECTION('',(0.,0.,1.));
#3568 = DIRECTION('',(1.,0.,0.));
#3569 = DEFINITIONAL_REPRESENTATION('',(#3570),#3574);
#3570 = LINE('',#3571,#3572);
#3571 = CARTESIAN_POINT('',(0.,5.41));
#3572 = VECTOR('',#3573,1.);
#3573 = DIRECTION('',(1.,0.));
#3574 = ( GEOMETRIC_REPRESENTATION_CONTEXT(2) 
PARAMETRIC_REPRESENTATION_CONTEXT() REPRESENTATION_CONTEXT('2D SPACE',''
  ) );
#3575 = ADVANCED_FACE('',(#3576),#1286,.F.);
#3576 = FACE_BOUND('',#3577,.T.);
#3577 = EDGE_LOOP('',(#3578,#3599,#3600,#3601));
#3578 = ORIENTED_EDGE('',*,*,#3579,.F.);
#3579 = EDGE_CURVE('',#1270,#3580,#3582,.T.);
#3580 = VERTEX_POINT('',#3581);
#3581 = CARTESIAN_POINT('',(-25.05,2.54,6.85));
#3582 = SEAM_CURVE('',#3583,(#3587,#3593),.PCURVE_S1.);
#3583 = LINE('',#3584,#3585);
#3584 = CARTESIAN_POINT('',(-24.7,2.54,7.2));
#3585 = VECTOR('',#3586,1.);
#3586 = DIRECTION('',(-0.707106781187,-0.,-0.707106781187));
#3587 = PCURVE('',#1286,#3588);
#3588 = DEFINITIONAL_REPRESENTATION('',(#3589),#3592);
#3589 = B_SPLINE_CURVE_WITH_KNOTS('',1,(#3590,#3591),.UNSPECIFIED.,.F.,
  .F.,(2,2),(0.,0.494974746831),.PIECEWISE_BEZIER_KNOTS.);
#3590 = CARTESIAN_POINT('',(0.,0.));
#3591 = CARTESIAN_POINT('',(0.,-0.35));
#3592 = ( GEOMETRIC_REPRESENTATION_CONTEXT(2) 
PARAMETRIC_REPRESENTATION_CONTEXT() REPRESENTATION_CONTEXT('2D SPACE',''
  ) );
#3593 = PCURVE('',#1286,#3594);
#3594 = DEFINITIONAL_REPRESENTATION('',(#3595),#3598);
#3595 = B_SPLINE_CURVE_WITH_KNOTS('',1,(#3596,#3597),.UNSPECIFIED.,.F.,
  .F.,(2,2),(0.,0.494974746831),.PIECEWISE_BEZIER_KNOTS.);
#3596 = CARTESIAN_POINT('',(6.28318530718,0.));
#3597 = CARTESIAN_POINT('',(6.28318530718,-0.35));
#3598 = ( GEOMETRIC_REPRESENTATION_CONTEXT(2) 
PARAMETRIC_REPRESENTATION_CONTEXT() REPRESENTATION_CONTEXT('2D SPACE',''
  ) );
#3599 = ORIENTED_EDGE('',*,*,#1269,.T.);
#3600 = ORIENTED_EDGE('',*,*,#3579,.T.);
#3601 = ORIENTED_EDGE('',*,*,#3602,.F.);
#3602 = EDGE_CURVE('',#3580,#3580,#3603,.T.);
#3603 = SURFACE_CURVE('',#3604,(#3609,#3616),.PCURVE_S1.);
#3604 = CIRCLE('',#3605,0.35);
#3605 = AXIS2_PLACEMENT_3D('',#3606,#3607,#3608);
#3606 = CARTESIAN_POINT('',(-25.4,2.54,6.85));
#3607 = DIRECTION('',(0.,0.,1.));
#3608 = DIRECTION('',(1.,0.,0.));
#3609 = PCURVE('',#1286,#3610);
#3610 = DEFINITIONAL_REPRESENTATION('',(#3611),#3615);
#3611 = LINE('',#3612,#3613);
#3612 = CARTESIAN_POINT('',(0.,-0.35));
#3613 = VECTOR('',#3614,1.);
#3614 = DIRECTION('',(1.,-0.));
#3615 = ( GEOMETRIC_REPRESENTATION_CONTEXT(2) 
PARAMETRIC_REPRESENTATION_CONTEXT() REPRESENTATION_CONTEXT('2D SPACE',''
  ) );
#3616 = PCURVE('',#3617,#3622);
#3617 = CYLINDRICAL_SURFACE('',#3618,0.35);
#3618 = AXIS2_PLACEMENT_3D('',#3619,#3620,#3621);
#3619 = CARTESIAN_POINT('',(-25.4,2.54,1.44));
#3620 = DIRECTION('',(0.,0.,1.));
#3621 = DIRECTION('',(1.,0.,0.));
#3622 = DEFINITIONAL_REPRESENTATION('',(#3623),#3627);
#3623 = LINE('',#3624,#3625);
#3624 = CARTESIAN_POINT('',(0.,5.41));
#3625 = VECTOR('',#3626,1.);
#3626 = DIRECTION('',(1.,0.));
#3627 = ( GEOMETRIC_REPRESENTATION_CONTEXT(2) 
PARAMETRIC_REPRESENTATION_CONTEXT() REPRESENTATION_CONTEXT('2D SPACE',''
  ) );
#3628 = ADVANCED_FACE('',(#3629),#1317,.F.);
#3629 = FACE_BOUND('',#3630,.T.);
#3630 = EDGE_LOOP('',(#3631,#3652,#3653,#3654));
#3631 = ORIENTED_EDGE('',*,*,#3632,.F.);
#3632 = EDGE_CURVE('',#1301,#3633,#3635,.T.);
#3633 = VERTEX_POINT('',#3634);
#3634 = CARTESIAN_POINT('',(-32.67,2.54,6.85));
#3635 = SEAM_CURVE('',#3636,(#3640,#3646),.PCURVE_S1.);
#3636 = LINE('',#3637,#3638);
#3637 = CARTESIAN_POINT('',(-32.32,2.54,7.2));
#3638 = VECTOR('',#3639,1.);
#3639 = DIRECTION('',(-0.707106781187,-0.,-0.707106781187));
#3640 = PCURVE('',#1317,#3641);
#3641 = DEFINITIONAL_REPRESENTATION('',(#3642),#3645);
#3642 = B_SPLINE_CURVE_WITH_KNOTS('',1,(#3643,#3644),.UNSPECIFIED.,.F.,
  .F.,(2,2),(0.,0.494974746831),.PIECEWISE_BEZIER_KNOTS.);
#3643 = CARTESIAN_POINT('',(0.,0.));
#3644 = CARTESIAN_POINT('',(0.,-0.35));
#3645 = ( GEOMETRIC_REPRESENTATION_CONTEXT(2) 
PARAMETRIC_REPRESENTATION_CONTEXT() REPRESENTATION_CONTEXT('2D SPACE',''
  ) );
#3646 = PCURVE('',#1317,#3647);
#3647 = DEFINITIONAL_REPRESENTATION('',(#3648),#3651);
#3648 = B_SPLINE_CURVE_WITH_KNOTS('',1,(#3649,#3650),.UNSPECIFIED.,.F.,
  .F.,(2,2),(0.,0.494974746831),.PIECEWISE_BEZIER_KNOTS.);
#3649 = CARTESIAN_POINT('',(6.28318530718,0.));
#3650 = CARTESIAN_POINT('',(6.28318530718,-0.35));
#3651 = ( GEOMETRIC_REPRESENTATION_CONTEXT(2) 
PARAMETRIC_REPRESENTATION_CONTEXT() REPRESENTATION_CONTEXT('2D SPACE',''
  ) );
#3652 = ORIENTED_EDGE('',*,*,#1300,.T.);
#3653 = ORIENTED_EDGE('',*,*,#3632,.T.);
#3654 = ORIENTED_EDGE('',*,*,#3655,.F.);
#3655 = EDGE_CURVE('',#3633,#3633,#3656,.T.);
#3656 = SURFACE_CURVE('',#3657,(#3662,#3669),.PCURVE_S1.);
#3657 = CIRCLE('',#3658,0.35);
#3658 = AXIS2_PLACEMENT_3D('',#3659,#3660,#3661);
#3659 = CARTESIAN_POINT('',(-33.02,2.54,6.85));
#3660 = DIRECTION('',(0.,0.,1.));
#3661 = DIRECTION('',(1.,0.,0.));
#3662 = PCURVE('',#1317,#3663);
#3663 = DEFINITIONAL_REPRESENTATION('',(#3664),#3668);
#3664 = LINE('',#3665,#3666);
#3665 = CARTESIAN_POINT('',(0.,-0.35));
#3666 = VECTOR('',#3667,1.);
#3667 = DIRECTION('',(1.,-0.));
#3668 = ( GEOMETRIC_REPRESENTATION_CONTEXT(2) 
PARAMETRIC_REPRESENTATION_CONTEXT() REPRESENTATION_CONTEXT('2D SPACE',''
  ) );
#3669 = PCURVE('',#3670,#3675);
#3670 = CYLINDRICAL_SURFACE('',#3671,0.35);
#3671 = AXIS2_PLACEMENT_3D('',#3672,#3673,#3674);
#3672 = CARTESIAN_POINT('',(-33.02,2.54,1.44));
#3673 = DIRECTION('',(0.,0.,1.));
#3674 = DIRECTION('',(1.,0.,0.));
#3675 = DEFINITIONAL_REPRESENTATION('',(#3676),#3680);
#3676 = LINE('',#3677,#3678);
#3677 = CARTESIAN_POINT('',(0.,5.41));
#3678 = VECTOR('',#3679,1.);
#3679 = DIRECTION('',(1.,0.));
#3680 = ( GEOMETRIC_REPRESENTATION_CONTEXT(2) 
PARAMETRIC_REPRESENTATION_CONTEXT() REPRESENTATION_CONTEXT('2D SPACE',''
  ) );
#3681 = ADVANCED_FACE('',(#3682),#1348,.F.);
#3682 = FACE_BOUND('',#3683,.T.);
#3683 = EDGE_LOOP('',(#3684,#3705,#3706,#3707));
#3684 = ORIENTED_EDGE('',*,*,#3685,.F.);
#3685 = EDGE_CURVE('',#1332,#3686,#3688,.T.);
#3686 = VERTEX_POINT('',#3687);
#3687 = CARTESIAN_POINT('',(-30.13,2.54,6.85));
#3688 = SEAM_CURVE('',#3689,(#3693,#3699),.PCURVE_S1.);
#3689 = LINE('',#3690,#3691);
#3690 = CARTESIAN_POINT('',(-29.78,2.54,7.2));
#3691 = VECTOR('',#3692,1.);
#3692 = DIRECTION('',(-0.707106781187,-0.,-0.707106781187));
#3693 = PCURVE('',#1348,#3694);
#3694 = DEFINITIONAL_REPRESENTATION('',(#3695),#3698);
#3695 = B_SPLINE_CURVE_WITH_KNOTS('',1,(#3696,#3697),.UNSPECIFIED.,.F.,
  .F.,(2,2),(0.,0.494974746831),.PIECEWISE_BEZIER_KNOTS.);
#3696 = CARTESIAN_POINT('',(0.,0.));
#3697 = CARTESIAN_POINT('',(0.,-0.35));
#3698 = ( GEOMETRIC_REPRESENTATION_CONTEXT(2) 
PARAMETRIC_REPRESENTATION_CONTEXT() REPRESENTATION_CONTEXT('2D SPACE',''
  ) );
#3699 = PCURVE('',#1348,#3700);
#3700 = DEFINITIONAL_REPRESENTATION('',(#3701),#3704);
#3701 = B_SPLINE_CURVE_WITH_KNOTS('',1,(#3702,#3703),.UNSPECIFIED.,.F.,
  .F.,(2,2),(0.,0.494974746831),.PIECEWISE_BEZIER_KNOTS.);
#3702 = CARTESIAN_POINT('',(6.28318530718,0.));
#3703 = CARTESIAN_POINT('',(6.28318530718,-0.35));
#3704 = ( GEOMETRIC_REPRESENTATION_CONTEXT(2) 
PARAMETRIC_REPRESENTATION_CONTEXT() REPRESENTATION_CONTEXT('2D SPACE',''
  ) );
#3705 = ORIENTED_EDGE('',*,*,#1331,.T.);
#3706 = ORIENTED_EDGE('',*,*,#3685,.T.);
#3707 = ORIENTED_EDGE('',*,*,#3708,.F.);
#3708 = EDGE_CURVE('',#3686,#3686,#3709,.T.);
#3709 = SURFACE_CURVE('',#3710,(#3715,#3722),.PCURVE_S1.);
#3710 = CIRCLE('',#3711,0.35);
#3711 = AXIS2_PLACEMENT_3D('',#3712,#3713,#3714);
#3712 = CARTESIAN_POINT('',(-30.48,2.54,6.85));
#3713 = DIRECTION('',(0.,0.,1.));
#3714 = DIRECTION('',(1.,0.,0.));
#3715 = PCURVE('',#1348,#3716);
#3716 = DEFINITIONAL_REPRESENTATION('',(#3717),#3721);
#3717 = LINE('',#3718,#3719);
#3718 = CARTESIAN_POINT('',(0.,-0.35));
#3719 = VECTOR('',#3720,1.);
#3720 = DIRECTION('',(1.,-0.));
#3721 = ( GEOMETRIC_REPRESENTATION_CONTEXT(2) 
PARAMETRIC_REPRESENTATION_CONTEXT() REPRESENTATION_CONTEXT('2D SPACE',''
  ) );
#3722 = PCURVE('',#3723,#3728);
#3723 = CYLINDRICAL_SURFACE('',#3724,0.35);
#3724 = AXIS2_PLACEMENT_3D('',#3725,#3726,#3727);
#3725 = CARTESIAN_POINT('',(-30.48,2.54,1.44));
#3726 = DIRECTION('',(0.,0.,1.));
#3727 = DIRECTION('',(1.,0.,0.));
#3728 = DEFINITIONAL_REPRESENTATION('',(#3729),#3733);
#3729 = LINE('',#3730,#3731);
#3730 = CARTESIAN_POINT('',(0.,5.41));
#3731 = VECTOR('',#3732,1.);
#3732 = DIRECTION('',(1.,0.));
#3733 = ( GEOMETRIC_REPRESENTATION_CONTEXT(2) 
PARAMETRIC_REPRESENTATION_CONTEXT() REPRESENTATION_CONTEXT('2D SPACE',''
  ) );
#3734 = ADVANCED_FACE('',(#3735),#1379,.F.);
#3735 = FACE_BOUND('',#3736,.T.);
#3736 = EDGE_LOOP('',(#3737,#3758,#3759,#3760));
#3737 = ORIENTED_EDGE('',*,*,#3738,.F.);
#3738 = EDGE_CURVE('',#1363,#3739,#3741,.T.);
#3739 = VERTEX_POINT('',#3740);
#3740 = CARTESIAN_POINT('',(-30.13,0.,6.85));
#3741 = SEAM_CURVE('',#3742,(#3746,#3752),.PCURVE_S1.);
#3742 = LINE('',#3743,#3744);
#3743 = CARTESIAN_POINT('',(-29.78,0.,7.2));
#3744 = VECTOR('',#3745,1.);
#3745 = DIRECTION('',(-0.707106781187,-0.,-0.707106781187));
#3746 = PCURVE('',#1379,#3747);
#3747 = DEFINITIONAL_REPRESENTATION('',(#3748),#3751);
#3748 = B_SPLINE_CURVE_WITH_KNOTS('',1,(#3749,#3750),.UNSPECIFIED.,.F.,
  .F.,(2,2),(0.,0.494974746831),.PIECEWISE_BEZIER_KNOTS.);
#3749 = CARTESIAN_POINT('',(0.,0.));
#3750 = CARTESIAN_POINT('',(0.,-0.35));
#3751 = ( GEOMETRIC_REPRESENTATION_CONTEXT(2) 
PARAMETRIC_REPRESENTATION_CONTEXT() REPRESENTATION_CONTEXT('2D SPACE',''
  ) );
#3752 = PCURVE('',#1379,#3753);
#3753 = DEFINITIONAL_REPRESENTATION('',(#3754),#3757);
#3754 = B_SPLINE_CURVE_WITH_KNOTS('',1,(#3755,#3756),.UNSPECIFIED.,.F.,
  .F.,(2,2),(0.,0.494974746831),.PIECEWISE_BEZIER_KNOTS.);
#3755 = CARTESIAN_POINT('',(6.28318530718,0.));
#3756 = CARTESIAN_POINT('',(6.28318530718,-0.35));
#3757 = ( GEOMETRIC_REPRESENTATION_CONTEXT(2) 
PARAMETRIC_REPRESENTATION_CONTEXT() REPRESENTATION_CONTEXT('2D SPACE',''
  ) );
#3758 = ORIENTED_EDGE('',*,*,#1362,.T.);
#3759 = ORIENTED_EDGE('',*,*,#3738,.T.);
#3760 = ORIENTED_EDGE('',*,*,#3761,.F.);
#3761 = EDGE_CURVE('',#3739,#3739,#3762,.T.);
#3762 = SURFACE_CURVE('',#3763,(#3768,#3775),.PCURVE_S1.);
#3763 = CIRCLE('',#3764,0.35);
#3764 = AXIS2_PLACEMENT_3D('',#3765,#3766,#3767);
#3765 = CARTESIAN_POINT('',(-30.48,0.,6.85));
#3766 = DIRECTION('',(0.,0.,1.));
#3767 = DIRECTION('',(1.,0.,0.));
#3768 = PCURVE('',#1379,#3769);
#3769 = DEFINITIONAL_REPRESENTATION('',(#3770),#3774);
#3770 = LINE('',#3771,#3772);
#3771 = CARTESIAN_POINT('',(0.,-0.35));
#3772 = VECTOR('',#3773,1.);
#3773 = DIRECTION('',(1.,-0.));
#3774 = ( GEOMETRIC_REPRESENTATION_CONTEXT(2) 
PARAMETRIC_REPRESENTATION_CONTEXT() REPRESENTATION_CONTEXT('2D SPACE',''
  ) );
#3775 = PCURVE('',#3776,#3781);
#3776 = CYLINDRICAL_SURFACE('',#3777,0.35);
#3777 = AXIS2_PLACEMENT_3D('',#3778,#3779,#3780);
#3778 = CARTESIAN_POINT('',(-30.48,0.,1.44));
#3779 = DIRECTION('',(0.,0.,1.));
#3780 = DIRECTION('',(1.,0.,0.));
#3781 = DEFINITIONAL_REPRESENTATION('',(#3782),#3786);
#3782 = LINE('',#3783,#3784);
#3783 = CARTESIAN_POINT('',(0.,5.41));
#3784 = VECTOR('',#3785,1.);
#3785 = DIRECTION('',(1.,0.));
#3786 = ( GEOMETRIC_REPRESENTATION_CONTEXT(2) 
PARAMETRIC_REPRESENTATION_CONTEXT() REPRESENTATION_CONTEXT('2D SPACE',''
  ) );
#3787 = ADVANCED_FACE('',(#3788),#1410,.F.);
#3788 = FACE_BOUND('',#3789,.T.);
#3789 = EDGE_LOOP('',(#3790,#3811,#3812,#3813));
#3790 = ORIENTED_EDGE('',*,*,#3791,.F.);
#3791 = EDGE_CURVE('',#1394,#3792,#3794,.T.);
#3792 = VERTEX_POINT('',#3793);
#3793 = CARTESIAN_POINT('',(-32.67,0.,6.85));
#3794 = SEAM_CURVE('',#3795,(#3799,#3805),.PCURVE_S1.);
#3795 = LINE('',#3796,#3797);
#3796 = CARTESIAN_POINT('',(-32.32,0.,7.2));
#3797 = VECTOR('',#3798,1.);
#3798 = DIRECTION('',(-0.707106781187,-0.,-0.707106781187));
#3799 = PCURVE('',#1410,#3800);
#3800 = DEFINITIONAL_REPRESENTATION('',(#3801),#3804);
#3801 = B_SPLINE_CURVE_WITH_KNOTS('',1,(#3802,#3803),.UNSPECIFIED.,.F.,
  .F.,(2,2),(0.,0.494974746831),.PIECEWISE_BEZIER_KNOTS.);
#3802 = CARTESIAN_POINT('',(0.,0.));
#3803 = CARTESIAN_POINT('',(0.,-0.35));
#3804 = ( GEOMETRIC_REPRESENTATION_CONTEXT(2) 
PARAMETRIC_REPRESENTATION_CONTEXT() REPRESENTATION_CONTEXT('2D SPACE',''
  ) );
#3805 = PCURVE('',#1410,#3806);
#3806 = DEFINITIONAL_REPRESENTATION('',(#3807),#3810);
#3807 = B_SPLINE_CURVE_WITH_KNOTS('',1,(#3808,#3809),.UNSPECIFIED.,.F.,
  .F.,(2,2),(0.,0.494974746831),.PIECEWISE_BEZIER_KNOTS.);
#3808 = CARTESIAN_POINT('',(6.28318530718,0.));
#3809 = CARTESIAN_POINT('',(6.28318530718,-0.35));
#3810 = ( GEOMETRIC_REPRESENTATION_CONTEXT(2) 
PARAMETRIC_REPRESENTATION_CONTEXT() REPRESENTATION_CONTEXT('2D SPACE',''
  ) );
#3811 = ORIENTED_EDGE('',*,*,#1393,.T.);
#3812 = ORIENTED_EDGE('',*,*,#3791,.T.);
#3813 = ORIENTED_EDGE('',*,*,#3814,.F.);
#3814 = EDGE_CURVE('',#3792,#3792,#3815,.T.);
#3815 = SURFACE_CURVE('',#3816,(#3821,#3828),.PCURVE_S1.);
#3816 = CIRCLE('',#3817,0.35);
#3817 = AXIS2_PLACEMENT_3D('',#3818,#3819,#3820);
#3818 = CARTESIAN_POINT('',(-33.02,0.,6.85));
#3819 = DIRECTION('',(0.,0.,1.));
#3820 = DIRECTION('',(1.,0.,0.));
#3821 = PCURVE('',#1410,#3822);
#3822 = DEFINITIONAL_REPRESENTATION('',(#3823),#3827);
#3823 = LINE('',#3824,#3825);
#3824 = CARTESIAN_POINT('',(0.,-0.35));
#3825 = VECTOR('',#3826,1.);
#3826 = DIRECTION('',(1.,-0.));
#3827 = ( GEOMETRIC_REPRESENTATION_CONTEXT(2) 
PARAMETRIC_REPRESENTATION_CONTEXT() REPRESENTATION_CONTEXT('2D SPACE',''
  ) );
#3828 = PCURVE('',#3829,#3834);
#3829 = CYLINDRICAL_SURFACE('',#3830,0.35);
#3830 = AXIS2_PLACEMENT_3D('',#3831,#3832,#3833);
#3831 = CARTESIAN_POINT('',(-33.02,0.,1.44));
#3832 = DIRECTION('',(0.,0.,1.));
#3833 = DIRECTION('',(1.,0.,0.));
#3834 = DEFINITIONAL_REPRESENTATION('',(#3835),#3839);
#3835 = LINE('',#3836,#3837);
#3836 = CARTESIAN_POINT('',(0.,5.41));
#3837 = VECTOR('',#3838,1.);
#3838 = DIRECTION('',(1.,0.));
#3839 = ( GEOMETRIC_REPRESENTATION_CONTEXT(2) 
PARAMETRIC_REPRESENTATION_CONTEXT() REPRESENTATION_CONTEXT('2D SPACE',''
  ) );
#3840 = ADVANCED_FACE('',(#3841),#1441,.F.);
#3841 = FACE_BOUND('',#3842,.T.);
#3842 = EDGE_LOOP('',(#3843,#3864,#3865,#3866));
#3843 = ORIENTED_EDGE('',*,*,#3844,.F.);
#3844 = EDGE_CURVE('',#1425,#3845,#3847,.T.);
#3845 = VERTEX_POINT('',#3846);
#3846 = CARTESIAN_POINT('',(-22.51,0.,6.85));
#3847 = SEAM_CURVE('',#3848,(#3852,#3858),.PCURVE_S1.);
#3848 = LINE('',#3849,#3850);
#3849 = CARTESIAN_POINT('',(-22.16,0.,7.2));
#3850 = VECTOR('',#3851,1.);
#3851 = DIRECTION('',(-0.707106781187,-0.,-0.707106781187));
#3852 = PCURVE('',#1441,#3853);
#3853 = DEFINITIONAL_REPRESENTATION('',(#3854),#3857);
#3854 = B_SPLINE_CURVE_WITH_KNOTS('',1,(#3855,#3856),.UNSPECIFIED.,.F.,
  .F.,(2,2),(0.,0.494974746831),.PIECEWISE_BEZIER_KNOTS.);
#3855 = CARTESIAN_POINT('',(0.,0.));
#3856 = CARTESIAN_POINT('',(0.,-0.35));
#3857 = ( GEOMETRIC_REPRESENTATION_CONTEXT(2) 
PARAMETRIC_REPRESENTATION_CONTEXT() REPRESENTATION_CONTEXT('2D SPACE',''
  ) );
#3858 = PCURVE('',#1441,#3859);
#3859 = DEFINITIONAL_REPRESENTATION('',(#3860),#3863);
#3860 = B_SPLINE_CURVE_WITH_KNOTS('',1,(#3861,#3862),.UNSPECIFIED.,.F.,
  .F.,(2,2),(0.,0.494974746831),.PIECEWISE_BEZIER_KNOTS.);
#3861 = CARTESIAN_POINT('',(6.28318530718,0.));
#3862 = CARTESIAN_POINT('',(6.28318530718,-0.35));
#3863 = ( GEOMETRIC_REPRESENTATION_CONTEXT(2) 
PARAMETRIC_REPRESENTATION_CONTEXT() REPRESENTATION_CONTEXT('2D SPACE',''
  ) );
#3864 = ORIENTED_EDGE('',*,*,#1424,.T.);
#3865 = ORIENTED_EDGE('',*,*,#3844,.T.);
#3866 = ORIENTED_EDGE('',*,*,#3867,.F.);
#3867 = EDGE_CURVE('',#3845,#3845,#3868,.T.);
#3868 = SURFACE_CURVE('',#3869,(#3874,#3881),.PCURVE_S1.);
#3869 = CIRCLE('',#3870,0.35);
#3870 = AXIS2_PLACEMENT_3D('',#3871,#3872,#3873);
#3871 = CARTESIAN_POINT('',(-22.86,0.,6.85));
#3872 = DIRECTION('',(0.,0.,1.));
#3873 = DIRECTION('',(1.,0.,0.));
#3874 = PCURVE('',#1441,#3875);
#3875 = DEFINITIONAL_REPRESENTATION('',(#3876),#3880);
#3876 = LINE('',#3877,#3878);
#3877 = CARTESIAN_POINT('',(0.,-0.35));
#3878 = VECTOR('',#3879,1.);
#3879 = DIRECTION('',(1.,-0.));
#3880 = ( GEOMETRIC_REPRESENTATION_CONTEXT(2) 
PARAMETRIC_REPRESENTATION_CONTEXT() REPRESENTATION_CONTEXT('2D SPACE',''
  ) );
#3881 = PCURVE('',#3882,#3887);
#3882 = CYLINDRICAL_SURFACE('',#3883,0.35);
#3883 = AXIS2_PLACEMENT_3D('',#3884,#3885,#3886);
#3884 = CARTESIAN_POINT('',(-22.86,0.,1.44));
#3885 = DIRECTION('',(0.,0.,1.));
#3886 = DIRECTION('',(1.,0.,0.));
#3887 = DEFINITIONAL_REPRESENTATION('',(#3888),#3892);
#3888 = LINE('',#3889,#3890);
#3889 = CARTESIAN_POINT('',(0.,5.41));
#3890 = VECTOR('',#3891,1.);
#3891 = DIRECTION('',(1.,0.));
#3892 = ( GEOMETRIC_REPRESENTATION_CONTEXT(2) 
PARAMETRIC_REPRESENTATION_CONTEXT() REPRESENTATION_CONTEXT('2D SPACE',''
  ) );
#3893 = ADVANCED_FACE('',(#3894),#1472,.F.);
#3894 = FACE_BOUND('',#3895,.T.);
#3895 = EDGE_LOOP('',(#3896,#3917,#3918,#3919));
#3896 = ORIENTED_EDGE('',*,*,#3897,.F.);
#3897 = EDGE_CURVE('',#1456,#3898,#3900,.T.);
#3898 = VERTEX_POINT('',#3899);
#3899 = CARTESIAN_POINT('',(-22.51,2.54,6.85));
#3900 = SEAM_CURVE('',#3901,(#3905,#3911),.PCURVE_S1.);
#3901 = LINE('',#3902,#3903);
#3902 = CARTESIAN_POINT('',(-22.16,2.54,7.2));
#3903 = VECTOR('',#3904,1.);
#3904 = DIRECTION('',(-0.707106781187,-0.,-0.707106781187));
#3905 = PCURVE('',#1472,#3906);
#3906 = DEFINITIONAL_REPRESENTATION('',(#3907),#3910);
#3907 = B_SPLINE_CURVE_WITH_KNOTS('',1,(#3908,#3909),.UNSPECIFIED.,.F.,
  .F.,(2,2),(0.,0.494974746831),.PIECEWISE_BEZIER_KNOTS.);
#3908 = CARTESIAN_POINT('',(0.,0.));
#3909 = CARTESIAN_POINT('',(0.,-0.35));
#3910 = ( GEOMETRIC_REPRESENTATION_CONTEXT(2) 
PARAMETRIC_REPRESENTATION_CONTEXT() REPRESENTATION_CONTEXT('2D SPACE',''
  ) );
#3911 = PCURVE('',#1472,#3912);
#3912 = DEFINITIONAL_REPRESENTATION('',(#3913),#3916);
#3913 = B_SPLINE_CURVE_WITH_KNOTS('',1,(#3914,#3915),.UNSPECIFIED.,.F.,
  .F.,(2,2),(0.,0.494974746831),.PIECEWISE_BEZIER_KNOTS.);
#3914 = CARTESIAN_POINT('',(6.28318530718,0.));
#3915 = CARTESIAN_POINT('',(6.28318530718,-0.35));
#3916 = ( GEOMETRIC_REPRESENTATION_CONTEXT(2) 
PARAMETRIC_REPRESENTATION_CONTEXT() REPRESENTATION_CONTEXT('2D SPACE',''
  ) );
#3917 = ORIENTED_EDGE('',*,*,#1455,.T.);
#3918 = ORIENTED_EDGE('',*,*,#3897,.T.);
#3919 = ORIENTED_EDGE('',*,*,#3920,.F.);
#3920 = EDGE_CURVE('',#3898,#3898,#3921,.T.);
#3921 = SURFACE_CURVE('',#3922,(#3927,#3934),.PCURVE_S1.);
#3922 = CIRCLE('',#3923,0.35);
#3923 = AXIS2_PLACEMENT_3D('',#3924,#3925,#3926);
#3924 = CARTESIAN_POINT('',(-22.86,2.54,6.85));
#3925 = DIRECTION('',(0.,0.,1.));
#3926 = DIRECTION('',(1.,0.,0.));
#3927 = PCURVE('',#1472,#3928);
#3928 = DEFINITIONAL_REPRESENTATION('',(#3929),#3933);
#3929 = LINE('',#3930,#3931);
#3930 = CARTESIAN_POINT('',(0.,-0.35));
#3931 = VECTOR('',#3932,1.);
#3932 = DIRECTION('',(1.,-0.));
#3933 = ( GEOMETRIC_REPRESENTATION_CONTEXT(2) 
PARAMETRIC_REPRESENTATION_CONTEXT() REPRESENTATION_CONTEXT('2D SPACE',''
  ) );
#3934 = PCURVE('',#3935,#3940);
#3935 = CYLINDRICAL_SURFACE('',#3936,0.35);
#3936 = AXIS2_PLACEMENT_3D('',#3937,#3938,#3939);
#3937 = CARTESIAN_POINT('',(-22.86,2.54,1.44));
#3938 = DIRECTION('',(0.,0.,1.));
#3939 = DIRECTION('',(1.,0.,0.));
#3940 = DEFINITIONAL_REPRESENTATION('',(#3941),#3945);
#3941 = LINE('',#3942,#3943);
#3942 = CARTESIAN_POINT('',(0.,5.41));
#3943 = VECTOR('',#3944,1.);
#3944 = DIRECTION('',(1.,0.));
#3945 = ( GEOMETRIC_REPRESENTATION_CONTEXT(2) 
PARAMETRIC_REPRESENTATION_CONTEXT() REPRESENTATION_CONTEXT('2D SPACE',''
  ) );
#3946 = ADVANCED_FACE('',(#3947),#1503,.F.);
#3947 = FACE_BOUND('',#3948,.T.);
#3948 = EDGE_LOOP('',(#3949,#3970,#3971,#3972));
#3949 = ORIENTED_EDGE('',*,*,#3950,.F.);
#3950 = EDGE_CURVE('',#1487,#3951,#3953,.T.);
#3951 = VERTEX_POINT('',#3952);
#3952 = CARTESIAN_POINT('',(-58.07,0.,6.85));
#3953 = SEAM_CURVE('',#3954,(#3958,#3964),.PCURVE_S1.);
#3954 = LINE('',#3955,#3956);
#3955 = CARTESIAN_POINT('',(-57.72,0.,7.2));
#3956 = VECTOR('',#3957,1.);
#3957 = DIRECTION('',(-0.707106781187,-0.,-0.707106781187));
#3958 = PCURVE('',#1503,#3959);
#3959 = DEFINITIONAL_REPRESENTATION('',(#3960),#3963);
#3960 = B_SPLINE_CURVE_WITH_KNOTS('',1,(#3961,#3962),.UNSPECIFIED.,.F.,
  .F.,(2,2),(0.,0.494974746831),.PIECEWISE_BEZIER_KNOTS.);
#3961 = CARTESIAN_POINT('',(0.,0.));
#3962 = CARTESIAN_POINT('',(0.,-0.35));
#3963 = ( GEOMETRIC_REPRESENTATION_CONTEXT(2) 
PARAMETRIC_REPRESENTATION_CONTEXT() REPRESENTATION_CONTEXT('2D SPACE',''
  ) );
#3964 = PCURVE('',#1503,#3965);
#3965 = DEFINITIONAL_REPRESENTATION('',(#3966),#3969);
#3966 = B_SPLINE_CURVE_WITH_KNOTS('',1,(#3967,#3968),.UNSPECIFIED.,.F.,
  .F.,(2,2),(0.,0.494974746831),.PIECEWISE_BEZIER_KNOTS.);
#3967 = CARTESIAN_POINT('',(6.28318530718,0.));
#3968 = CARTESIAN_POINT('',(6.28318530718,-0.35));
#3969 = ( GEOMETRIC_REPRESENTATION_CONTEXT(2) 
PARAMETRIC_REPRESENTATION_CONTEXT() REPRESENTATION_CONTEXT('2D SPACE',''
  ) );
#3970 = ORIENTED_EDGE('',*,*,#1486,.T.);
#3971 = ORIENTED_EDGE('',*,*,#3950,.T.);
#3972 = ORIENTED_EDGE('',*,*,#3973,.F.);
#3973 = EDGE_CURVE('',#3951,#3951,#3974,.T.);
#3974 = SURFACE_CURVE('',#3975,(#3980,#3987),.PCURVE_S1.);
#3975 = CIRCLE('',#3976,0.35);
#3976 = AXIS2_PLACEMENT_3D('',#3977,#3978,#3979);
#3977 = CARTESIAN_POINT('',(-58.42,0.,6.85));
#3978 = DIRECTION('',(0.,0.,1.));
#3979 = DIRECTION('',(1.,0.,0.));
#3980 = PCURVE('',#1503,#3981);
#3981 = DEFINITIONAL_REPRESENTATION('',(#3982),#3986);
#3982 = LINE('',#3983,#3984);
#3983 = CARTESIAN_POINT('',(0.,-0.35));
#3984 = VECTOR('',#3985,1.);
#3985 = DIRECTION('',(1.,-0.));
#3986 = ( GEOMETRIC_REPRESENTATION_CONTEXT(2) 
PARAMETRIC_REPRESENTATION_CONTEXT() REPRESENTATION_CONTEXT('2D SPACE',''
  ) );
#3987 = PCURVE('',#3988,#3993);
#3988 = CYLINDRICAL_SURFACE('',#3989,0.35);
#3989 = AXIS2_PLACEMENT_3D('',#3990,#3991,#3992);
#3990 = CARTESIAN_POINT('',(-58.42,0.,1.44));
#3991 = DIRECTION('',(0.,0.,1.));
#3992 = DIRECTION('',(1.,0.,0.));
#3993 = DEFINITIONAL_REPRESENTATION('',(#3994),#3998);
#3994 = LINE('',#3995,#3996);
#3995 = CARTESIAN_POINT('',(0.,5.41));
#3996 = VECTOR('',#3997,1.);
#3997 = DIRECTION('',(1.,0.));
#3998 = ( GEOMETRIC_REPRESENTATION_CONTEXT(2) 
PARAMETRIC_REPRESENTATION_CONTEXT() REPRESENTATION_CONTEXT('2D SPACE',''
  ) );
#3999 = ADVANCED_FACE('',(#4000),#1534,.F.);
#4000 = FACE_BOUND('',#4001,.T.);
#4001 = EDGE_LOOP('',(#4002,#4023,#4024,#4025));
#4002 = ORIENTED_EDGE('',*,*,#4003,.F.);
#4003 = EDGE_CURVE('',#1518,#4004,#4006,.T.);
#4004 = VERTEX_POINT('',#4005);
#4005 = CARTESIAN_POINT('',(-55.53,0.,6.85));
#4006 = SEAM_CURVE('',#4007,(#4011,#4017),.PCURVE_S1.);
#4007 = LINE('',#4008,#4009);
#4008 = CARTESIAN_POINT('',(-55.18,0.,7.2));
#4009 = VECTOR('',#4010,1.);
#4010 = DIRECTION('',(-0.707106781187,-0.,-0.707106781187));
#4011 = PCURVE('',#1534,#4012);
#4012 = DEFINITIONAL_REPRESENTATION('',(#4013),#4016);
#4013 = B_SPLINE_CURVE_WITH_KNOTS('',1,(#4014,#4015),.UNSPECIFIED.,.F.,
  .F.,(2,2),(0.,0.494974746831),.PIECEWISE_BEZIER_KNOTS.);
#4014 = CARTESIAN_POINT('',(0.,0.));
#4015 = CARTESIAN_POINT('',(0.,-0.35));
#4016 = ( GEOMETRIC_REPRESENTATION_CONTEXT(2) 
PARAMETRIC_REPRESENTATION_CONTEXT() REPRESENTATION_CONTEXT('2D SPACE',''
  ) );
#4017 = PCURVE('',#1534,#4018);
#4018 = DEFINITIONAL_REPRESENTATION('',(#4019),#4022);
#4019 = B_SPLINE_CURVE_WITH_KNOTS('',1,(#4020,#4021),.UNSPECIFIED.,.F.,
  .F.,(2,2),(0.,0.494974746831),.PIECEWISE_BEZIER_KNOTS.);
#4020 = CARTESIAN_POINT('',(6.28318530718,0.));
#4021 = CARTESIAN_POINT('',(6.28318530718,-0.35));
#4022 = ( GEOMETRIC_REPRESENTATION_CONTEXT(2) 
PARAMETRIC_REPRESENTATION_CONTEXT() REPRESENTATION_CONTEXT('2D SPACE',''
  ) );
#4023 = ORIENTED_EDGE('',*,*,#1517,.T.);
#4024 = ORIENTED_EDGE('',*,*,#4003,.T.);
#4025 = ORIENTED_EDGE('',*,*,#4026,.F.);
#4026 = EDGE_CURVE('',#4004,#4004,#4027,.T.);
#4027 = SURFACE_CURVE('',#4028,(#4033,#4040),.PCURVE_S1.);
#4028 = CIRCLE('',#4029,0.35);
#4029 = AXIS2_PLACEMENT_3D('',#4030,#4031,#4032);
#4030 = CARTESIAN_POINT('',(-55.88,0.,6.85));
#4031 = DIRECTION('',(0.,0.,1.));
#4032 = DIRECTION('',(1.,0.,0.));
#4033 = PCURVE('',#1534,#4034);
#4034 = DEFINITIONAL_REPRESENTATION('',(#4035),#4039);
#4035 = LINE('',#4036,#4037);
#4036 = CARTESIAN_POINT('',(0.,-0.35));
#4037 = VECTOR('',#4038,1.);
#4038 = DIRECTION('',(1.,-0.));
#4039 = ( GEOMETRIC_REPRESENTATION_CONTEXT(2) 
PARAMETRIC_REPRESENTATION_CONTEXT() REPRESENTATION_CONTEXT('2D SPACE',''
  ) );
#4040 = PCURVE('',#4041,#4046);
#4041 = CYLINDRICAL_SURFACE('',#4042,0.35);
#4042 = AXIS2_PLACEMENT_3D('',#4043,#4044,#4045);
#4043 = CARTESIAN_POINT('',(-55.88,0.,1.44));
#4044 = DIRECTION('',(0.,0.,1.));
#4045 = DIRECTION('',(1.,0.,0.));
#4046 = DEFINITIONAL_REPRESENTATION('',(#4047),#4051);
#4047 = LINE('',#4048,#4049);
#4048 = CARTESIAN_POINT('',(0.,5.41));
#4049 = VECTOR('',#4050,1.);
#4050 = DIRECTION('',(1.,0.));
#4051 = ( GEOMETRIC_REPRESENTATION_CONTEXT(2) 
PARAMETRIC_REPRESENTATION_CONTEXT() REPRESENTATION_CONTEXT('2D SPACE',''
  ) );
#4052 = ADVANCED_FACE('',(#4053),#1565,.F.);
#4053 = FACE_BOUND('',#4054,.T.);
#4054 = EDGE_LOOP('',(#4055,#4076,#4077,#4078));
#4055 = ORIENTED_EDGE('',*,*,#4056,.F.);
#4056 = EDGE_CURVE('',#1549,#4057,#4059,.T.);
#4057 = VERTEX_POINT('',#4058);
#4058 = CARTESIAN_POINT('',(-55.53,2.54,6.85));
#4059 = SEAM_CURVE('',#4060,(#4064,#4070),.PCURVE_S1.);
#4060 = LINE('',#4061,#4062);
#4061 = CARTESIAN_POINT('',(-55.18,2.54,7.2));
#4062 = VECTOR('',#4063,1.);
#4063 = DIRECTION('',(-0.707106781187,-0.,-0.707106781187));
#4064 = PCURVE('',#1565,#4065);
#4065 = DEFINITIONAL_REPRESENTATION('',(#4066),#4069);
#4066 = B_SPLINE_CURVE_WITH_KNOTS('',1,(#4067,#4068),.UNSPECIFIED.,.F.,
  .F.,(2,2),(0.,0.494974746831),.PIECEWISE_BEZIER_KNOTS.);
#4067 = CARTESIAN_POINT('',(0.,0.));
#4068 = CARTESIAN_POINT('',(0.,-0.35));
#4069 = ( GEOMETRIC_REPRESENTATION_CONTEXT(2) 
PARAMETRIC_REPRESENTATION_CONTEXT() REPRESENTATION_CONTEXT('2D SPACE',''
  ) );
#4070 = PCURVE('',#1565,#4071);
#4071 = DEFINITIONAL_REPRESENTATION('',(#4072),#4075);
#4072 = B_SPLINE_CURVE_WITH_KNOTS('',1,(#4073,#4074),.UNSPECIFIED.,.F.,
  .F.,(2,2),(0.,0.494974746831),.PIECEWISE_BEZIER_KNOTS.);
#4073 = CARTESIAN_POINT('',(6.28318530718,0.));
#4074 = CARTESIAN_POINT('',(6.28318530718,-0.35));
#4075 = ( GEOMETRIC_REPRESENTATION_CONTEXT(2) 
PARAMETRIC_REPRESENTATION_CONTEXT() REPRESENTATION_CONTEXT('2D SPACE',''
  ) );
#4076 = ORIENTED_EDGE('',*,*,#1548,.T.);
#4077 = ORIENTED_EDGE('',*,*,#4056,.T.);
#4078 = ORIENTED_EDGE('',*,*,#4079,.F.);
#4079 = EDGE_CURVE('',#4057,#4057,#4080,.T.);
#4080 = SURFACE_CURVE('',#4081,(#4086,#4093),.PCURVE_S1.);
#4081 = CIRCLE('',#4082,0.35);
#4082 = AXIS2_PLACEMENT_3D('',#4083,#4084,#4085);
#4083 = CARTESIAN_POINT('',(-55.88,2.54,6.85));
#4084 = DIRECTION('',(0.,0.,1.));
#4085 = DIRECTION('',(1.,0.,0.));
#4086 = PCURVE('',#1565,#4087);
#4087 = DEFINITIONAL_REPRESENTATION('',(#4088),#4092);
#4088 = LINE('',#4089,#4090);
#4089 = CARTESIAN_POINT('',(0.,-0.35));
#4090 = VECTOR('',#4091,1.);
#4091 = DIRECTION('',(1.,-0.));
#4092 = ( GEOMETRIC_REPRESENTATION_CONTEXT(2) 
PARAMETRIC_REPRESENTATION_CONTEXT() REPRESENTATION_CONTEXT('2D SPACE',''
  ) );
#4093 = PCURVE('',#4094,#4099);
#4094 = CYLINDRICAL_SURFACE('',#4095,0.35);
#4095 = AXIS2_PLACEMENT_3D('',#4096,#4097,#4098);
#4096 = CARTESIAN_POINT('',(-55.88,2.54,1.44));
#4097 = DIRECTION('',(0.,0.,1.));
#4098 = DIRECTION('',(1.,0.,0.));
#4099 = DEFINITIONAL_REPRESENTATION('',(#4100),#4104);
#4100 = LINE('',#4101,#4102);
#4101 = CARTESIAN_POINT('',(0.,5.41));
#4102 = VECTOR('',#4103,1.);
#4103 = DIRECTION('',(1.,0.));
#4104 = ( GEOMETRIC_REPRESENTATION_CONTEXT(2) 
PARAMETRIC_REPRESENTATION_CONTEXT() REPRESENTATION_CONTEXT('2D SPACE',''
  ) );
#4105 = ADVANCED_FACE('',(#4106),#1596,.F.);
#4106 = FACE_BOUND('',#4107,.T.);
#4107 = EDGE_LOOP('',(#4108,#4129,#4130,#4131));
#4108 = ORIENTED_EDGE('',*,*,#4109,.F.);
#4109 = EDGE_CURVE('',#1580,#4110,#4112,.T.);
#4110 = VERTEX_POINT('',#4111);
#4111 = CARTESIAN_POINT('',(-58.07,2.54,6.85));
#4112 = SEAM_CURVE('',#4113,(#4117,#4123),.PCURVE_S1.);
#4113 = LINE('',#4114,#4115);
#4114 = CARTESIAN_POINT('',(-57.72,2.54,7.2));
#4115 = VECTOR('',#4116,1.);
#4116 = DIRECTION('',(-0.707106781187,-0.,-0.707106781187));
#4117 = PCURVE('',#1596,#4118);
#4118 = DEFINITIONAL_REPRESENTATION('',(#4119),#4122);
#4119 = B_SPLINE_CURVE_WITH_KNOTS('',1,(#4120,#4121),.UNSPECIFIED.,.F.,
  .F.,(2,2),(0.,0.494974746831),.PIECEWISE_BEZIER_KNOTS.);
#4120 = CARTESIAN_POINT('',(0.,0.));
#4121 = CARTESIAN_POINT('',(0.,-0.35));
#4122 = ( GEOMETRIC_REPRESENTATION_CONTEXT(2) 
PARAMETRIC_REPRESENTATION_CONTEXT() REPRESENTATION_CONTEXT('2D SPACE',''
  ) );
#4123 = PCURVE('',#1596,#4124);
#4124 = DEFINITIONAL_REPRESENTATION('',(#4125),#4128);
#4125 = B_SPLINE_CURVE_WITH_KNOTS('',1,(#4126,#4127),.UNSPECIFIED.,.F.,
  .F.,(2,2),(0.,0.494974746831),.PIECEWISE_BEZIER_KNOTS.);
#4126 = CARTESIAN_POINT('',(6.28318530718,0.));
#4127 = CARTESIAN_POINT('',(6.28318530718,-0.35));
#4128 = ( GEOMETRIC_REPRESENTATION_CONTEXT(2) 
PARAMETRIC_REPRESENTATION_CONTEXT() REPRESENTATION_CONTEXT('2D SPACE',''
  ) );
#4129 = ORIENTED_EDGE('',*,*,#1579,.T.);
#4130 = ORIENTED_EDGE('',*,*,#4109,.T.);
#4131 = ORIENTED_EDGE('',*,*,#4132,.F.);
#4132 = EDGE_CURVE('',#4110,#4110,#4133,.T.);
#4133 = SURFACE_CURVE('',#4134,(#4139,#4146),.PCURVE_S1.);
#4134 = CIRCLE('',#4135,0.35);
#4135 = AXIS2_PLACEMENT_3D('',#4136,#4137,#4138);
#4136 = CARTESIAN_POINT('',(-58.42,2.54,6.85));
#4137 = DIRECTION('',(0.,0.,1.));
#4138 = DIRECTION('',(1.,0.,0.));
#4139 = PCURVE('',#1596,#4140);
#4140 = DEFINITIONAL_REPRESENTATION('',(#4141),#4145);
#4141 = LINE('',#4142,#4143);
#4142 = CARTESIAN_POINT('',(0.,-0.35));
#4143 = VECTOR('',#4144,1.);
#4144 = DIRECTION('',(1.,-0.));
#4145 = ( GEOMETRIC_REPRESENTATION_CONTEXT(2) 
PARAMETRIC_REPRESENTATION_CONTEXT() REPRESENTATION_CONTEXT('2D SPACE',''
  ) );
#4146 = PCURVE('',#4147,#4152);
#4147 = CYLINDRICAL_SURFACE('',#4148,0.35);
#4148 = AXIS2_PLACEMENT_3D('',#4149,#4150,#4151);
#4149 = CARTESIAN_POINT('',(-58.42,2.54,1.44));
#4150 = DIRECTION('',(0.,0.,1.));
#4151 = DIRECTION('',(1.,0.,0.));
#4152 = DEFINITIONAL_REPRESENTATION('',(#4153),#4157);
#4153 = LINE('',#4154,#4155);
#4154 = CARTESIAN_POINT('',(0.,5.41));
#4155 = VECTOR('',#4156,1.);
#4156 = DIRECTION('',(1.,0.));
#4157 = ( GEOMETRIC_REPRESENTATION_CONTEXT(2) 
PARAMETRIC_REPRESENTATION_CONTEXT() REPRESENTATION_CONTEXT('2D SPACE',''
  ) );
#4158 = ADVANCED_FACE('',(#4159),#1627,.F.);
#4159 = FACE_BOUND('',#4160,.T.);
#4160 = EDGE_LOOP('',(#4161,#4182,#4183,#4184));
#4161 = ORIENTED_EDGE('',*,*,#4162,.F.);
#4162 = EDGE_CURVE('',#1611,#4163,#4165,.T.);
#4163 = VERTEX_POINT('',#4164);
#4164 = CARTESIAN_POINT('',(-50.45,2.54,6.85));
#4165 = SEAM_CURVE('',#4166,(#4170,#4176),.PCURVE_S1.);
#4166 = LINE('',#4167,#4168);
#4167 = CARTESIAN_POINT('',(-50.1,2.54,7.2));
#4168 = VECTOR('',#4169,1.);
#4169 = DIRECTION('',(-0.707106781187,-0.,-0.707106781187));
#4170 = PCURVE('',#1627,#4171);
#4171 = DEFINITIONAL_REPRESENTATION('',(#4172),#4175);
#4172 = B_SPLINE_CURVE_WITH_KNOTS('',1,(#4173,#4174),.UNSPECIFIED.,.F.,
  .F.,(2,2),(0.,0.494974746831),.PIECEWISE_BEZIER_KNOTS.);
#4173 = CARTESIAN_POINT('',(0.,0.));
#4174 = CARTESIAN_POINT('',(0.,-0.35));
#4175 = ( GEOMETRIC_REPRESENTATION_CONTEXT(2) 
PARAMETRIC_REPRESENTATION_CONTEXT() REPRESENTATION_CONTEXT('2D SPACE',''
  ) );
#4176 = PCURVE('',#1627,#4177);
#4177 = DEFINITIONAL_REPRESENTATION('',(#4178),#4181);
#4178 = B_SPLINE_CURVE_WITH_KNOTS('',1,(#4179,#4180),.UNSPECIFIED.,.F.,
  .F.,(2,2),(0.,0.494974746831),.PIECEWISE_BEZIER_KNOTS.);
#4179 = CARTESIAN_POINT('',(6.28318530718,0.));
#4180 = CARTESIAN_POINT('',(6.28318530718,-0.35));
#4181 = ( GEOMETRIC_REPRESENTATION_CONTEXT(2) 
PARAMETRIC_REPRESENTATION_CONTEXT() REPRESENTATION_CONTEXT('2D SPACE',''
  ) );
#4182 = ORIENTED_EDGE('',*,*,#1610,.T.);
#4183 = ORIENTED_EDGE('',*,*,#4162,.T.);
#4184 = ORIENTED_EDGE('',*,*,#4185,.F.);
#4185 = EDGE_CURVE('',#4163,#4163,#4186,.T.);
#4186 = SURFACE_CURVE('',#4187,(#4192,#4199),.PCURVE_S1.);
#4187 = CIRCLE('',#4188,0.35);
#4188 = AXIS2_PLACEMENT_3D('',#4189,#4190,#4191);
#4189 = CARTESIAN_POINT('',(-50.8,2.54,6.85));
#4190 = DIRECTION('',(0.,0.,1.));
#4191 = DIRECTION('',(1.,0.,0.));
#4192 = PCURVE('',#1627,#4193);
#4193 = DEFINITIONAL_REPRESENTATION('',(#4194),#4198);
#4194 = LINE('',#4195,#4196);
#4195 = CARTESIAN_POINT('',(0.,-0.35));
#4196 = VECTOR('',#4197,1.);
#4197 = DIRECTION('',(1.,-0.));
#4198 = ( GEOMETRIC_REPRESENTATION_CONTEXT(2) 
PARAMETRIC_REPRESENTATION_CONTEXT() REPRESENTATION_CONTEXT('2D SPACE',''
  ) );
#4199 = PCURVE('',#4200,#4205);
#4200 = CYLINDRICAL_SURFACE('',#4201,0.35);
#4201 = AXIS2_PLACEMENT_3D('',#4202,#4203,#4204);
#4202 = CARTESIAN_POINT('',(-50.8,2.54,1.44));
#4203 = DIRECTION('',(0.,0.,1.));
#4204 = DIRECTION('',(1.,0.,0.));
#4205 = DEFINITIONAL_REPRESENTATION('',(#4206),#4210);
#4206 = LINE('',#4207,#4208);
#4207 = CARTESIAN_POINT('',(0.,5.41));
#4208 = VECTOR('',#4209,1.);
#4209 = DIRECTION('',(1.,0.));
#4210 = ( GEOMETRIC_REPRESENTATION_CONTEXT(2) 
PARAMETRIC_REPRESENTATION_CONTEXT() REPRESENTATION_CONTEXT('2D SPACE',''
  ) );
#4211 = ADVANCED_FACE('',(#4212),#1658,.F.);
#4212 = FACE_BOUND('',#4213,.T.);
#4213 = EDGE_LOOP('',(#4214,#4235,#4236,#4237));
#4214 = ORIENTED_EDGE('',*,*,#4215,.F.);
#4215 = EDGE_CURVE('',#1642,#4216,#4218,.T.);
#4216 = VERTEX_POINT('',#4217);
#4217 = CARTESIAN_POINT('',(-50.45,0.,6.85));
#4218 = SEAM_CURVE('',#4219,(#4223,#4229),.PCURVE_S1.);
#4219 = LINE('',#4220,#4221);
#4220 = CARTESIAN_POINT('',(-50.1,0.,7.2));
#4221 = VECTOR('',#4222,1.);
#4222 = DIRECTION('',(-0.707106781187,-0.,-0.707106781187));
#4223 = PCURVE('',#1658,#4224);
#4224 = DEFINITIONAL_REPRESENTATION('',(#4225),#4228);
#4225 = B_SPLINE_CURVE_WITH_KNOTS('',1,(#4226,#4227),.UNSPECIFIED.,.F.,
  .F.,(2,2),(0.,0.494974746831),.PIECEWISE_BEZIER_KNOTS.);
#4226 = CARTESIAN_POINT('',(0.,0.));
#4227 = CARTESIAN_POINT('',(0.,-0.35));
#4228 = ( GEOMETRIC_REPRESENTATION_CONTEXT(2) 
PARAMETRIC_REPRESENTATION_CONTEXT() REPRESENTATION_CONTEXT('2D SPACE',''
  ) );
#4229 = PCURVE('',#1658,#4230);
#4230 = DEFINITIONAL_REPRESENTATION('',(#4231),#4234);
#4231 = B_SPLINE_CURVE_WITH_KNOTS('',1,(#4232,#4233),.UNSPECIFIED.,.F.,
  .F.,(2,2),(0.,0.494974746831),.PIECEWISE_BEZIER_KNOTS.);
#4232 = CARTESIAN_POINT('',(6.28318530718,0.));
#4233 = CARTESIAN_POINT('',(6.28318530718,-0.35));
#4234 = ( GEOMETRIC_REPRESENTATION_CONTEXT(2) 
PARAMETRIC_REPRESENTATION_CONTEXT() REPRESENTATION_CONTEXT('2D SPACE',''
  ) );
#4235 = ORIENTED_EDGE('',*,*,#1641,.T.);
#4236 = ORIENTED_EDGE('',*,*,#4215,.T.);
#4237 = ORIENTED_EDGE('',*,*,#4238,.F.);
#4238 = EDGE_CURVE('',#4216,#4216,#4239,.T.);
#4239 = SURFACE_CURVE('',#4240,(#4245,#4252),.PCURVE_S1.);
#4240 = CIRCLE('',#4241,0.35);
#4241 = AXIS2_PLACEMENT_3D('',#4242,#4243,#4244);
#4242 = CARTESIAN_POINT('',(-50.8,0.,6.85));
#4243 = DIRECTION('',(0.,0.,1.));
#4244 = DIRECTION('',(1.,0.,0.));
#4245 = PCURVE('',#1658,#4246);
#4246 = DEFINITIONAL_REPRESENTATION('',(#4247),#4251);
#4247 = LINE('',#4248,#4249);
#4248 = CARTESIAN_POINT('',(0.,-0.35));
#4249 = VECTOR('',#4250,1.);
#4250 = DIRECTION('',(1.,-0.));
#4251 = ( GEOMETRIC_REPRESENTATION_CONTEXT(2) 
PARAMETRIC_REPRESENTATION_CONTEXT() REPRESENTATION_CONTEXT('2D SPACE',''
  ) );
#4252 = PCURVE('',#4253,#4258);
#4253 = CYLINDRICAL_SURFACE('',#4254,0.35);
#4254 = AXIS2_PLACEMENT_3D('',#4255,#4256,#4257);
#4255 = CARTESIAN_POINT('',(-50.8,0.,1.44));
#4256 = DIRECTION('',(0.,0.,1.));
#4257 = DIRECTION('',(1.,0.,0.));
#4258 = DEFINITIONAL_REPRESENTATION('',(#4259),#4263);
#4259 = LINE('',#4260,#4261);
#4260 = CARTESIAN_POINT('',(0.,5.41));
#4261 = VECTOR('',#4262,1.);
#4262 = DIRECTION('',(1.,0.));
#4263 = ( GEOMETRIC_REPRESENTATION_CONTEXT(2) 
PARAMETRIC_REPRESENTATION_CONTEXT() REPRESENTATION_CONTEXT('2D SPACE',''
  ) );
#4264 = ADVANCED_FACE('',(#4265),#1689,.F.);
#4265 = FACE_BOUND('',#4266,.T.);
#4266 = EDGE_LOOP('',(#4267,#4288,#4289,#4290));
#4267 = ORIENTED_EDGE('',*,*,#4268,.F.);
#4268 = EDGE_CURVE('',#1673,#4269,#4271,.T.);
#4269 = VERTEX_POINT('',#4270);
#4270 = CARTESIAN_POINT('',(-52.99,0.,6.85));
#4271 = SEAM_CURVE('',#4272,(#4276,#4282),.PCURVE_S1.);
#4272 = LINE('',#4273,#4274);
#4273 = CARTESIAN_POINT('',(-52.64,0.,7.2));
#4274 = VECTOR('',#4275,1.);
#4275 = DIRECTION('',(-0.707106781187,-0.,-0.707106781187));
#4276 = PCURVE('',#1689,#4277);
#4277 = DEFINITIONAL_REPRESENTATION('',(#4278),#4281);
#4278 = B_SPLINE_CURVE_WITH_KNOTS('',1,(#4279,#4280),.UNSPECIFIED.,.F.,
  .F.,(2,2),(0.,0.494974746831),.PIECEWISE_BEZIER_KNOTS.);
#4279 = CARTESIAN_POINT('',(0.,0.));
#4280 = CARTESIAN_POINT('',(0.,-0.35));
#4281 = ( GEOMETRIC_REPRESENTATION_CONTEXT(2) 
PARAMETRIC_REPRESENTATION_CONTEXT() REPRESENTATION_CONTEXT('2D SPACE',''
  ) );
#4282 = PCURVE('',#1689,#4283);
#4283 = DEFINITIONAL_REPRESENTATION('',(#4284),#4287);
#4284 = B_SPLINE_CURVE_WITH_KNOTS('',1,(#4285,#4286),.UNSPECIFIED.,.F.,
  .F.,(2,2),(0.,0.494974746831),.PIECEWISE_BEZIER_KNOTS.);
#4285 = CARTESIAN_POINT('',(6.28318530718,0.));
#4286 = CARTESIAN_POINT('',(6.28318530718,-0.35));
#4287 = ( GEOMETRIC_REPRESENTATION_CONTEXT(2) 
PARAMETRIC_REPRESENTATION_CONTEXT() REPRESENTATION_CONTEXT('2D SPACE',''
  ) );
#4288 = ORIENTED_EDGE('',*,*,#1672,.T.);
#4289 = ORIENTED_EDGE('',*,*,#4268,.T.);
#4290 = ORIENTED_EDGE('',*,*,#4291,.F.);
#4291 = EDGE_CURVE('',#4269,#4269,#4292,.T.);
#4292 = SURFACE_CURVE('',#4293,(#4298,#4305),.PCURVE_S1.);
#4293 = CIRCLE('',#4294,0.35);
#4294 = AXIS2_PLACEMENT_3D('',#4295,#4296,#4297);
#4295 = CARTESIAN_POINT('',(-53.34,0.,6.85));
#4296 = DIRECTION('',(0.,0.,1.));
#4297 = DIRECTION('',(1.,0.,0.));
#4298 = PCURVE('',#1689,#4299);
#4299 = DEFINITIONAL_REPRESENTATION('',(#4300),#4304);
#4300 = LINE('',#4301,#4302);
#4301 = CARTESIAN_POINT('',(0.,-0.35));
#4302 = VECTOR('',#4303,1.);
#4303 = DIRECTION('',(1.,-0.));
#4304 = ( GEOMETRIC_REPRESENTATION_CONTEXT(2) 
PARAMETRIC_REPRESENTATION_CONTEXT() REPRESENTATION_CONTEXT('2D SPACE',''
  ) );
#4305 = PCURVE('',#4306,#4311);
#4306 = CYLINDRICAL_SURFACE('',#4307,0.35);
#4307 = AXIS2_PLACEMENT_3D('',#4308,#4309,#4310);
#4308 = CARTESIAN_POINT('',(-53.34,0.,1.44));
#4309 = DIRECTION('',(0.,0.,1.));
#4310 = DIRECTION('',(1.,0.,0.));
#4311 = DEFINITIONAL_REPRESENTATION('',(#4312),#4316);
#4312 = LINE('',#4313,#4314);
#4313 = CARTESIAN_POINT('',(0.,5.41));
#4314 = VECTOR('',#4315,1.);
#4315 = DIRECTION('',(1.,0.));
#4316 = ( GEOMETRIC_REPRESENTATION_CONTEXT(2) 
PARAMETRIC_REPRESENTATION_CONTEXT() REPRESENTATION_CONTEXT('2D SPACE',''
  ) );
#4317 = ADVANCED_FACE('',(#4318),#1720,.F.);
#4318 = FACE_BOUND('',#4319,.T.);
#4319 = EDGE_LOOP('',(#4320,#4341,#4342,#4343));
#4320 = ORIENTED_EDGE('',*,*,#4321,.F.);
#4321 = EDGE_CURVE('',#1704,#4322,#4324,.T.);
#4322 = VERTEX_POINT('',#4323);
#4323 = CARTESIAN_POINT('',(-52.99,2.54,6.85));
#4324 = SEAM_CURVE('',#4325,(#4329,#4335),.PCURVE_S1.);
#4325 = LINE('',#4326,#4327);
#4326 = CARTESIAN_POINT('',(-52.64,2.54,7.2));
#4327 = VECTOR('',#4328,1.);
#4328 = DIRECTION('',(-0.707106781187,-0.,-0.707106781187));
#4329 = PCURVE('',#1720,#4330);
#4330 = DEFINITIONAL_REPRESENTATION('',(#4331),#4334);
#4331 = B_SPLINE_CURVE_WITH_KNOTS('',1,(#4332,#4333),.UNSPECIFIED.,.F.,
  .F.,(2,2),(0.,0.494974746831),.PIECEWISE_BEZIER_KNOTS.);
#4332 = CARTESIAN_POINT('',(0.,0.));
#4333 = CARTESIAN_POINT('',(0.,-0.35));
#4334 = ( GEOMETRIC_REPRESENTATION_CONTEXT(2) 
PARAMETRIC_REPRESENTATION_CONTEXT() REPRESENTATION_CONTEXT('2D SPACE',''
  ) );
#4335 = PCURVE('',#1720,#4336);
#4336 = DEFINITIONAL_REPRESENTATION('',(#4337),#4340);
#4337 = B_SPLINE_CURVE_WITH_KNOTS('',1,(#4338,#4339),.UNSPECIFIED.,.F.,
  .F.,(2,2),(0.,0.494974746831),.PIECEWISE_BEZIER_KNOTS.);
#4338 = CARTESIAN_POINT('',(6.28318530718,0.));
#4339 = CARTESIAN_POINT('',(6.28318530718,-0.35));
#4340 = ( GEOMETRIC_REPRESENTATION_CONTEXT(2) 
PARAMETRIC_REPRESENTATION_CONTEXT() REPRESENTATION_CONTEXT('2D SPACE',''
  ) );
#4341 = ORIENTED_EDGE('',*,*,#1703,.T.);
#4342 = ORIENTED_EDGE('',*,*,#4321,.T.);
#4343 = ORIENTED_EDGE('',*,*,#4344,.F.);
#4344 = EDGE_CURVE('',#4322,#4322,#4345,.T.);
#4345 = SURFACE_CURVE('',#4346,(#4351,#4358),.PCURVE_S1.);
#4346 = CIRCLE('',#4347,0.35);
#4347 = AXIS2_PLACEMENT_3D('',#4348,#4349,#4350);
#4348 = CARTESIAN_POINT('',(-53.34,2.54,6.85));
#4349 = DIRECTION('',(0.,0.,1.));
#4350 = DIRECTION('',(1.,0.,0.));
#4351 = PCURVE('',#1720,#4352);
#4352 = DEFINITIONAL_REPRESENTATION('',(#4353),#4357);
#4353 = LINE('',#4354,#4355);
#4354 = CARTESIAN_POINT('',(0.,-0.35));
#4355 = VECTOR('',#4356,1.);
#4356 = DIRECTION('',(1.,-0.));
#4357 = ( GEOMETRIC_REPRESENTATION_CONTEXT(2) 
PARAMETRIC_REPRESENTATION_CONTEXT() REPRESENTATION_CONTEXT('2D SPACE',''
  ) );
#4358 = PCURVE('',#4359,#4364);
#4359 = CYLINDRICAL_SURFACE('',#4360,0.35);
#4360 = AXIS2_PLACEMENT_3D('',#4361,#4362,#4363);
#4361 = CARTESIAN_POINT('',(-53.34,2.54,1.44));
#4362 = DIRECTION('',(0.,0.,1.));
#4363 = DIRECTION('',(1.,0.,0.));
#4364 = DEFINITIONAL_REPRESENTATION('',(#4365),#4369);
#4365 = LINE('',#4366,#4367);
#4366 = CARTESIAN_POINT('',(0.,5.41));
#4367 = VECTOR('',#4368,1.);
#4368 = DIRECTION('',(1.,0.));
#4369 = ( GEOMETRIC_REPRESENTATION_CONTEXT(2) 
PARAMETRIC_REPRESENTATION_CONTEXT() REPRESENTATION_CONTEXT('2D SPACE',''
  ) );
#4370 = ADVANCED_FACE('',(#4371),#1751,.F.);
#4371 = FACE_BOUND('',#4372,.T.);
#4372 = EDGE_LOOP('',(#4373,#4394,#4395,#4396));
#4373 = ORIENTED_EDGE('',*,*,#4374,.F.);
#4374 = EDGE_CURVE('',#1735,#4375,#4377,.T.);
#4375 = VERTEX_POINT('',#4376);
#4376 = CARTESIAN_POINT('',(-42.83,2.54,6.85));
#4377 = SEAM_CURVE('',#4378,(#4382,#4388),.PCURVE_S1.);
#4378 = LINE('',#4379,#4380);
#4379 = CARTESIAN_POINT('',(-42.48,2.54,7.2));
#4380 = VECTOR('',#4381,1.);
#4381 = DIRECTION('',(-0.707106781187,-0.,-0.707106781187));
#4382 = PCURVE('',#1751,#4383);
#4383 = DEFINITIONAL_REPRESENTATION('',(#4384),#4387);
#4384 = B_SPLINE_CURVE_WITH_KNOTS('',1,(#4385,#4386),.UNSPECIFIED.,.F.,
  .F.,(2,2),(0.,0.494974746831),.PIECEWISE_BEZIER_KNOTS.);
#4385 = CARTESIAN_POINT('',(0.,0.));
#4386 = CARTESIAN_POINT('',(0.,-0.35));
#4387 = ( GEOMETRIC_REPRESENTATION_CONTEXT(2) 
PARAMETRIC_REPRESENTATION_CONTEXT() REPRESENTATION_CONTEXT('2D SPACE',''
  ) );
#4388 = PCURVE('',#1751,#4389);
#4389 = DEFINITIONAL_REPRESENTATION('',(#4390),#4393);
#4390 = B_SPLINE_CURVE_WITH_KNOTS('',1,(#4391,#4392),.UNSPECIFIED.,.F.,
  .F.,(2,2),(0.,0.494974746831),.PIECEWISE_BEZIER_KNOTS.);
#4391 = CARTESIAN_POINT('',(6.28318530718,0.));
#4392 = CARTESIAN_POINT('',(6.28318530718,-0.35));
#4393 = ( GEOMETRIC_REPRESENTATION_CONTEXT(2) 
PARAMETRIC_REPRESENTATION_CONTEXT() REPRESENTATION_CONTEXT('2D SPACE',''
  ) );
#4394 = ORIENTED_EDGE('',*,*,#1734,.T.);
#4395 = ORIENTED_EDGE('',*,*,#4374,.T.);
#4396 = ORIENTED_EDGE('',*,*,#4397,.F.);
#4397 = EDGE_CURVE('',#4375,#4375,#4398,.T.);
#4398 = SURFACE_CURVE('',#4399,(#4404,#4411),.PCURVE_S1.);
#4399 = CIRCLE('',#4400,0.35);
#4400 = AXIS2_PLACEMENT_3D('',#4401,#4402,#4403);
#4401 = CARTESIAN_POINT('',(-43.18,2.54,6.85));
#4402 = DIRECTION('',(0.,0.,1.));
#4403 = DIRECTION('',(1.,0.,0.));
#4404 = PCURVE('',#1751,#4405);
#4405 = DEFINITIONAL_REPRESENTATION('',(#4406),#4410);
#4406 = LINE('',#4407,#4408);
#4407 = CARTESIAN_POINT('',(0.,-0.35));
#4408 = VECTOR('',#4409,1.);
#4409 = DIRECTION('',(1.,-0.));
#4410 = ( GEOMETRIC_REPRESENTATION_CONTEXT(2) 
PARAMETRIC_REPRESENTATION_CONTEXT() REPRESENTATION_CONTEXT('2D SPACE',''
  ) );
#4411 = PCURVE('',#4412,#4417);
#4412 = CYLINDRICAL_SURFACE('',#4413,0.35);
#4413 = AXIS2_PLACEMENT_3D('',#4414,#4415,#4416);
#4414 = CARTESIAN_POINT('',(-43.18,2.54,1.44));
#4415 = DIRECTION('',(0.,0.,1.));
#4416 = DIRECTION('',(1.,0.,0.));
#4417 = DEFINITIONAL_REPRESENTATION('',(#4418),#4422);
#4418 = LINE('',#4419,#4420);
#4419 = CARTESIAN_POINT('',(0.,5.41));
#4420 = VECTOR('',#4421,1.);
#4421 = DIRECTION('',(1.,0.));
#4422 = ( GEOMETRIC_REPRESENTATION_CONTEXT(2) 
PARAMETRIC_REPRESENTATION_CONTEXT() REPRESENTATION_CONTEXT('2D SPACE',''
  ) );
#4423 = ADVANCED_FACE('',(#4424),#1782,.F.);
#4424 = FACE_BOUND('',#4425,.T.);
#4425 = EDGE_LOOP('',(#4426,#4447,#4448,#4449));
#4426 = ORIENTED_EDGE('',*,*,#4427,.F.);
#4427 = EDGE_CURVE('',#1766,#4428,#4430,.T.);
#4428 = VERTEX_POINT('',#4429);
#4429 = CARTESIAN_POINT('',(-45.37,2.54,6.85));
#4430 = SEAM_CURVE('',#4431,(#4435,#4441),.PCURVE_S1.);
#4431 = LINE('',#4432,#4433);
#4432 = CARTESIAN_POINT('',(-45.02,2.54,7.2));
#4433 = VECTOR('',#4434,1.);
#4434 = DIRECTION('',(-0.707106781187,-0.,-0.707106781187));
#4435 = PCURVE('',#1782,#4436);
#4436 = DEFINITIONAL_REPRESENTATION('',(#4437),#4440);
#4437 = B_SPLINE_CURVE_WITH_KNOTS('',1,(#4438,#4439),.UNSPECIFIED.,.F.,
  .F.,(2,2),(0.,0.494974746831),.PIECEWISE_BEZIER_KNOTS.);
#4438 = CARTESIAN_POINT('',(0.,0.));
#4439 = CARTESIAN_POINT('',(0.,-0.35));
#4440 = ( GEOMETRIC_REPRESENTATION_CONTEXT(2) 
PARAMETRIC_REPRESENTATION_CONTEXT() REPRESENTATION_CONTEXT('2D SPACE',''
  ) );
#4441 = PCURVE('',#1782,#4442);
#4442 = DEFINITIONAL_REPRESENTATION('',(#4443),#4446);
#4443 = B_SPLINE_CURVE_WITH_KNOTS('',1,(#4444,#4445),.UNSPECIFIED.,.F.,
  .F.,(2,2),(0.,0.494974746831),.PIECEWISE_BEZIER_KNOTS.);
#4444 = CARTESIAN_POINT('',(6.28318530718,0.));
#4445 = CARTESIAN_POINT('',(6.28318530718,-0.35));
#4446 = ( GEOMETRIC_REPRESENTATION_CONTEXT(2) 
PARAMETRIC_REPRESENTATION_CONTEXT() REPRESENTATION_CONTEXT('2D SPACE',''
  ) );
#4447 = ORIENTED_EDGE('',*,*,#1765,.T.);
#4448 = ORIENTED_EDGE('',*,*,#4427,.T.);
#4449 = ORIENTED_EDGE('',*,*,#4450,.F.);
#4450 = EDGE_CURVE('',#4428,#4428,#4451,.T.);
#4451 = SURFACE_CURVE('',#4452,(#4457,#4464),.PCURVE_S1.);
#4452 = CIRCLE('',#4453,0.35);
#4453 = AXIS2_PLACEMENT_3D('',#4454,#4455,#4456);
#4454 = CARTESIAN_POINT('',(-45.72,2.54,6.85));
#4455 = DIRECTION('',(0.,0.,1.));
#4456 = DIRECTION('',(1.,0.,0.));
#4457 = PCURVE('',#1782,#4458);
#4458 = DEFINITIONAL_REPRESENTATION('',(#4459),#4463);
#4459 = LINE('',#4460,#4461);
#4460 = CARTESIAN_POINT('',(0.,-0.35));
#4461 = VECTOR('',#4462,1.);
#4462 = DIRECTION('',(1.,-0.));
#4463 = ( GEOMETRIC_REPRESENTATION_CONTEXT(2) 
PARAMETRIC_REPRESENTATION_CONTEXT() REPRESENTATION_CONTEXT('2D SPACE',''
  ) );
#4464 = PCURVE('',#4465,#4470);
#4465 = CYLINDRICAL_SURFACE('',#4466,0.35);
#4466 = AXIS2_PLACEMENT_3D('',#4467,#4468,#4469);
#4467 = CARTESIAN_POINT('',(-45.72,2.54,1.44));
#4468 = DIRECTION('',(0.,0.,1.));
#4469 = DIRECTION('',(1.,0.,0.));
#4470 = DEFINITIONAL_REPRESENTATION('',(#4471),#4475);
#4471 = LINE('',#4472,#4473);
#4472 = CARTESIAN_POINT('',(0.,5.41));
#4473 = VECTOR('',#4474,1.);
#4474 = DIRECTION('',(1.,0.));
#4475 = ( GEOMETRIC_REPRESENTATION_CONTEXT(2) 
PARAMETRIC_REPRESENTATION_CONTEXT() REPRESENTATION_CONTEXT('2D SPACE',''
  ) );
#4476 = ADVANCED_FACE('',(#4477),#1813,.F.);
#4477 = FACE_BOUND('',#4478,.T.);
#4478 = EDGE_LOOP('',(#4479,#4500,#4501,#4502));
#4479 = ORIENTED_EDGE('',*,*,#4480,.F.);
#4480 = EDGE_CURVE('',#1797,#4481,#4483,.T.);
#4481 = VERTEX_POINT('',#4482);
#4482 = CARTESIAN_POINT('',(-47.91,2.54,6.85));
#4483 = SEAM_CURVE('',#4484,(#4488,#4494),.PCURVE_S1.);
#4484 = LINE('',#4485,#4486);
#4485 = CARTESIAN_POINT('',(-47.56,2.54,7.2));
#4486 = VECTOR('',#4487,1.);
#4487 = DIRECTION('',(-0.707106781187,-0.,-0.707106781187));
#4488 = PCURVE('',#1813,#4489);
#4489 = DEFINITIONAL_REPRESENTATION('',(#4490),#4493);
#4490 = B_SPLINE_CURVE_WITH_KNOTS('',1,(#4491,#4492),.UNSPECIFIED.,.F.,
  .F.,(2,2),(0.,0.494974746831),.PIECEWISE_BEZIER_KNOTS.);
#4491 = CARTESIAN_POINT('',(0.,0.));
#4492 = CARTESIAN_POINT('',(0.,-0.35));
#4493 = ( GEOMETRIC_REPRESENTATION_CONTEXT(2) 
PARAMETRIC_REPRESENTATION_CONTEXT() REPRESENTATION_CONTEXT('2D SPACE',''
  ) );
#4494 = PCURVE('',#1813,#4495);
#4495 = DEFINITIONAL_REPRESENTATION('',(#4496),#4499);
#4496 = B_SPLINE_CURVE_WITH_KNOTS('',1,(#4497,#4498),.UNSPECIFIED.,.F.,
  .F.,(2,2),(0.,0.494974746831),.PIECEWISE_BEZIER_KNOTS.);
#4497 = CARTESIAN_POINT('',(6.28318530718,0.));
#4498 = CARTESIAN_POINT('',(6.28318530718,-0.35));
#4499 = ( GEOMETRIC_REPRESENTATION_CONTEXT(2) 
PARAMETRIC_REPRESENTATION_CONTEXT() REPRESENTATION_CONTEXT('2D SPACE',''
  ) );
#4500 = ORIENTED_EDGE('',*,*,#1796,.T.);
#4501 = ORIENTED_EDGE('',*,*,#4480,.T.);
#4502 = ORIENTED_EDGE('',*,*,#4503,.F.);
#4503 = EDGE_CURVE('',#4481,#4481,#4504,.T.);
#4504 = SURFACE_CURVE('',#4505,(#4510,#4517),.PCURVE_S1.);
#4505 = CIRCLE('',#4506,0.35);
#4506 = AXIS2_PLACEMENT_3D('',#4507,#4508,#4509);
#4507 = CARTESIAN_POINT('',(-48.26,2.54,6.85));
#4508 = DIRECTION('',(0.,0.,1.));
#4509 = DIRECTION('',(1.,0.,0.));
#4510 = PCURVE('',#1813,#4511);
#4511 = DEFINITIONAL_REPRESENTATION('',(#4512),#4516);
#4512 = LINE('',#4513,#4514);
#4513 = CARTESIAN_POINT('',(0.,-0.35));
#4514 = VECTOR('',#4515,1.);
#4515 = DIRECTION('',(1.,-0.));
#4516 = ( GEOMETRIC_REPRESENTATION_CONTEXT(2) 
PARAMETRIC_REPRESENTATION_CONTEXT() REPRESENTATION_CONTEXT('2D SPACE',''
  ) );
#4517 = PCURVE('',#4518,#4523);
#4518 = CYLINDRICAL_SURFACE('',#4519,0.35);
#4519 = AXIS2_PLACEMENT_3D('',#4520,#4521,#4522);
#4520 = CARTESIAN_POINT('',(-48.26,2.54,1.44));
#4521 = DIRECTION('',(0.,0.,1.));
#4522 = DIRECTION('',(1.,0.,0.));
#4523 = DEFINITIONAL_REPRESENTATION('',(#4524),#4528);
#4524 = LINE('',#4525,#4526);
#4525 = CARTESIAN_POINT('',(0.,5.41));
#4526 = VECTOR('',#4527,1.);
#4527 = DIRECTION('',(1.,0.));
#4528 = ( GEOMETRIC_REPRESENTATION_CONTEXT(2) 
PARAMETRIC_REPRESENTATION_CONTEXT() REPRESENTATION_CONTEXT('2D SPACE',''
  ) );
#4529 = ADVANCED_FACE('',(#4530),#1844,.F.);
#4530 = FACE_BOUND('',#4531,.T.);
#4531 = EDGE_LOOP('',(#4532,#4553,#4554,#4555));
#4532 = ORIENTED_EDGE('',*,*,#4533,.F.);
#4533 = EDGE_CURVE('',#1828,#4534,#4536,.T.);
#4534 = VERTEX_POINT('',#4535);
#4535 = CARTESIAN_POINT('',(-45.37,0.,6.85));
#4536 = SEAM_CURVE('',#4537,(#4541,#4547),.PCURVE_S1.);
#4537 = LINE('',#4538,#4539);
#4538 = CARTESIAN_POINT('',(-45.02,0.,7.2));
#4539 = VECTOR('',#4540,1.);
#4540 = DIRECTION('',(-0.707106781187,-0.,-0.707106781187));
#4541 = PCURVE('',#1844,#4542);
#4542 = DEFINITIONAL_REPRESENTATION('',(#4543),#4546);
#4543 = B_SPLINE_CURVE_WITH_KNOTS('',1,(#4544,#4545),.UNSPECIFIED.,.F.,
  .F.,(2,2),(0.,0.494974746831),.PIECEWISE_BEZIER_KNOTS.);
#4544 = CARTESIAN_POINT('',(0.,0.));
#4545 = CARTESIAN_POINT('',(0.,-0.35));
#4546 = ( GEOMETRIC_REPRESENTATION_CONTEXT(2) 
PARAMETRIC_REPRESENTATION_CONTEXT() REPRESENTATION_CONTEXT('2D SPACE',''
  ) );
#4547 = PCURVE('',#1844,#4548);
#4548 = DEFINITIONAL_REPRESENTATION('',(#4549),#4552);
#4549 = B_SPLINE_CURVE_WITH_KNOTS('',1,(#4550,#4551),.UNSPECIFIED.,.F.,
  .F.,(2,2),(0.,0.494974746831),.PIECEWISE_BEZIER_KNOTS.);
#4550 = CARTESIAN_POINT('',(6.28318530718,0.));
#4551 = CARTESIAN_POINT('',(6.28318530718,-0.35));
#4552 = ( GEOMETRIC_REPRESENTATION_CONTEXT(2) 
PARAMETRIC_REPRESENTATION_CONTEXT() REPRESENTATION_CONTEXT('2D SPACE',''
  ) );
#4553 = ORIENTED_EDGE('',*,*,#1827,.T.);
#4554 = ORIENTED_EDGE('',*,*,#4533,.T.);
#4555 = ORIENTED_EDGE('',*,*,#4556,.F.);
#4556 = EDGE_CURVE('',#4534,#4534,#4557,.T.);
#4557 = SURFACE_CURVE('',#4558,(#4563,#4570),.PCURVE_S1.);
#4558 = CIRCLE('',#4559,0.35);
#4559 = AXIS2_PLACEMENT_3D('',#4560,#4561,#4562);
#4560 = CARTESIAN_POINT('',(-45.72,0.,6.85));
#4561 = DIRECTION('',(0.,0.,1.));
#4562 = DIRECTION('',(1.,0.,0.));
#4563 = PCURVE('',#1844,#4564);
#4564 = DEFINITIONAL_REPRESENTATION('',(#4565),#4569);
#4565 = LINE('',#4566,#4567);
#4566 = CARTESIAN_POINT('',(0.,-0.35));
#4567 = VECTOR('',#4568,1.);
#4568 = DIRECTION('',(1.,-0.));
#4569 = ( GEOMETRIC_REPRESENTATION_CONTEXT(2) 
PARAMETRIC_REPRESENTATION_CONTEXT() REPRESENTATION_CONTEXT('2D SPACE',''
  ) );
#4570 = PCURVE('',#4571,#4576);
#4571 = CYLINDRICAL_SURFACE('',#4572,0.35);
#4572 = AXIS2_PLACEMENT_3D('',#4573,#4574,#4575);
#4573 = CARTESIAN_POINT('',(-45.72,0.,1.44));
#4574 = DIRECTION('',(0.,0.,1.));
#4575 = DIRECTION('',(1.,0.,0.));
#4576 = DEFINITIONAL_REPRESENTATION('',(#4577),#4581);
#4577 = LINE('',#4578,#4579);
#4578 = CARTESIAN_POINT('',(0.,5.41));
#4579 = VECTOR('',#4580,1.);
#4580 = DIRECTION('',(1.,0.));
#4581 = ( GEOMETRIC_REPRESENTATION_CONTEXT(2) 
PARAMETRIC_REPRESENTATION_CONTEXT() REPRESENTATION_CONTEXT('2D SPACE',''
  ) );
#4582 = ADVANCED_FACE('',(#4583),#1875,.F.);
#4583 = FACE_BOUND('',#4584,.T.);
#4584 = EDGE_LOOP('',(#4585,#4606,#4607,#4608));
#4585 = ORIENTED_EDGE('',*,*,#4586,.F.);
#4586 = EDGE_CURVE('',#1859,#4587,#4589,.T.);
#4587 = VERTEX_POINT('',#4588);
#4588 = CARTESIAN_POINT('',(-42.83,0.,6.85));
#4589 = SEAM_CURVE('',#4590,(#4594,#4600),.PCURVE_S1.);
#4590 = LINE('',#4591,#4592);
#4591 = CARTESIAN_POINT('',(-42.48,0.,7.2));
#4592 = VECTOR('',#4593,1.);
#4593 = DIRECTION('',(-0.707106781187,-0.,-0.707106781187));
#4594 = PCURVE('',#1875,#4595);
#4595 = DEFINITIONAL_REPRESENTATION('',(#4596),#4599);
#4596 = B_SPLINE_CURVE_WITH_KNOTS('',1,(#4597,#4598),.UNSPECIFIED.,.F.,
  .F.,(2,2),(0.,0.494974746831),.PIECEWISE_BEZIER_KNOTS.);
#4597 = CARTESIAN_POINT('',(0.,0.));
#4598 = CARTESIAN_POINT('',(0.,-0.35));
#4599 = ( GEOMETRIC_REPRESENTATION_CONTEXT(2) 
PARAMETRIC_REPRESENTATION_CONTEXT() REPRESENTATION_CONTEXT('2D SPACE',''
  ) );
#4600 = PCURVE('',#1875,#4601);
#4601 = DEFINITIONAL_REPRESENTATION('',(#4602),#4605);
#4602 = B_SPLINE_CURVE_WITH_KNOTS('',1,(#4603,#4604),.UNSPECIFIED.,.F.,
  .F.,(2,2),(0.,0.494974746831),.PIECEWISE_BEZIER_KNOTS.);
#4603 = CARTESIAN_POINT('',(6.28318530718,0.));
#4604 = CARTESIAN_POINT('',(6.28318530718,-0.35));
#4605 = ( GEOMETRIC_REPRESENTATION_CONTEXT(2) 
PARAMETRIC_REPRESENTATION_CONTEXT() REPRESENTATION_CONTEXT('2D SPACE',''
  ) );
#4606 = ORIENTED_EDGE('',*,*,#1858,.T.);
#4607 = ORIENTED_EDGE('',*,*,#4586,.T.);
#4608 = ORIENTED_EDGE('',*,*,#4609,.F.);
#4609 = EDGE_CURVE('',#4587,#4587,#4610,.T.);
#4610 = SURFACE_CURVE('',#4611,(#4616,#4623),.PCURVE_S1.);
#4611 = CIRCLE('',#4612,0.35);
#4612 = AXIS2_PLACEMENT_3D('',#4613,#4614,#4615);
#4613 = CARTESIAN_POINT('',(-43.18,0.,6.85));
#4614 = DIRECTION('',(0.,0.,1.));
#4615 = DIRECTION('',(1.,0.,0.));
#4616 = PCURVE('',#1875,#4617);
#4617 = DEFINITIONAL_REPRESENTATION('',(#4618),#4622);
#4618 = LINE('',#4619,#4620);
#4619 = CARTESIAN_POINT('',(0.,-0.35));
#4620 = VECTOR('',#4621,1.);
#4621 = DIRECTION('',(1.,-0.));
#4622 = ( GEOMETRIC_REPRESENTATION_CONTEXT(2) 
PARAMETRIC_REPRESENTATION_CONTEXT() REPRESENTATION_CONTEXT('2D SPACE',''
  ) );
#4623 = PCURVE('',#4624,#4629);
#4624 = CYLINDRICAL_SURFACE('',#4625,0.35);
#4625 = AXIS2_PLACEMENT_3D('',#4626,#4627,#4628);
#4626 = CARTESIAN_POINT('',(-43.18,0.,1.44));
#4627 = DIRECTION('',(0.,0.,1.));
#4628 = DIRECTION('',(1.,0.,0.));
#4629 = DEFINITIONAL_REPRESENTATION('',(#4630),#4634);
#4630 = LINE('',#4631,#4632);
#4631 = CARTESIAN_POINT('',(0.,5.41));
#4632 = VECTOR('',#4633,1.);
#4633 = DIRECTION('',(1.,0.));
#4634 = ( GEOMETRIC_REPRESENTATION_CONTEXT(2) 
PARAMETRIC_REPRESENTATION_CONTEXT() REPRESENTATION_CONTEXT('2D SPACE',''
  ) );
#4635 = ADVANCED_FACE('',(#4636),#1906,.F.);
#4636 = FACE_BOUND('',#4637,.T.);
#4637 = EDGE_LOOP('',(#4638,#4659,#4660,#4661));
#4638 = ORIENTED_EDGE('',*,*,#4639,.F.);
#4639 = EDGE_CURVE('',#1890,#4640,#4642,.T.);
#4640 = VERTEX_POINT('',#4641);
#4641 = CARTESIAN_POINT('',(-47.91,0.,6.85));
#4642 = SEAM_CURVE('',#4643,(#4647,#4653),.PCURVE_S1.);
#4643 = LINE('',#4644,#4645);
#4644 = CARTESIAN_POINT('',(-47.56,0.,7.2));
#4645 = VECTOR('',#4646,1.);
#4646 = DIRECTION('',(-0.707106781187,-0.,-0.707106781187));
#4647 = PCURVE('',#1906,#4648);
#4648 = DEFINITIONAL_REPRESENTATION('',(#4649),#4652);
#4649 = B_SPLINE_CURVE_WITH_KNOTS('',1,(#4650,#4651),.UNSPECIFIED.,.F.,
  .F.,(2,2),(0.,0.494974746831),.PIECEWISE_BEZIER_KNOTS.);
#4650 = CARTESIAN_POINT('',(0.,0.));
#4651 = CARTESIAN_POINT('',(0.,-0.35));
#4652 = ( GEOMETRIC_REPRESENTATION_CONTEXT(2) 
PARAMETRIC_REPRESENTATION_CONTEXT() REPRESENTATION_CONTEXT('2D SPACE',''
  ) );
#4653 = PCURVE('',#1906,#4654);
#4654 = DEFINITIONAL_REPRESENTATION('',(#4655),#4658);
#4655 = B_SPLINE_CURVE_WITH_KNOTS('',1,(#4656,#4657),.UNSPECIFIED.,.F.,
  .F.,(2,2),(0.,0.494974746831),.PIECEWISE_BEZIER_KNOTS.);
#4656 = CARTESIAN_POINT('',(6.28318530718,0.));
#4657 = CARTESIAN_POINT('',(6.28318530718,-0.35));
#4658 = ( GEOMETRIC_REPRESENTATION_CONTEXT(2) 
PARAMETRIC_REPRESENTATION_CONTEXT() REPRESENTATION_CONTEXT('2D SPACE',''
  ) );
#4659 = ORIENTED_EDGE('',*,*,#1889,.T.);
#4660 = ORIENTED_EDGE('',*,*,#4639,.T.);
#4661 = ORIENTED_EDGE('',*,*,#4662,.F.);
#4662 = EDGE_CURVE('',#4640,#4640,#4663,.T.);
#4663 = SURFACE_CURVE('',#4664,(#4669,#4676),.PCURVE_S1.);
#4664 = CIRCLE('',#4665,0.35);
#4665 = AXIS2_PLACEMENT_3D('',#4666,#4667,#4668);
#4666 = CARTESIAN_POINT('',(-48.26,0.,6.85));
#4667 = DIRECTION('',(0.,0.,1.));
#4668 = DIRECTION('',(1.,0.,0.));
#4669 = PCURVE('',#1906,#4670);
#4670 = DEFINITIONAL_REPRESENTATION('',(#4671),#4675);
#4671 = LINE('',#4672,#4673);
#4672 = CARTESIAN_POINT('',(0.,-0.35));
#4673 = VECTOR('',#4674,1.);
#4674 = DIRECTION('',(1.,-0.));
#4675 = ( GEOMETRIC_REPRESENTATION_CONTEXT(2) 
PARAMETRIC_REPRESENTATION_CONTEXT() REPRESENTATION_CONTEXT('2D SPACE',''
  ) );
#4676 = PCURVE('',#4677,#4682);
#4677 = CYLINDRICAL_SURFACE('',#4678,0.35);
#4678 = AXIS2_PLACEMENT_3D('',#4679,#4680,#4681);
#4679 = CARTESIAN_POINT('',(-48.26,0.,1.44));
#4680 = DIRECTION('',(0.,0.,1.));
#4681 = DIRECTION('',(1.,0.,0.));
#4682 = DEFINITIONAL_REPRESENTATION('',(#4683),#4687);
#4683 = LINE('',#4684,#4685);
#4684 = CARTESIAN_POINT('',(0.,5.41));
#4685 = VECTOR('',#4686,1.);
#4686 = DIRECTION('',(1.,0.));
#4687 = ( GEOMETRIC_REPRESENTATION_CONTEXT(2) 
PARAMETRIC_REPRESENTATION_CONTEXT() REPRESENTATION_CONTEXT('2D SPACE',''
  ) );
#4688 = ADVANCED_FACE('',(#4689),#1937,.F.);
#4689 = FACE_BOUND('',#4690,.T.);
#4690 = EDGE_LOOP('',(#4691,#4712,#4713,#4714));
#4691 = ORIENTED_EDGE('',*,*,#4692,.F.);
#4692 = EDGE_CURVE('',#1921,#4693,#4695,.T.);
#4693 = VERTEX_POINT('',#4694);
#4694 = CARTESIAN_POINT('',(-60.61,0.,6.85));
#4695 = SEAM_CURVE('',#4696,(#4700,#4706),.PCURVE_S1.);
#4696 = LINE('',#4697,#4698);
#4697 = CARTESIAN_POINT('',(-60.26,0.,7.2));
#4698 = VECTOR('',#4699,1.);
#4699 = DIRECTION('',(-0.707106781187,-0.,-0.707106781187));
#4700 = PCURVE('',#1937,#4701);
#4701 = DEFINITIONAL_REPRESENTATION('',(#4702),#4705);
#4702 = B_SPLINE_CURVE_WITH_KNOTS('',1,(#4703,#4704),.UNSPECIFIED.,.F.,
  .F.,(2,2),(0.,0.494974746831),.PIECEWISE_BEZIER_KNOTS.);
#4703 = CARTESIAN_POINT('',(0.,0.));
#4704 = CARTESIAN_POINT('',(0.,-0.35));
#4705 = ( GEOMETRIC_REPRESENTATION_CONTEXT(2) 
PARAMETRIC_REPRESENTATION_CONTEXT() REPRESENTATION_CONTEXT('2D SPACE',''
  ) );
#4706 = PCURVE('',#1937,#4707);
#4707 = DEFINITIONAL_REPRESENTATION('',(#4708),#4711);
#4708 = B_SPLINE_CURVE_WITH_KNOTS('',1,(#4709,#4710),.UNSPECIFIED.,.F.,
  .F.,(2,2),(0.,0.494974746831),.PIECEWISE_BEZIER_KNOTS.);
#4709 = CARTESIAN_POINT('',(6.28318530718,0.));
#4710 = CARTESIAN_POINT('',(6.28318530718,-0.35));
#4711 = ( GEOMETRIC_REPRESENTATION_CONTEXT(2) 
PARAMETRIC_REPRESENTATION_CONTEXT() REPRESENTATION_CONTEXT('2D SPACE',''
  ) );
#4712 = ORIENTED_EDGE('',*,*,#1920,.T.);
#4713 = ORIENTED_EDGE('',*,*,#4692,.T.);
#4714 = ORIENTED_EDGE('',*,*,#4715,.F.);
#4715 = EDGE_CURVE('',#4693,#4693,#4716,.T.);
#4716 = SURFACE_CURVE('',#4717,(#4722,#4729),.PCURVE_S1.);
#4717 = CIRCLE('',#4718,0.35);
#4718 = AXIS2_PLACEMENT_3D('',#4719,#4720,#4721);
#4719 = CARTESIAN_POINT('',(-60.96,0.,6.85));
#4720 = DIRECTION('',(0.,0.,1.));
#4721 = DIRECTION('',(1.,0.,0.));
#4722 = PCURVE('',#1937,#4723);
#4723 = DEFINITIONAL_REPRESENTATION('',(#4724),#4728);
#4724 = LINE('',#4725,#4726);
#4725 = CARTESIAN_POINT('',(0.,-0.35));
#4726 = VECTOR('',#4727,1.);
#4727 = DIRECTION('',(1.,-0.));
#4728 = ( GEOMETRIC_REPRESENTATION_CONTEXT(2) 
PARAMETRIC_REPRESENTATION_CONTEXT() REPRESENTATION_CONTEXT('2D SPACE',''
  ) );
#4729 = PCURVE('',#4730,#4735);
#4730 = CYLINDRICAL_SURFACE('',#4731,0.35);
#4731 = AXIS2_PLACEMENT_3D('',#4732,#4733,#4734);
#4732 = CARTESIAN_POINT('',(-60.96,0.,1.44));
#4733 = DIRECTION('',(0.,0.,1.));
#4734 = DIRECTION('',(1.,0.,0.));
#4735 = DEFINITIONAL_REPRESENTATION('',(#4736),#4740);
#4736 = LINE('',#4737,#4738);
#4737 = CARTESIAN_POINT('',(0.,5.41));
#4738 = VECTOR('',#4739,1.);
#4739 = DIRECTION('',(1.,0.));
#4740 = ( GEOMETRIC_REPRESENTATION_CONTEXT(2) 
PARAMETRIC_REPRESENTATION_CONTEXT() REPRESENTATION_CONTEXT('2D SPACE',''
  ) );
#4741 = ADVANCED_FACE('',(#4742),#1968,.F.);
#4742 = FACE_BOUND('',#4743,.T.);
#4743 = EDGE_LOOP('',(#4744,#4765,#4766,#4767));
#4744 = ORIENTED_EDGE('',*,*,#4745,.F.);
#4745 = EDGE_CURVE('',#1952,#4746,#4748,.T.);
#4746 = VERTEX_POINT('',#4747);
#4747 = CARTESIAN_POINT('',(-60.61,2.54,6.85));
#4748 = SEAM_CURVE('',#4749,(#4753,#4759),.PCURVE_S1.);
#4749 = LINE('',#4750,#4751);
#4750 = CARTESIAN_POINT('',(-60.26,2.54,7.2));
#4751 = VECTOR('',#4752,1.);
#4752 = DIRECTION('',(-0.707106781187,-0.,-0.707106781187));
#4753 = PCURVE('',#1968,#4754);
#4754 = DEFINITIONAL_REPRESENTATION('',(#4755),#4758);
#4755 = B_SPLINE_CURVE_WITH_KNOTS('',1,(#4756,#4757),.UNSPECIFIED.,.F.,
  .F.,(2,2),(0.,0.494974746831),.PIECEWISE_BEZIER_KNOTS.);
#4756 = CARTESIAN_POINT('',(0.,0.));
#4757 = CARTESIAN_POINT('',(0.,-0.35));
#4758 = ( GEOMETRIC_REPRESENTATION_CONTEXT(2) 
PARAMETRIC_REPRESENTATION_CONTEXT() REPRESENTATION_CONTEXT('2D SPACE',''
  ) );
#4759 = PCURVE('',#1968,#4760);
#4760 = DEFINITIONAL_REPRESENTATION('',(#4761),#4764);
#4761 = B_SPLINE_CURVE_WITH_KNOTS('',1,(#4762,#4763),.UNSPECIFIED.,.F.,
  .F.,(2,2),(0.,0.494974746831),.PIECEWISE_BEZIER_KNOTS.);
#4762 = CARTESIAN_POINT('',(6.28318530718,0.));
#4763 = CARTESIAN_POINT('',(6.28318530718,-0.35));
#4764 = ( GEOMETRIC_REPRESENTATION_CONTEXT(2) 
PARAMETRIC_REPRESENTATION_CONTEXT() REPRESENTATION_CONTEXT('2D SPACE',''
  ) );
#4765 = ORIENTED_EDGE('',*,*,#1951,.T.);
#4766 = ORIENTED_EDGE('',*,*,#4745,.T.);
#4767 = ORIENTED_EDGE('',*,*,#4768,.F.);
#4768 = EDGE_CURVE('',#4746,#4746,#4769,.T.);
#4769 = SURFACE_CURVE('',#4770,(#4775,#4782),.PCURVE_S1.);
#4770 = CIRCLE('',#4771,0.35);
#4771 = AXIS2_PLACEMENT_3D('',#4772,#4773,#4774);
#4772 = CARTESIAN_POINT('',(-60.96,2.54,6.85));
#4773 = DIRECTION('',(0.,0.,1.));
#4774 = DIRECTION('',(1.,0.,0.));
#4775 = PCURVE('',#1968,#4776);
#4776 = DEFINITIONAL_REPRESENTATION('',(#4777),#4781);
#4777 = LINE('',#4778,#4779);
#4778 = CARTESIAN_POINT('',(0.,-0.35));
#4779 = VECTOR('',#4780,1.);
#4780 = DIRECTION('',(1.,-0.));
#4781 = ( GEOMETRIC_REPRESENTATION_CONTEXT(2) 
PARAMETRIC_REPRESENTATION_CONTEXT() REPRESENTATION_CONTEXT('2D SPACE',''
  ) );
#4782 = PCURVE('',#4783,#4788);
#4783 = CYLINDRICAL_SURFACE('',#4784,0.35);
#4784 = AXIS2_PLACEMENT_3D('',#4785,#4786,#4787);
#4785 = CARTESIAN_POINT('',(-60.96,2.54,1.44));
#4786 = DIRECTION('',(0.,0.,1.));
#4787 = DIRECTION('',(1.,0.,0.));
#4788 = DEFINITIONAL_REPRESENTATION('',(#4789),#4793);
#4789 = LINE('',#4790,#4791);
#4790 = CARTESIAN_POINT('',(0.,5.41));
#4791 = VECTOR('',#4792,1.);
#4792 = DIRECTION('',(1.,0.));
#4793 = ( GEOMETRIC_REPRESENTATION_CONTEXT(2) 
PARAMETRIC_REPRESENTATION_CONTEXT() REPRESENTATION_CONTEXT('2D SPACE',''
  ) );
#4794 = ADVANCED_FACE('',(#4795),#2186,.F.);
#4795 = FACE_BOUND('',#4796,.F.);
#4796 = EDGE_LOOP('',(#4797,#4798,#4821,#4848));
#4797 = ORIENTED_EDGE('',*,*,#2171,.F.);
#4798 = ORIENTED_EDGE('',*,*,#4799,.F.);
#4799 = EDGE_CURVE('',#4800,#2149,#4802,.T.);
#4800 = VERTEX_POINT('',#4801);
#4801 = CARTESIAN_POINT('',(-17.43,-8.572527594031E-17,1.44));
#4802 = SEAM_CURVE('',#4803,(#4807,#4814),.PCURVE_S1.);
#4803 = LINE('',#4804,#4805);
#4804 = CARTESIAN_POINT('',(-17.43,-8.572527594031E-17,1.44));
#4805 = VECTOR('',#4806,1.);
#4806 = DIRECTION('',(0.,0.,1.));
#4807 = PCURVE('',#2186,#4808);
#4808 = DEFINITIONAL_REPRESENTATION('',(#4809),#4813);
#4809 = LINE('',#4810,#4811);
#4810 = CARTESIAN_POINT('',(6.28318530718,-0.));
#4811 = VECTOR('',#4812,1.);
#4812 = DIRECTION('',(0.,1.));
#4813 = ( GEOMETRIC_REPRESENTATION_CONTEXT(2) 
PARAMETRIC_REPRESENTATION_CONTEXT() REPRESENTATION_CONTEXT('2D SPACE',''
  ) );
#4814 = PCURVE('',#2186,#4815);
#4815 = DEFINITIONAL_REPRESENTATION('',(#4816),#4820);
#4816 = LINE('',#4817,#4818);
#4817 = CARTESIAN_POINT('',(0.,-0.));
#4818 = VECTOR('',#4819,1.);
#4819 = DIRECTION('',(0.,1.));
#4820 = ( GEOMETRIC_REPRESENTATION_CONTEXT(2) 
PARAMETRIC_REPRESENTATION_CONTEXT() REPRESENTATION_CONTEXT('2D SPACE',''
  ) );
#4821 = ORIENTED_EDGE('',*,*,#4822,.T.);
#4822 = EDGE_CURVE('',#4800,#4800,#4823,.T.);
#4823 = SURFACE_CURVE('',#4824,(#4829,#4836),.PCURVE_S1.);
#4824 = CIRCLE('',#4825,0.35);
#4825 = AXIS2_PLACEMENT_3D('',#4826,#4827,#4828);
#4826 = CARTESIAN_POINT('',(-17.78,0.,1.44));
#4827 = DIRECTION('',(0.,0.,1.));
#4828 = DIRECTION('',(1.,0.,0.));
#4829 = PCURVE('',#2186,#4830);
#4830 = DEFINITIONAL_REPRESENTATION('',(#4831),#4835);
#4831 = LINE('',#4832,#4833);
#4832 = CARTESIAN_POINT('',(0.,0.));
#4833 = VECTOR('',#4834,1.);
#4834 = DIRECTION('',(1.,0.));
#4835 = ( GEOMETRIC_REPRESENTATION_CONTEXT(2) 
PARAMETRIC_REPRESENTATION_CONTEXT() REPRESENTATION_CONTEXT('2D SPACE',''
  ) );
#4836 = PCURVE('',#4837,#4842);
#4837 = PLANE('',#4838);
#4838 = AXIS2_PLACEMENT_3D('',#4839,#4840,#4841);
#4839 = CARTESIAN_POINT('',(-17.78,0.,1.44));
#4840 = DIRECTION('',(0.,0.,1.));
#4841 = DIRECTION('',(1.,0.,0.));
#4842 = DEFINITIONAL_REPRESENTATION('',(#4843),#4847);
#4843 = CIRCLE('',#4844,0.35);
#4844 = AXIS2_PLACEMENT_2D('',#4845,#4846);
#4845 = CARTESIAN_POINT('',(0.,0.));
#4846 = DIRECTION('',(1.,0.));
#4847 = ( GEOMETRIC_REPRESENTATION_CONTEXT(2) 
PARAMETRIC_REPRESENTATION_CONTEXT() REPRESENTATION_CONTEXT('2D SPACE',''
  ) );
#4848 = ORIENTED_EDGE('',*,*,#4799,.T.);
#4849 = ADVANCED_FACE('',(#4850),#2239,.F.);
#4850 = FACE_BOUND('',#4851,.F.);
#4851 = EDGE_LOOP('',(#4852,#4853,#4876,#4903));
#4852 = ORIENTED_EDGE('',*,*,#2224,.F.);
#4853 = ORIENTED_EDGE('',*,*,#4854,.F.);
#4854 = EDGE_CURVE('',#4855,#2202,#4857,.T.);
#4855 = VERTEX_POINT('',#4856);
#4856 = CARTESIAN_POINT('',(-14.89,-8.572527594031E-17,1.44));
#4857 = SEAM_CURVE('',#4858,(#4862,#4869),.PCURVE_S1.);
#4858 = LINE('',#4859,#4860);
#4859 = CARTESIAN_POINT('',(-14.89,-8.572527594031E-17,1.44));
#4860 = VECTOR('',#4861,1.);
#4861 = DIRECTION('',(0.,0.,1.));
#4862 = PCURVE('',#2239,#4863);
#4863 = DEFINITIONAL_REPRESENTATION('',(#4864),#4868);
#4864 = LINE('',#4865,#4866);
#4865 = CARTESIAN_POINT('',(6.28318530718,-0.));
#4866 = VECTOR('',#4867,1.);
#4867 = DIRECTION('',(0.,1.));
#4868 = ( GEOMETRIC_REPRESENTATION_CONTEXT(2) 
PARAMETRIC_REPRESENTATION_CONTEXT() REPRESENTATION_CONTEXT('2D SPACE',''
  ) );
#4869 = PCURVE('',#2239,#4870);
#4870 = DEFINITIONAL_REPRESENTATION('',(#4871),#4875);
#4871 = LINE('',#4872,#4873);
#4872 = CARTESIAN_POINT('',(0.,-0.));
#4873 = VECTOR('',#4874,1.);
#4874 = DIRECTION('',(0.,1.));
#4875 = ( GEOMETRIC_REPRESENTATION_CONTEXT(2) 
PARAMETRIC_REPRESENTATION_CONTEXT() REPRESENTATION_CONTEXT('2D SPACE',''
  ) );
#4876 = ORIENTED_EDGE('',*,*,#4877,.T.);
#4877 = EDGE_CURVE('',#4855,#4855,#4878,.T.);
#4878 = SURFACE_CURVE('',#4879,(#4884,#4891),.PCURVE_S1.);
#4879 = CIRCLE('',#4880,0.35);
#4880 = AXIS2_PLACEMENT_3D('',#4881,#4882,#4883);
#4881 = CARTESIAN_POINT('',(-15.24,0.,1.44));
#4882 = DIRECTION('',(0.,0.,1.));
#4883 = DIRECTION('',(1.,0.,0.));
#4884 = PCURVE('',#2239,#4885);
#4885 = DEFINITIONAL_REPRESENTATION('',(#4886),#4890);
#4886 = LINE('',#4887,#4888);
#4887 = CARTESIAN_POINT('',(0.,0.));
#4888 = VECTOR('',#4889,1.);
#4889 = DIRECTION('',(1.,0.));
#4890 = ( GEOMETRIC_REPRESENTATION_CONTEXT(2) 
PARAMETRIC_REPRESENTATION_CONTEXT() REPRESENTATION_CONTEXT('2D SPACE',''
  ) );
#4891 = PCURVE('',#4892,#4897);
#4892 = PLANE('',#4893);
#4893 = AXIS2_PLACEMENT_3D('',#4894,#4895,#4896);
#4894 = CARTESIAN_POINT('',(-15.24,0.,1.44));
#4895 = DIRECTION('',(0.,0.,1.));
#4896 = DIRECTION('',(1.,0.,0.));
#4897 = DEFINITIONAL_REPRESENTATION('',(#4898),#4902);
#4898 = CIRCLE('',#4899,0.35);
#4899 = AXIS2_PLACEMENT_2D('',#4900,#4901);
#4900 = CARTESIAN_POINT('',(0.,0.));
#4901 = DIRECTION('',(1.,0.));
#4902 = ( GEOMETRIC_REPRESENTATION_CONTEXT(2) 
PARAMETRIC_REPRESENTATION_CONTEXT() REPRESENTATION_CONTEXT('2D SPACE',''
  ) );
#4903 = ORIENTED_EDGE('',*,*,#4854,.T.);
#4904 = ADVANCED_FACE('',(#4905),#2292,.F.);
#4905 = FACE_BOUND('',#4906,.F.);
#4906 = EDGE_LOOP('',(#4907,#4908,#4931,#4958));
#4907 = ORIENTED_EDGE('',*,*,#2277,.F.);
#4908 = ORIENTED_EDGE('',*,*,#4909,.F.);
#4909 = EDGE_CURVE('',#4910,#2255,#4912,.T.);
#4910 = VERTEX_POINT('',#4911);
#4911 = CARTESIAN_POINT('',(-9.81,-8.572527594031E-17,1.44));
#4912 = SEAM_CURVE('',#4913,(#4917,#4924),.PCURVE_S1.);
#4913 = LINE('',#4914,#4915);
#4914 = CARTESIAN_POINT('',(-9.81,-8.572527594031E-17,1.44));
#4915 = VECTOR('',#4916,1.);
#4916 = DIRECTION('',(0.,0.,1.));
#4917 = PCURVE('',#2292,#4918);
#4918 = DEFINITIONAL_REPRESENTATION('',(#4919),#4923);
#4919 = LINE('',#4920,#4921);
#4920 = CARTESIAN_POINT('',(6.28318530718,-0.));
#4921 = VECTOR('',#4922,1.);
#4922 = DIRECTION('',(0.,1.));
#4923 = ( GEOMETRIC_REPRESENTATION_CONTEXT(2) 
PARAMETRIC_REPRESENTATION_CONTEXT() REPRESENTATION_CONTEXT('2D SPACE',''
  ) );
#4924 = PCURVE('',#2292,#4925);
#4925 = DEFINITIONAL_REPRESENTATION('',(#4926),#4930);
#4926 = LINE('',#4927,#4928);
#4927 = CARTESIAN_POINT('',(0.,-0.));
#4928 = VECTOR('',#4929,1.);
#4929 = DIRECTION('',(0.,1.));
#4930 = ( GEOMETRIC_REPRESENTATION_CONTEXT(2) 
PARAMETRIC_REPRESENTATION_CONTEXT() REPRESENTATION_CONTEXT('2D SPACE',''
  ) );
#4931 = ORIENTED_EDGE('',*,*,#4932,.T.);
#4932 = EDGE_CURVE('',#4910,#4910,#4933,.T.);
#4933 = SURFACE_CURVE('',#4934,(#4939,#4946),.PCURVE_S1.);
#4934 = CIRCLE('',#4935,0.35);
#4935 = AXIS2_PLACEMENT_3D('',#4936,#4937,#4938);
#4936 = CARTESIAN_POINT('',(-10.16,0.,1.44));
#4937 = DIRECTION('',(0.,0.,1.));
#4938 = DIRECTION('',(1.,0.,0.));
#4939 = PCURVE('',#2292,#4940);
#4940 = DEFINITIONAL_REPRESENTATION('',(#4941),#4945);
#4941 = LINE('',#4942,#4943);
#4942 = CARTESIAN_POINT('',(0.,0.));
#4943 = VECTOR('',#4944,1.);
#4944 = DIRECTION('',(1.,0.));
#4945 = ( GEOMETRIC_REPRESENTATION_CONTEXT(2) 
PARAMETRIC_REPRESENTATION_CONTEXT() REPRESENTATION_CONTEXT('2D SPACE',''
  ) );
#4946 = PCURVE('',#4947,#4952);
#4947 = PLANE('',#4948);
#4948 = AXIS2_PLACEMENT_3D('',#4949,#4950,#4951);
#4949 = CARTESIAN_POINT('',(-10.16,0.,1.44));
#4950 = DIRECTION('',(0.,0.,1.));
#4951 = DIRECTION('',(1.,0.,0.));
#4952 = DEFINITIONAL_REPRESENTATION('',(#4953),#4957);
#4953 = CIRCLE('',#4954,0.35);
#4954 = AXIS2_PLACEMENT_2D('',#4955,#4956);
#4955 = CARTESIAN_POINT('',(0.,0.));
#4956 = DIRECTION('',(1.,0.));
#4957 = ( GEOMETRIC_REPRESENTATION_CONTEXT(2) 
PARAMETRIC_REPRESENTATION_CONTEXT() REPRESENTATION_CONTEXT('2D SPACE',''
  ) );
#4958 = ORIENTED_EDGE('',*,*,#4909,.T.);
#4959 = ADVANCED_FACE('',(#4960),#2345,.F.);
#4960 = FACE_BOUND('',#4961,.F.);
#4961 = EDGE_LOOP('',(#4962,#4963,#4986,#5013));
#4962 = ORIENTED_EDGE('',*,*,#2330,.F.);
#4963 = ORIENTED_EDGE('',*,*,#4964,.F.);
#4964 = EDGE_CURVE('',#4965,#2308,#4967,.T.);
#4965 = VERTEX_POINT('',#4966);
#4966 = CARTESIAN_POINT('',(-12.35,-8.572527594031E-17,1.44));
#4967 = SEAM_CURVE('',#4968,(#4972,#4979),.PCURVE_S1.);
#4968 = LINE('',#4969,#4970);
#4969 = CARTESIAN_POINT('',(-12.35,-8.572527594031E-17,1.44));
#4970 = VECTOR('',#4971,1.);
#4971 = DIRECTION('',(0.,0.,1.));
#4972 = PCURVE('',#2345,#4973);
#4973 = DEFINITIONAL_REPRESENTATION('',(#4974),#4978);
#4974 = LINE('',#4975,#4976);
#4975 = CARTESIAN_POINT('',(6.28318530718,-0.));
#4976 = VECTOR('',#4977,1.);
#4977 = DIRECTION('',(0.,1.));
#4978 = ( GEOMETRIC_REPRESENTATION_CONTEXT(2) 
PARAMETRIC_REPRESENTATION_CONTEXT() REPRESENTATION_CONTEXT('2D SPACE',''
  ) );
#4979 = PCURVE('',#2345,#4980);
#4980 = DEFINITIONAL_REPRESENTATION('',(#4981),#4985);
#4981 = LINE('',#4982,#4983);
#4982 = CARTESIAN_POINT('',(0.,-0.));
#4983 = VECTOR('',#4984,1.);
#4984 = DIRECTION('',(0.,1.));
#4985 = ( GEOMETRIC_REPRESENTATION_CONTEXT(2) 
PARAMETRIC_REPRESENTATION_CONTEXT() REPRESENTATION_CONTEXT('2D SPACE',''
  ) );
#4986 = ORIENTED_EDGE('',*,*,#4987,.T.);
#4987 = EDGE_CURVE('',#4965,#4965,#4988,.T.);
#4988 = SURFACE_CURVE('',#4989,(#4994,#5001),.PCURVE_S1.);
#4989 = CIRCLE('',#4990,0.35);
#4990 = AXIS2_PLACEMENT_3D('',#4991,#4992,#4993);
#4991 = CARTESIAN_POINT('',(-12.7,0.,1.44));
#4992 = DIRECTION('',(0.,0.,1.));
#4993 = DIRECTION('',(1.,0.,0.));
#4994 = PCURVE('',#2345,#4995);
#4995 = DEFINITIONAL_REPRESENTATION('',(#4996),#5000);
#4996 = LINE('',#4997,#4998);
#4997 = CARTESIAN_POINT('',(0.,0.));
#4998 = VECTOR('',#4999,1.);
#4999 = DIRECTION('',(1.,0.));
#5000 = ( GEOMETRIC_REPRESENTATION_CONTEXT(2) 
PARAMETRIC_REPRESENTATION_CONTEXT() REPRESENTATION_CONTEXT('2D SPACE',''
  ) );
#5001 = PCURVE('',#5002,#5007);
#5002 = PLANE('',#5003);
#5003 = AXIS2_PLACEMENT_3D('',#5004,#5005,#5006);
#5004 = CARTESIAN_POINT('',(-12.7,0.,1.44));
#5005 = DIRECTION('',(0.,0.,1.));
#5006 = DIRECTION('',(1.,0.,0.));
#5007 = DEFINITIONAL_REPRESENTATION('',(#5008),#5012);
#5008 = CIRCLE('',#5009,0.35);
#5009 = AXIS2_PLACEMENT_2D('',#5010,#5011);
#5010 = CARTESIAN_POINT('',(0.,0.));
#5011 = DIRECTION('',(1.,0.));
#5012 = ( GEOMETRIC_REPRESENTATION_CONTEXT(2) 
PARAMETRIC_REPRESENTATION_CONTEXT() REPRESENTATION_CONTEXT('2D SPACE',''
  ) );
#5013 = ORIENTED_EDGE('',*,*,#4964,.T.);
#5014 = ADVANCED_FACE('',(#5015),#2398,.F.);
#5015 = FACE_BOUND('',#5016,.F.);
#5016 = EDGE_LOOP('',(#5017,#5018,#5041,#5068));
#5017 = ORIENTED_EDGE('',*,*,#2383,.F.);
#5018 = ORIENTED_EDGE('',*,*,#5019,.F.);
#5019 = EDGE_CURVE('',#5020,#2361,#5022,.T.);
#5020 = VERTEX_POINT('',#5021);
#5021 = CARTESIAN_POINT('',(0.35,-8.572527594031E-17,1.44));
#5022 = SEAM_CURVE('',#5023,(#5027,#5034),.PCURVE_S1.);
#5023 = LINE('',#5024,#5025);
#5024 = CARTESIAN_POINT('',(0.35,-8.572527594031E-17,1.44));
#5025 = VECTOR('',#5026,1.);
#5026 = DIRECTION('',(0.,0.,1.));
#5027 = PCURVE('',#2398,#5028);
#5028 = DEFINITIONAL_REPRESENTATION('',(#5029),#5033);
#5029 = LINE('',#5030,#5031);
#5030 = CARTESIAN_POINT('',(6.28318530718,-0.));
#5031 = VECTOR('',#5032,1.);
#5032 = DIRECTION('',(0.,1.));
#5033 = ( GEOMETRIC_REPRESENTATION_CONTEXT(2) 
PARAMETRIC_REPRESENTATION_CONTEXT() REPRESENTATION_CONTEXT('2D SPACE',''
  ) );
#5034 = PCURVE('',#2398,#5035);
#5035 = DEFINITIONAL_REPRESENTATION('',(#5036),#5040);
#5036 = LINE('',#5037,#5038);
#5037 = CARTESIAN_POINT('',(0.,-0.));
#5038 = VECTOR('',#5039,1.);
#5039 = DIRECTION('',(0.,1.));
#5040 = ( GEOMETRIC_REPRESENTATION_CONTEXT(2) 
PARAMETRIC_REPRESENTATION_CONTEXT() REPRESENTATION_CONTEXT('2D SPACE',''
  ) );
#5041 = ORIENTED_EDGE('',*,*,#5042,.T.);
#5042 = EDGE_CURVE('',#5020,#5020,#5043,.T.);
#5043 = SURFACE_CURVE('',#5044,(#5049,#5056),.PCURVE_S1.);
#5044 = CIRCLE('',#5045,0.35);
#5045 = AXIS2_PLACEMENT_3D('',#5046,#5047,#5048);
#5046 = CARTESIAN_POINT('',(0.,0.,1.44));
#5047 = DIRECTION('',(0.,0.,1.));
#5048 = DIRECTION('',(1.,0.,0.));
#5049 = PCURVE('',#2398,#5050);
#5050 = DEFINITIONAL_REPRESENTATION('',(#5051),#5055);
#5051 = LINE('',#5052,#5053);
#5052 = CARTESIAN_POINT('',(0.,0.));
#5053 = VECTOR('',#5054,1.);
#5054 = DIRECTION('',(1.,0.));
#5055 = ( GEOMETRIC_REPRESENTATION_CONTEXT(2) 
PARAMETRIC_REPRESENTATION_CONTEXT() REPRESENTATION_CONTEXT('2D SPACE',''
  ) );
#5056 = PCURVE('',#5057,#5062);
#5057 = PLANE('',#5058);
#5058 = AXIS2_PLACEMENT_3D('',#5059,#5060,#5061);
#5059 = CARTESIAN_POINT('',(0.,0.,1.44));
#5060 = DIRECTION('',(0.,0.,1.));
#5061 = DIRECTION('',(1.,0.,0.));
#5062 = DEFINITIONAL_REPRESENTATION('',(#5063),#5067);
#5063 = CIRCLE('',#5064,0.35);
#5064 = AXIS2_PLACEMENT_2D('',#5065,#5066);
#5065 = CARTESIAN_POINT('',(0.,0.));
#5066 = DIRECTION('',(1.,0.));
#5067 = ( GEOMETRIC_REPRESENTATION_CONTEXT(2) 
PARAMETRIC_REPRESENTATION_CONTEXT() REPRESENTATION_CONTEXT('2D SPACE',''
  ) );
#5068 = ORIENTED_EDGE('',*,*,#5019,.T.);
#5069 = ADVANCED_FACE('',(#5070),#2451,.F.);
#5070 = FACE_BOUND('',#5071,.F.);
#5071 = EDGE_LOOP('',(#5072,#5073,#5096,#5123));
#5072 = ORIENTED_EDGE('',*,*,#2436,.F.);
#5073 = ORIENTED_EDGE('',*,*,#5074,.F.);
#5074 = EDGE_CURVE('',#5075,#2414,#5077,.T.);
#5075 = VERTEX_POINT('',#5076);
#5076 = CARTESIAN_POINT('',(-2.19,-8.572527594031E-17,1.44));
#5077 = SEAM_CURVE('',#5078,(#5082,#5089),.PCURVE_S1.);
#5078 = LINE('',#5079,#5080);
#5079 = CARTESIAN_POINT('',(-2.19,-8.572527594031E-17,1.44));
#5080 = VECTOR('',#5081,1.);
#5081 = DIRECTION('',(0.,0.,1.));
#5082 = PCURVE('',#2451,#5083);
#5083 = DEFINITIONAL_REPRESENTATION('',(#5084),#5088);
#5084 = LINE('',#5085,#5086);
#5085 = CARTESIAN_POINT('',(6.28318530718,-0.));
#5086 = VECTOR('',#5087,1.);
#5087 = DIRECTION('',(0.,1.));
#5088 = ( GEOMETRIC_REPRESENTATION_CONTEXT(2) 
PARAMETRIC_REPRESENTATION_CONTEXT() REPRESENTATION_CONTEXT('2D SPACE',''
  ) );
#5089 = PCURVE('',#2451,#5090);
#5090 = DEFINITIONAL_REPRESENTATION('',(#5091),#5095);
#5091 = LINE('',#5092,#5093);
#5092 = CARTESIAN_POINT('',(0.,-0.));
#5093 = VECTOR('',#5094,1.);
#5094 = DIRECTION('',(0.,1.));
#5095 = ( GEOMETRIC_REPRESENTATION_CONTEXT(2) 
PARAMETRIC_REPRESENTATION_CONTEXT() REPRESENTATION_CONTEXT('2D SPACE',''
  ) );
#5096 = ORIENTED_EDGE('',*,*,#5097,.T.);
#5097 = EDGE_CURVE('',#5075,#5075,#5098,.T.);
#5098 = SURFACE_CURVE('',#5099,(#5104,#5111),.PCURVE_S1.);
#5099 = CIRCLE('',#5100,0.35);
#5100 = AXIS2_PLACEMENT_3D('',#5101,#5102,#5103);
#5101 = CARTESIAN_POINT('',(-2.54,0.,1.44));
#5102 = DIRECTION('',(0.,0.,1.));
#5103 = DIRECTION('',(1.,0.,0.));
#5104 = PCURVE('',#2451,#5105);
#5105 = DEFINITIONAL_REPRESENTATION('',(#5106),#5110);
#5106 = LINE('',#5107,#5108);
#5107 = CARTESIAN_POINT('',(0.,0.));
#5108 = VECTOR('',#5109,1.);
#5109 = DIRECTION('',(1.,0.));
#5110 = ( GEOMETRIC_REPRESENTATION_CONTEXT(2) 
PARAMETRIC_REPRESENTATION_CONTEXT() REPRESENTATION_CONTEXT('2D SPACE',''
  ) );
#5111 = PCURVE('',#5112,#5117);
#5112 = PLANE('',#5113);
#5113 = AXIS2_PLACEMENT_3D('',#5114,#5115,#5116);
#5114 = CARTESIAN_POINT('',(-2.54,0.,1.44));
#5115 = DIRECTION('',(0.,0.,1.));
#5116 = DIRECTION('',(1.,0.,0.));
#5117 = DEFINITIONAL_REPRESENTATION('',(#5118),#5122);
#5118 = CIRCLE('',#5119,0.35);
#5119 = AXIS2_PLACEMENT_2D('',#5120,#5121);
#5120 = CARTESIAN_POINT('',(0.,0.));
#5121 = DIRECTION('',(1.,0.));
#5122 = ( GEOMETRIC_REPRESENTATION_CONTEXT(2) 
PARAMETRIC_REPRESENTATION_CONTEXT() REPRESENTATION_CONTEXT('2D SPACE',''
  ) );
#5123 = ORIENTED_EDGE('',*,*,#5074,.T.);
#5124 = ADVANCED_FACE('',(#5125),#2504,.F.);
#5125 = FACE_BOUND('',#5126,.F.);
#5126 = EDGE_LOOP('',(#5127,#5128,#5151,#5178));
#5127 = ORIENTED_EDGE('',*,*,#2489,.F.);
#5128 = ORIENTED_EDGE('',*,*,#5129,.F.);
#5129 = EDGE_CURVE('',#5130,#2467,#5132,.T.);
#5130 = VERTEX_POINT('',#5131);
#5131 = CARTESIAN_POINT('',(-4.73,-8.572527594031E-17,1.44));
#5132 = SEAM_CURVE('',#5133,(#5137,#5144),.PCURVE_S1.);
#5133 = LINE('',#5134,#5135);
#5134 = CARTESIAN_POINT('',(-4.73,-8.572527594031E-17,1.44));
#5135 = VECTOR('',#5136,1.);
#5136 = DIRECTION('',(0.,0.,1.));
#5137 = PCURVE('',#2504,#5138);
#5138 = DEFINITIONAL_REPRESENTATION('',(#5139),#5143);
#5139 = LINE('',#5140,#5141);
#5140 = CARTESIAN_POINT('',(6.28318530718,-0.));
#5141 = VECTOR('',#5142,1.);
#5142 = DIRECTION('',(0.,1.));
#5143 = ( GEOMETRIC_REPRESENTATION_CONTEXT(2) 
PARAMETRIC_REPRESENTATION_CONTEXT() REPRESENTATION_CONTEXT('2D SPACE',''
  ) );
#5144 = PCURVE('',#2504,#5145);
#5145 = DEFINITIONAL_REPRESENTATION('',(#5146),#5150);
#5146 = LINE('',#5147,#5148);
#5147 = CARTESIAN_POINT('',(0.,-0.));
#5148 = VECTOR('',#5149,1.);
#5149 = DIRECTION('',(0.,1.));
#5150 = ( GEOMETRIC_REPRESENTATION_CONTEXT(2) 
PARAMETRIC_REPRESENTATION_CONTEXT() REPRESENTATION_CONTEXT('2D SPACE',''
  ) );
#5151 = ORIENTED_EDGE('',*,*,#5152,.T.);
#5152 = EDGE_CURVE('',#5130,#5130,#5153,.T.);
#5153 = SURFACE_CURVE('',#5154,(#5159,#5166),.PCURVE_S1.);
#5154 = CIRCLE('',#5155,0.35);
#5155 = AXIS2_PLACEMENT_3D('',#5156,#5157,#5158);
#5156 = CARTESIAN_POINT('',(-5.08,0.,1.44));
#5157 = DIRECTION('',(0.,0.,1.));
#5158 = DIRECTION('',(1.,0.,0.));
#5159 = PCURVE('',#2504,#5160);
#5160 = DEFINITIONAL_REPRESENTATION('',(#5161),#5165);
#5161 = LINE('',#5162,#5163);
#5162 = CARTESIAN_POINT('',(0.,0.));
#5163 = VECTOR('',#5164,1.);
#5164 = DIRECTION('',(1.,0.));
#5165 = ( GEOMETRIC_REPRESENTATION_CONTEXT(2) 
PARAMETRIC_REPRESENTATION_CONTEXT() REPRESENTATION_CONTEXT('2D SPACE',''
  ) );
#5166 = PCURVE('',#5167,#5172);
#5167 = PLANE('',#5168);
#5168 = AXIS2_PLACEMENT_3D('',#5169,#5170,#5171);
#5169 = CARTESIAN_POINT('',(-5.08,0.,1.44));
#5170 = DIRECTION('',(0.,0.,1.));
#5171 = DIRECTION('',(1.,0.,0.));
#5172 = DEFINITIONAL_REPRESENTATION('',(#5173),#5177);
#5173 = CIRCLE('',#5174,0.35);
#5174 = AXIS2_PLACEMENT_2D('',#5175,#5176);
#5175 = CARTESIAN_POINT('',(0.,0.));
#5176 = DIRECTION('',(1.,0.));
#5177 = ( GEOMETRIC_REPRESENTATION_CONTEXT(2) 
PARAMETRIC_REPRESENTATION_CONTEXT() REPRESENTATION_CONTEXT('2D SPACE',''
  ) );
#5178 = ORIENTED_EDGE('',*,*,#5129,.T.);
#5179 = ADVANCED_FACE('',(#5180),#2557,.F.);
#5180 = FACE_BOUND('',#5181,.F.);
#5181 = EDGE_LOOP('',(#5182,#5183,#5206,#5233));
#5182 = ORIENTED_EDGE('',*,*,#2542,.F.);
#5183 = ORIENTED_EDGE('',*,*,#5184,.F.);
#5184 = EDGE_CURVE('',#5185,#2520,#5187,.T.);
#5185 = VERTEX_POINT('',#5186);
#5186 = CARTESIAN_POINT('',(-7.27,-8.572527594031E-17,1.44));
#5187 = SEAM_CURVE('',#5188,(#5192,#5199),.PCURVE_S1.);
#5188 = LINE('',#5189,#5190);
#5189 = CARTESIAN_POINT('',(-7.27,-8.572527594031E-17,1.44));
#5190 = VECTOR('',#5191,1.);
#5191 = DIRECTION('',(0.,0.,1.));
#5192 = PCURVE('',#2557,#5193);
#5193 = DEFINITIONAL_REPRESENTATION('',(#5194),#5198);
#5194 = LINE('',#5195,#5196);
#5195 = CARTESIAN_POINT('',(6.28318530718,-0.));
#5196 = VECTOR('',#5197,1.);
#5197 = DIRECTION('',(0.,1.));
#5198 = ( GEOMETRIC_REPRESENTATION_CONTEXT(2) 
PARAMETRIC_REPRESENTATION_CONTEXT() REPRESENTATION_CONTEXT('2D SPACE',''
  ) );
#5199 = PCURVE('',#2557,#5200);
#5200 = DEFINITIONAL_REPRESENTATION('',(#5201),#5205);
#5201 = LINE('',#5202,#5203);
#5202 = CARTESIAN_POINT('',(0.,-0.));
#5203 = VECTOR('',#5204,1.);
#5204 = DIRECTION('',(0.,1.));
#5205 = ( GEOMETRIC_REPRESENTATION_CONTEXT(2) 
PARAMETRIC_REPRESENTATION_CONTEXT() REPRESENTATION_CONTEXT('2D SPACE',''
  ) );
#5206 = ORIENTED_EDGE('',*,*,#5207,.T.);
#5207 = EDGE_CURVE('',#5185,#5185,#5208,.T.);
#5208 = SURFACE_CURVE('',#5209,(#5214,#5221),.PCURVE_S1.);
#5209 = CIRCLE('',#5210,0.35);
#5210 = AXIS2_PLACEMENT_3D('',#5211,#5212,#5213);
#5211 = CARTESIAN_POINT('',(-7.62,0.,1.44));
#5212 = DIRECTION('',(0.,0.,1.));
#5213 = DIRECTION('',(1.,0.,0.));
#5214 = PCURVE('',#2557,#5215);
#5215 = DEFINITIONAL_REPRESENTATION('',(#5216),#5220);
#5216 = LINE('',#5217,#5218);
#5217 = CARTESIAN_POINT('',(0.,0.));
#5218 = VECTOR('',#5219,1.);
#5219 = DIRECTION('',(1.,0.));
#5220 = ( GEOMETRIC_REPRESENTATION_CONTEXT(2) 
PARAMETRIC_REPRESENTATION_CONTEXT() REPRESENTATION_CONTEXT('2D SPACE',''
  ) );
#5221 = PCURVE('',#5222,#5227);
#5222 = PLANE('',#5223);
#5223 = AXIS2_PLACEMENT_3D('',#5224,#5225,#5226);
#5224 = CARTESIAN_POINT('',(-7.62,0.,1.44));
#5225 = DIRECTION('',(0.,0.,1.));
#5226 = DIRECTION('',(1.,0.,0.));
#5227 = DEFINITIONAL_REPRESENTATION('',(#5228),#5232);
#5228 = CIRCLE('',#5229,0.35);
#5229 = AXIS2_PLACEMENT_2D('',#5230,#5231);
#5230 = CARTESIAN_POINT('',(0.,0.));
#5231 = DIRECTION('',(1.,0.));
#5232 = ( GEOMETRIC_REPRESENTATION_CONTEXT(2) 
PARAMETRIC_REPRESENTATION_CONTEXT() REPRESENTATION_CONTEXT('2D SPACE',''
  ) );
#5233 = ORIENTED_EDGE('',*,*,#5184,.T.);
#5234 = ADVANCED_FACE('',(#5235),#2610,.F.);
#5235 = FACE_BOUND('',#5236,.F.);
#5236 = EDGE_LOOP('',(#5237,#5238,#5261,#5288));
#5237 = ORIENTED_EDGE('',*,*,#2595,.F.);
#5238 = ORIENTED_EDGE('',*,*,#5239,.F.);
#5239 = EDGE_CURVE('',#5240,#2573,#5242,.T.);
#5240 = VERTEX_POINT('',#5241);
#5241 = CARTESIAN_POINT('',(-9.81,2.54,1.44));
#5242 = SEAM_CURVE('',#5243,(#5247,#5254),.PCURVE_S1.);
#5243 = LINE('',#5244,#5245);
#5244 = CARTESIAN_POINT('',(-9.81,2.54,1.44));
#5245 = VECTOR('',#5246,1.);
#5246 = DIRECTION('',(0.,0.,1.));
#5247 = PCURVE('',#2610,#5248);
#5248 = DEFINITIONAL_REPRESENTATION('',(#5249),#5253);
#5249 = LINE('',#5250,#5251);
#5250 = CARTESIAN_POINT('',(6.28318530718,-0.));
#5251 = VECTOR('',#5252,1.);
#5252 = DIRECTION('',(0.,1.));
#5253 = ( GEOMETRIC_REPRESENTATION_CONTEXT(2) 
PARAMETRIC_REPRESENTATION_CONTEXT() REPRESENTATION_CONTEXT('2D SPACE',''
  ) );
#5254 = PCURVE('',#2610,#5255);
#5255 = DEFINITIONAL_REPRESENTATION('',(#5256),#5260);
#5256 = LINE('',#5257,#5258);
#5257 = CARTESIAN_POINT('',(0.,-0.));
#5258 = VECTOR('',#5259,1.);
#5259 = DIRECTION('',(0.,1.));
#5260 = ( GEOMETRIC_REPRESENTATION_CONTEXT(2) 
PARAMETRIC_REPRESENTATION_CONTEXT() REPRESENTATION_CONTEXT('2D SPACE',''
  ) );
#5261 = ORIENTED_EDGE('',*,*,#5262,.T.);
#5262 = EDGE_CURVE('',#5240,#5240,#5263,.T.);
#5263 = SURFACE_CURVE('',#5264,(#5269,#5276),.PCURVE_S1.);
#5264 = CIRCLE('',#5265,0.35);
#5265 = AXIS2_PLACEMENT_3D('',#5266,#5267,#5268);
#5266 = CARTESIAN_POINT('',(-10.16,2.54,1.44));
#5267 = DIRECTION('',(0.,0.,1.));
#5268 = DIRECTION('',(1.,0.,0.));
#5269 = PCURVE('',#2610,#5270);
#5270 = DEFINITIONAL_REPRESENTATION('',(#5271),#5275);
#5271 = LINE('',#5272,#5273);
#5272 = CARTESIAN_POINT('',(0.,0.));
#5273 = VECTOR('',#5274,1.);
#5274 = DIRECTION('',(1.,0.));
#5275 = ( GEOMETRIC_REPRESENTATION_CONTEXT(2) 
PARAMETRIC_REPRESENTATION_CONTEXT() REPRESENTATION_CONTEXT('2D SPACE',''
  ) );
#5276 = PCURVE('',#5277,#5282);
#5277 = PLANE('',#5278);
#5278 = AXIS2_PLACEMENT_3D('',#5279,#5280,#5281);
#5279 = CARTESIAN_POINT('',(-10.16,2.54,1.44));
#5280 = DIRECTION('',(0.,0.,1.));
#5281 = DIRECTION('',(1.,0.,0.));
#5282 = DEFINITIONAL_REPRESENTATION('',(#5283),#5287);
#5283 = CIRCLE('',#5284,0.35);
#5284 = AXIS2_PLACEMENT_2D('',#5285,#5286);
#5285 = CARTESIAN_POINT('',(0.,0.));
#5286 = DIRECTION('',(1.,0.));
#5287 = ( GEOMETRIC_REPRESENTATION_CONTEXT(2) 
PARAMETRIC_REPRESENTATION_CONTEXT() REPRESENTATION_CONTEXT('2D SPACE',''
  ) );
#5288 = ORIENTED_EDGE('',*,*,#5239,.T.);
#5289 = ADVANCED_FACE('',(#5290),#2663,.F.);
#5290 = FACE_BOUND('',#5291,.F.);
#5291 = EDGE_LOOP('',(#5292,#5293,#5316,#5343));
#5292 = ORIENTED_EDGE('',*,*,#2648,.F.);
#5293 = ORIENTED_EDGE('',*,*,#5294,.F.);
#5294 = EDGE_CURVE('',#5295,#2626,#5297,.T.);
#5295 = VERTEX_POINT('',#5296);
#5296 = CARTESIAN_POINT('',(-12.35,2.54,1.44));
#5297 = SEAM_CURVE('',#5298,(#5302,#5309),.PCURVE_S1.);
#5298 = LINE('',#5299,#5300);
#5299 = CARTESIAN_POINT('',(-12.35,2.54,1.44));
#5300 = VECTOR('',#5301,1.);
#5301 = DIRECTION('',(0.,0.,1.));
#5302 = PCURVE('',#2663,#5303);
#5303 = DEFINITIONAL_REPRESENTATION('',(#5304),#5308);
#5304 = LINE('',#5305,#5306);
#5305 = CARTESIAN_POINT('',(6.28318530718,-0.));
#5306 = VECTOR('',#5307,1.);
#5307 = DIRECTION('',(0.,1.));
#5308 = ( GEOMETRIC_REPRESENTATION_CONTEXT(2) 
PARAMETRIC_REPRESENTATION_CONTEXT() REPRESENTATION_CONTEXT('2D SPACE',''
  ) );
#5309 = PCURVE('',#2663,#5310);
#5310 = DEFINITIONAL_REPRESENTATION('',(#5311),#5315);
#5311 = LINE('',#5312,#5313);
#5312 = CARTESIAN_POINT('',(0.,-0.));
#5313 = VECTOR('',#5314,1.);
#5314 = DIRECTION('',(0.,1.));
#5315 = ( GEOMETRIC_REPRESENTATION_CONTEXT(2) 
PARAMETRIC_REPRESENTATION_CONTEXT() REPRESENTATION_CONTEXT('2D SPACE',''
  ) );
#5316 = ORIENTED_EDGE('',*,*,#5317,.T.);
#5317 = EDGE_CURVE('',#5295,#5295,#5318,.T.);
#5318 = SURFACE_CURVE('',#5319,(#5324,#5331),.PCURVE_S1.);
#5319 = CIRCLE('',#5320,0.35);
#5320 = AXIS2_PLACEMENT_3D('',#5321,#5322,#5323);
#5321 = CARTESIAN_POINT('',(-12.7,2.54,1.44));
#5322 = DIRECTION('',(0.,0.,1.));
#5323 = DIRECTION('',(1.,0.,0.));
#5324 = PCURVE('',#2663,#5325);
#5325 = DEFINITIONAL_REPRESENTATION('',(#5326),#5330);
#5326 = LINE('',#5327,#5328);
#5327 = CARTESIAN_POINT('',(0.,0.));
#5328 = VECTOR('',#5329,1.);
#5329 = DIRECTION('',(1.,0.));
#5330 = ( GEOMETRIC_REPRESENTATION_CONTEXT(2) 
PARAMETRIC_REPRESENTATION_CONTEXT() REPRESENTATION_CONTEXT('2D SPACE',''
  ) );
#5331 = PCURVE('',#5332,#5337);
#5332 = PLANE('',#5333);
#5333 = AXIS2_PLACEMENT_3D('',#5334,#5335,#5336);
#5334 = CARTESIAN_POINT('',(-12.7,2.54,1.44));
#5335 = DIRECTION('',(0.,0.,1.));
#5336 = DIRECTION('',(1.,0.,0.));
#5337 = DEFINITIONAL_REPRESENTATION('',(#5338),#5342);
#5338 = CIRCLE('',#5339,0.35);
#5339 = AXIS2_PLACEMENT_2D('',#5340,#5341);
#5340 = CARTESIAN_POINT('',(0.,0.));
#5341 = DIRECTION('',(1.,0.));
#5342 = ( GEOMETRIC_REPRESENTATION_CONTEXT(2) 
PARAMETRIC_REPRESENTATION_CONTEXT() REPRESENTATION_CONTEXT('2D SPACE',''
  ) );
#5343 = ORIENTED_EDGE('',*,*,#5294,.T.);
#5344 = ADVANCED_FACE('',(#5345),#2716,.F.);
#5345 = FACE_BOUND('',#5346,.F.);
#5346 = EDGE_LOOP('',(#5347,#5348,#5371,#5398));
#5347 = ORIENTED_EDGE('',*,*,#2701,.F.);
#5348 = ORIENTED_EDGE('',*,*,#5349,.F.);
#5349 = EDGE_CURVE('',#5350,#2679,#5352,.T.);
#5350 = VERTEX_POINT('',#5351);
#5351 = CARTESIAN_POINT('',(-7.27,2.54,1.44));
#5352 = SEAM_CURVE('',#5353,(#5357,#5364),.PCURVE_S1.);
#5353 = LINE('',#5354,#5355);
#5354 = CARTESIAN_POINT('',(-7.27,2.54,1.44));
#5355 = VECTOR('',#5356,1.);
#5356 = DIRECTION('',(0.,0.,1.));
#5357 = PCURVE('',#2716,#5358);
#5358 = DEFINITIONAL_REPRESENTATION('',(#5359),#5363);
#5359 = LINE('',#5360,#5361);
#5360 = CARTESIAN_POINT('',(6.28318530718,-0.));
#5361 = VECTOR('',#5362,1.);
#5362 = DIRECTION('',(0.,1.));
#5363 = ( GEOMETRIC_REPRESENTATION_CONTEXT(2) 
PARAMETRIC_REPRESENTATION_CONTEXT() REPRESENTATION_CONTEXT('2D SPACE',''
  ) );
#5364 = PCURVE('',#2716,#5365);
#5365 = DEFINITIONAL_REPRESENTATION('',(#5366),#5370);
#5366 = LINE('',#5367,#5368);
#5367 = CARTESIAN_POINT('',(0.,-0.));
#5368 = VECTOR('',#5369,1.);
#5369 = DIRECTION('',(0.,1.));
#5370 = ( GEOMETRIC_REPRESENTATION_CONTEXT(2) 
PARAMETRIC_REPRESENTATION_CONTEXT() REPRESENTATION_CONTEXT('2D SPACE',''
  ) );
#5371 = ORIENTED_EDGE('',*,*,#5372,.T.);
#5372 = EDGE_CURVE('',#5350,#5350,#5373,.T.);
#5373 = SURFACE_CURVE('',#5374,(#5379,#5386),.PCURVE_S1.);
#5374 = CIRCLE('',#5375,0.35);
#5375 = AXIS2_PLACEMENT_3D('',#5376,#5377,#5378);
#5376 = CARTESIAN_POINT('',(-7.62,2.54,1.44));
#5377 = DIRECTION('',(0.,0.,1.));
#5378 = DIRECTION('',(1.,0.,0.));
#5379 = PCURVE('',#2716,#5380);
#5380 = DEFINITIONAL_REPRESENTATION('',(#5381),#5385);
#5381 = LINE('',#5382,#5383);
#5382 = CARTESIAN_POINT('',(0.,0.));
#5383 = VECTOR('',#5384,1.);
#5384 = DIRECTION('',(1.,0.));
#5385 = ( GEOMETRIC_REPRESENTATION_CONTEXT(2) 
PARAMETRIC_REPRESENTATION_CONTEXT() REPRESENTATION_CONTEXT('2D SPACE',''
  ) );
#5386 = PCURVE('',#5387,#5392);
#5387 = PLANE('',#5388);
#5388 = AXIS2_PLACEMENT_3D('',#5389,#5390,#5391);
#5389 = CARTESIAN_POINT('',(-7.62,2.54,1.44));
#5390 = DIRECTION('',(0.,0.,1.));
#5391 = DIRECTION('',(1.,0.,0.));
#5392 = DEFINITIONAL_REPRESENTATION('',(#5393),#5397);
#5393 = CIRCLE('',#5394,0.35);
#5394 = AXIS2_PLACEMENT_2D('',#5395,#5396);
#5395 = CARTESIAN_POINT('',(0.,0.));
#5396 = DIRECTION('',(1.,0.));
#5397 = ( GEOMETRIC_REPRESENTATION_CONTEXT(2) 
PARAMETRIC_REPRESENTATION_CONTEXT() REPRESENTATION_CONTEXT('2D SPACE',''
  ) );
#5398 = ORIENTED_EDGE('',*,*,#5349,.T.);
#5399 = ADVANCED_FACE('',(#5400),#2769,.F.);
#5400 = FACE_BOUND('',#5401,.F.);
#5401 = EDGE_LOOP('',(#5402,#5403,#5426,#5453));
#5402 = ORIENTED_EDGE('',*,*,#2754,.F.);
#5403 = ORIENTED_EDGE('',*,*,#5404,.F.);
#5404 = EDGE_CURVE('',#5405,#2732,#5407,.T.);
#5405 = VERTEX_POINT('',#5406);
#5406 = CARTESIAN_POINT('',(-2.19,2.54,1.44));
#5407 = SEAM_CURVE('',#5408,(#5412,#5419),.PCURVE_S1.);
#5408 = LINE('',#5409,#5410);
#5409 = CARTESIAN_POINT('',(-2.19,2.54,1.44));
#5410 = VECTOR('',#5411,1.);
#5411 = DIRECTION('',(0.,0.,1.));
#5412 = PCURVE('',#2769,#5413);
#5413 = DEFINITIONAL_REPRESENTATION('',(#5414),#5418);
#5414 = LINE('',#5415,#5416);
#5415 = CARTESIAN_POINT('',(6.28318530718,-0.));
#5416 = VECTOR('',#5417,1.);
#5417 = DIRECTION('',(0.,1.));
#5418 = ( GEOMETRIC_REPRESENTATION_CONTEXT(2) 
PARAMETRIC_REPRESENTATION_CONTEXT() REPRESENTATION_CONTEXT('2D SPACE',''
  ) );
#5419 = PCURVE('',#2769,#5420);
#5420 = DEFINITIONAL_REPRESENTATION('',(#5421),#5425);
#5421 = LINE('',#5422,#5423);
#5422 = CARTESIAN_POINT('',(0.,-0.));
#5423 = VECTOR('',#5424,1.);
#5424 = DIRECTION('',(0.,1.));
#5425 = ( GEOMETRIC_REPRESENTATION_CONTEXT(2) 
PARAMETRIC_REPRESENTATION_CONTEXT() REPRESENTATION_CONTEXT('2D SPACE',''
  ) );
#5426 = ORIENTED_EDGE('',*,*,#5427,.T.);
#5427 = EDGE_CURVE('',#5405,#5405,#5428,.T.);
#5428 = SURFACE_CURVE('',#5429,(#5434,#5441),.PCURVE_S1.);
#5429 = CIRCLE('',#5430,0.35);
#5430 = AXIS2_PLACEMENT_3D('',#5431,#5432,#5433);
#5431 = CARTESIAN_POINT('',(-2.54,2.54,1.44));
#5432 = DIRECTION('',(0.,0.,1.));
#5433 = DIRECTION('',(1.,0.,0.));
#5434 = PCURVE('',#2769,#5435);
#5435 = DEFINITIONAL_REPRESENTATION('',(#5436),#5440);
#5436 = LINE('',#5437,#5438);
#5437 = CARTESIAN_POINT('',(0.,0.));
#5438 = VECTOR('',#5439,1.);
#5439 = DIRECTION('',(1.,0.));
#5440 = ( GEOMETRIC_REPRESENTATION_CONTEXT(2) 
PARAMETRIC_REPRESENTATION_CONTEXT() REPRESENTATION_CONTEXT('2D SPACE',''
  ) );
#5441 = PCURVE('',#5442,#5447);
#5442 = PLANE('',#5443);
#5443 = AXIS2_PLACEMENT_3D('',#5444,#5445,#5446);
#5444 = CARTESIAN_POINT('',(-2.54,2.54,1.44));
#5445 = DIRECTION('',(0.,0.,1.));
#5446 = DIRECTION('',(1.,0.,0.));
#5447 = DEFINITIONAL_REPRESENTATION('',(#5448),#5452);
#5448 = CIRCLE('',#5449,0.35);
#5449 = AXIS2_PLACEMENT_2D('',#5450,#5451);
#5450 = CARTESIAN_POINT('',(0.,0.));
#5451 = DIRECTION('',(1.,0.));
#5452 = ( GEOMETRIC_REPRESENTATION_CONTEXT(2) 
PARAMETRIC_REPRESENTATION_CONTEXT() REPRESENTATION_CONTEXT('2D SPACE',''
  ) );
#5453 = ORIENTED_EDGE('',*,*,#5404,.T.);
#5454 = ADVANCED_FACE('',(#5455),#2822,.F.);
#5455 = FACE_BOUND('',#5456,.F.);
#5456 = EDGE_LOOP('',(#5457,#5458,#5481,#5508));
#5457 = ORIENTED_EDGE('',*,*,#2807,.F.);
#5458 = ORIENTED_EDGE('',*,*,#5459,.F.);
#5459 = EDGE_CURVE('',#5460,#2785,#5462,.T.);
#5460 = VERTEX_POINT('',#5461);
#5461 = CARTESIAN_POINT('',(-4.73,2.54,1.44));
#5462 = SEAM_CURVE('',#5463,(#5467,#5474),.PCURVE_S1.);
#5463 = LINE('',#5464,#5465);
#5464 = CARTESIAN_POINT('',(-4.73,2.54,1.44));
#5465 = VECTOR('',#5466,1.);
#5466 = DIRECTION('',(0.,0.,1.));
#5467 = PCURVE('',#2822,#5468);
#5468 = DEFINITIONAL_REPRESENTATION('',(#5469),#5473);
#5469 = LINE('',#5470,#5471);
#5470 = CARTESIAN_POINT('',(6.28318530718,-0.));
#5471 = VECTOR('',#5472,1.);
#5472 = DIRECTION('',(0.,1.));
#5473 = ( GEOMETRIC_REPRESENTATION_CONTEXT(2) 
PARAMETRIC_REPRESENTATION_CONTEXT() REPRESENTATION_CONTEXT('2D SPACE',''
  ) );
#5474 = PCURVE('',#2822,#5475);
#5475 = DEFINITIONAL_REPRESENTATION('',(#5476),#5480);
#5476 = LINE('',#5477,#5478);
#5477 = CARTESIAN_POINT('',(0.,-0.));
#5478 = VECTOR('',#5479,1.);
#5479 = DIRECTION('',(0.,1.));
#5480 = ( GEOMETRIC_REPRESENTATION_CONTEXT(2) 
PARAMETRIC_REPRESENTATION_CONTEXT() REPRESENTATION_CONTEXT('2D SPACE',''
  ) );
#5481 = ORIENTED_EDGE('',*,*,#5482,.T.);
#5482 = EDGE_CURVE('',#5460,#5460,#5483,.T.);
#5483 = SURFACE_CURVE('',#5484,(#5489,#5496),.PCURVE_S1.);
#5484 = CIRCLE('',#5485,0.35);
#5485 = AXIS2_PLACEMENT_3D('',#5486,#5487,#5488);
#5486 = CARTESIAN_POINT('',(-5.08,2.54,1.44));
#5487 = DIRECTION('',(0.,0.,1.));
#5488 = DIRECTION('',(1.,0.,0.));
#5489 = PCURVE('',#2822,#5490);
#5490 = DEFINITIONAL_REPRESENTATION('',(#5491),#5495);
#5491 = LINE('',#5492,#5493);
#5492 = CARTESIAN_POINT('',(0.,0.));
#5493 = VECTOR('',#5494,1.);
#5494 = DIRECTION('',(1.,0.));
#5495 = ( GEOMETRIC_REPRESENTATION_CONTEXT(2) 
PARAMETRIC_REPRESENTATION_CONTEXT() REPRESENTATION_CONTEXT('2D SPACE',''
  ) );
#5496 = PCURVE('',#5497,#5502);
#5497 = PLANE('',#5498);
#5498 = AXIS2_PLACEMENT_3D('',#5499,#5500,#5501);
#5499 = CARTESIAN_POINT('',(-5.08,2.54,1.44));
#5500 = DIRECTION('',(0.,0.,1.));
#5501 = DIRECTION('',(1.,0.,0.));
#5502 = DEFINITIONAL_REPRESENTATION('',(#5503),#5507);
#5503 = CIRCLE('',#5504,0.35);
#5504 = AXIS2_PLACEMENT_2D('',#5505,#5506);
#5505 = CARTESIAN_POINT('',(0.,0.));
#5506 = DIRECTION('',(1.,0.));
#5507 = ( GEOMETRIC_REPRESENTATION_CONTEXT(2) 
PARAMETRIC_REPRESENTATION_CONTEXT() REPRESENTATION_CONTEXT('2D SPACE',''
  ) );
#5508 = ORIENTED_EDGE('',*,*,#5459,.T.);
#5509 = ADVANCED_FACE('',(#5510),#2875,.F.);
#5510 = FACE_BOUND('',#5511,.F.);
#5511 = EDGE_LOOP('',(#5512,#5513,#5536,#5563));
#5512 = ORIENTED_EDGE('',*,*,#2860,.F.);
#5513 = ORIENTED_EDGE('',*,*,#5514,.F.);
#5514 = EDGE_CURVE('',#5515,#2838,#5517,.T.);
#5515 = VERTEX_POINT('',#5516);
#5516 = CARTESIAN_POINT('',(-17.43,2.54,1.44));
#5517 = SEAM_CURVE('',#5518,(#5522,#5529),.PCURVE_S1.);
#5518 = LINE('',#5519,#5520);
#5519 = CARTESIAN_POINT('',(-17.43,2.54,1.44));
#5520 = VECTOR('',#5521,1.);
#5521 = DIRECTION('',(0.,0.,1.));
#5522 = PCURVE('',#2875,#5523);
#5523 = DEFINITIONAL_REPRESENTATION('',(#5524),#5528);
#5524 = LINE('',#5525,#5526);
#5525 = CARTESIAN_POINT('',(6.28318530718,-0.));
#5526 = VECTOR('',#5527,1.);
#5527 = DIRECTION('',(0.,1.));
#5528 = ( GEOMETRIC_REPRESENTATION_CONTEXT(2) 
PARAMETRIC_REPRESENTATION_CONTEXT() REPRESENTATION_CONTEXT('2D SPACE',''
  ) );
#5529 = PCURVE('',#2875,#5530);
#5530 = DEFINITIONAL_REPRESENTATION('',(#5531),#5535);
#5531 = LINE('',#5532,#5533);
#5532 = CARTESIAN_POINT('',(0.,-0.));
#5533 = VECTOR('',#5534,1.);
#5534 = DIRECTION('',(0.,1.));
#5535 = ( GEOMETRIC_REPRESENTATION_CONTEXT(2) 
PARAMETRIC_REPRESENTATION_CONTEXT() REPRESENTATION_CONTEXT('2D SPACE',''
  ) );
#5536 = ORIENTED_EDGE('',*,*,#5537,.T.);
#5537 = EDGE_CURVE('',#5515,#5515,#5538,.T.);
#5538 = SURFACE_CURVE('',#5539,(#5544,#5551),.PCURVE_S1.);
#5539 = CIRCLE('',#5540,0.35);
#5540 = AXIS2_PLACEMENT_3D('',#5541,#5542,#5543);
#5541 = CARTESIAN_POINT('',(-17.78,2.54,1.44));
#5542 = DIRECTION('',(0.,0.,1.));
#5543 = DIRECTION('',(1.,0.,0.));
#5544 = PCURVE('',#2875,#5545);
#5545 = DEFINITIONAL_REPRESENTATION('',(#5546),#5550);
#5546 = LINE('',#5547,#5548);
#5547 = CARTESIAN_POINT('',(0.,0.));
#5548 = VECTOR('',#5549,1.);
#5549 = DIRECTION('',(1.,0.));
#5550 = ( GEOMETRIC_REPRESENTATION_CONTEXT(2) 
PARAMETRIC_REPRESENTATION_CONTEXT() REPRESENTATION_CONTEXT('2D SPACE',''
  ) );
#5551 = PCURVE('',#5552,#5557);
#5552 = PLANE('',#5553);
#5553 = AXIS2_PLACEMENT_3D('',#5554,#5555,#5556);
#5554 = CARTESIAN_POINT('',(-17.78,2.54,1.44));
#5555 = DIRECTION('',(0.,0.,1.));
#5556 = DIRECTION('',(1.,0.,0.));
#5557 = DEFINITIONAL_REPRESENTATION('',(#5558),#5562);
#5558 = CIRCLE('',#5559,0.35);
#5559 = AXIS2_PLACEMENT_2D('',#5560,#5561);
#5560 = CARTESIAN_POINT('',(0.,0.));
#5561 = DIRECTION('',(1.,0.));
#5562 = ( GEOMETRIC_REPRESENTATION_CONTEXT(2) 
PARAMETRIC_REPRESENTATION_CONTEXT() REPRESENTATION_CONTEXT('2D SPACE',''
  ) );
#5563 = ORIENTED_EDGE('',*,*,#5514,.T.);
#5564 = ADVANCED_FACE('',(#5565),#2928,.F.);
#5565 = FACE_BOUND('',#5566,.F.);
#5566 = EDGE_LOOP('',(#5567,#5568,#5591,#5618));
#5567 = ORIENTED_EDGE('',*,*,#2913,.F.);
#5568 = ORIENTED_EDGE('',*,*,#5569,.F.);
#5569 = EDGE_CURVE('',#5570,#2891,#5572,.T.);
#5570 = VERTEX_POINT('',#5571);
#5571 = CARTESIAN_POINT('',(-14.89,2.54,1.44));
#5572 = SEAM_CURVE('',#5573,(#5577,#5584),.PCURVE_S1.);
#5573 = LINE('',#5574,#5575);
#5574 = CARTESIAN_POINT('',(-14.89,2.54,1.44));
#5575 = VECTOR('',#5576,1.);
#5576 = DIRECTION('',(0.,0.,1.));
#5577 = PCURVE('',#2928,#5578);
#5578 = DEFINITIONAL_REPRESENTATION('',(#5579),#5583);
#5579 = LINE('',#5580,#5581);
#5580 = CARTESIAN_POINT('',(6.28318530718,-0.));
#5581 = VECTOR('',#5582,1.);
#5582 = DIRECTION('',(0.,1.));
#5583 = ( GEOMETRIC_REPRESENTATION_CONTEXT(2) 
PARAMETRIC_REPRESENTATION_CONTEXT() REPRESENTATION_CONTEXT('2D SPACE',''
  ) );
#5584 = PCURVE('',#2928,#5585);
#5585 = DEFINITIONAL_REPRESENTATION('',(#5586),#5590);
#5586 = LINE('',#5587,#5588);
#5587 = CARTESIAN_POINT('',(0.,-0.));
#5588 = VECTOR('',#5589,1.);
#5589 = DIRECTION('',(0.,1.));
#5590 = ( GEOMETRIC_REPRESENTATION_CONTEXT(2) 
PARAMETRIC_REPRESENTATION_CONTEXT() REPRESENTATION_CONTEXT('2D SPACE',''
  ) );
#5591 = ORIENTED_EDGE('',*,*,#5592,.T.);
#5592 = EDGE_CURVE('',#5570,#5570,#5593,.T.);
#5593 = SURFACE_CURVE('',#5594,(#5599,#5606),.PCURVE_S1.);
#5594 = CIRCLE('',#5595,0.35);
#5595 = AXIS2_PLACEMENT_3D('',#5596,#5597,#5598);
#5596 = CARTESIAN_POINT('',(-15.24,2.54,1.44));
#5597 = DIRECTION('',(0.,0.,1.));
#5598 = DIRECTION('',(1.,0.,0.));
#5599 = PCURVE('',#2928,#5600);
#5600 = DEFINITIONAL_REPRESENTATION('',(#5601),#5605);
#5601 = LINE('',#5602,#5603);
#5602 = CARTESIAN_POINT('',(0.,0.));
#5603 = VECTOR('',#5604,1.);
#5604 = DIRECTION('',(1.,0.));
#5605 = ( GEOMETRIC_REPRESENTATION_CONTEXT(2) 
PARAMETRIC_REPRESENTATION_CONTEXT() REPRESENTATION_CONTEXT('2D SPACE',''
  ) );
#5606 = PCURVE('',#5607,#5612);
#5607 = PLANE('',#5608);
#5608 = AXIS2_PLACEMENT_3D('',#5609,#5610,#5611);
#5609 = CARTESIAN_POINT('',(-15.24,2.54,1.44));
#5610 = DIRECTION('',(0.,0.,1.));
#5611 = DIRECTION('',(1.,0.,0.));
#5612 = DEFINITIONAL_REPRESENTATION('',(#5613),#5617);
#5613 = CIRCLE('',#5614,0.35);
#5614 = AXIS2_PLACEMENT_2D('',#5615,#5616);
#5615 = CARTESIAN_POINT('',(0.,0.));
#5616 = DIRECTION('',(1.,0.));
#5617 = ( GEOMETRIC_REPRESENTATION_CONTEXT(2) 
PARAMETRIC_REPRESENTATION_CONTEXT() REPRESENTATION_CONTEXT('2D SPACE',''
  ) );
#5618 = ORIENTED_EDGE('',*,*,#5569,.T.);
#5619 = ADVANCED_FACE('',(#5620),#2981,.F.);
#5620 = FACE_BOUND('',#5621,.F.);
#5621 = EDGE_LOOP('',(#5622,#5623,#5646,#5673));
#5622 = ORIENTED_EDGE('',*,*,#2966,.F.);
#5623 = ORIENTED_EDGE('',*,*,#5624,.F.);
#5624 = EDGE_CURVE('',#5625,#2944,#5627,.T.);
#5625 = VERTEX_POINT('',#5626);
#5626 = CARTESIAN_POINT('',(0.35,2.54,1.44));
#5627 = SEAM_CURVE('',#5628,(#5632,#5639),.PCURVE_S1.);
#5628 = LINE('',#5629,#5630);
#5629 = CARTESIAN_POINT('',(0.35,2.54,1.44));
#5630 = VECTOR('',#5631,1.);
#5631 = DIRECTION('',(0.,0.,1.));
#5632 = PCURVE('',#2981,#5633);
#5633 = DEFINITIONAL_REPRESENTATION('',(#5634),#5638);
#5634 = LINE('',#5635,#5636);
#5635 = CARTESIAN_POINT('',(6.28318530718,-0.));
#5636 = VECTOR('',#5637,1.);
#5637 = DIRECTION('',(0.,1.));
#5638 = ( GEOMETRIC_REPRESENTATION_CONTEXT(2) 
PARAMETRIC_REPRESENTATION_CONTEXT() REPRESENTATION_CONTEXT('2D SPACE',''
  ) );
#5639 = PCURVE('',#2981,#5640);
#5640 = DEFINITIONAL_REPRESENTATION('',(#5641),#5645);
#5641 = LINE('',#5642,#5643);
#5642 = CARTESIAN_POINT('',(0.,-0.));
#5643 = VECTOR('',#5644,1.);
#5644 = DIRECTION('',(0.,1.));
#5645 = ( GEOMETRIC_REPRESENTATION_CONTEXT(2) 
PARAMETRIC_REPRESENTATION_CONTEXT() REPRESENTATION_CONTEXT('2D SPACE',''
  ) );
#5646 = ORIENTED_EDGE('',*,*,#5647,.T.);
#5647 = EDGE_CURVE('',#5625,#5625,#5648,.T.);
#5648 = SURFACE_CURVE('',#5649,(#5654,#5661),.PCURVE_S1.);
#5649 = CIRCLE('',#5650,0.35);
#5650 = AXIS2_PLACEMENT_3D('',#5651,#5652,#5653);
#5651 = CARTESIAN_POINT('',(0.,2.54,1.44));
#5652 = DIRECTION('',(0.,0.,1.));
#5653 = DIRECTION('',(1.,0.,0.));
#5654 = PCURVE('',#2981,#5655);
#5655 = DEFINITIONAL_REPRESENTATION('',(#5656),#5660);
#5656 = LINE('',#5657,#5658);
#5657 = CARTESIAN_POINT('',(0.,0.));
#5658 = VECTOR('',#5659,1.);
#5659 = DIRECTION('',(1.,0.));
#5660 = ( GEOMETRIC_REPRESENTATION_CONTEXT(2) 
PARAMETRIC_REPRESENTATION_CONTEXT() REPRESENTATION_CONTEXT('2D SPACE',''
  ) );
#5661 = PCURVE('',#5662,#5667);
#5662 = PLANE('',#5663);
#5663 = AXIS2_PLACEMENT_3D('',#5664,#5665,#5666);
#5664 = CARTESIAN_POINT('',(0.,2.54,1.44));
#5665 = DIRECTION('',(0.,0.,1.));
#5666 = DIRECTION('',(1.,0.,0.));
#5667 = DEFINITIONAL_REPRESENTATION('',(#5668),#5672);
#5668 = CIRCLE('',#5669,0.35);
#5669 = AXIS2_PLACEMENT_2D('',#5670,#5671);
#5670 = CARTESIAN_POINT('',(0.,0.));
#5671 = DIRECTION('',(1.,0.));
#5672 = ( GEOMETRIC_REPRESENTATION_CONTEXT(2) 
PARAMETRIC_REPRESENTATION_CONTEXT() REPRESENTATION_CONTEXT('2D SPACE',''
  ) );
#5673 = ORIENTED_EDGE('',*,*,#5624,.T.);
#5674 = ADVANCED_FACE('',(#5675),#3034,.F.);
#5675 = FACE_BOUND('',#5676,.F.);
#5676 = EDGE_LOOP('',(#5677,#5678,#5701,#5728));
#5677 = ORIENTED_EDGE('',*,*,#3019,.F.);
#5678 = ORIENTED_EDGE('',*,*,#5679,.F.);
#5679 = EDGE_CURVE('',#5680,#2997,#5682,.T.);
#5680 = VERTEX_POINT('',#5681);
#5681 = CARTESIAN_POINT('',(-19.97,-8.572527594031E-17,1.44));
#5682 = SEAM_CURVE('',#5683,(#5687,#5694),.PCURVE_S1.);
#5683 = LINE('',#5684,#5685);
#5684 = CARTESIAN_POINT('',(-19.97,-8.572527594031E-17,1.44));
#5685 = VECTOR('',#5686,1.);
#5686 = DIRECTION('',(0.,0.,1.));
#5687 = PCURVE('',#3034,#5688);
#5688 = DEFINITIONAL_REPRESENTATION('',(#5689),#5693);
#5689 = LINE('',#5690,#5691);
#5690 = CARTESIAN_POINT('',(6.28318530718,-0.));
#5691 = VECTOR('',#5692,1.);
#5692 = DIRECTION('',(0.,1.));
#5693 = ( GEOMETRIC_REPRESENTATION_CONTEXT(2) 
PARAMETRIC_REPRESENTATION_CONTEXT() REPRESENTATION_CONTEXT('2D SPACE',''
  ) );
#5694 = PCURVE('',#3034,#5695);
#5695 = DEFINITIONAL_REPRESENTATION('',(#5696),#5700);
#5696 = LINE('',#5697,#5698);
#5697 = CARTESIAN_POINT('',(0.,-0.));
#5698 = VECTOR('',#5699,1.);
#5699 = DIRECTION('',(0.,1.));
#5700 = ( GEOMETRIC_REPRESENTATION_CONTEXT(2) 
PARAMETRIC_REPRESENTATION_CONTEXT() REPRESENTATION_CONTEXT('2D SPACE',''
  ) );
#5701 = ORIENTED_EDGE('',*,*,#5702,.T.);
#5702 = EDGE_CURVE('',#5680,#5680,#5703,.T.);
#5703 = SURFACE_CURVE('',#5704,(#5709,#5716),.PCURVE_S1.);
#5704 = CIRCLE('',#5705,0.35);
#5705 = AXIS2_PLACEMENT_3D('',#5706,#5707,#5708);
#5706 = CARTESIAN_POINT('',(-20.32,0.,1.44));
#5707 = DIRECTION('',(0.,0.,1.));
#5708 = DIRECTION('',(1.,0.,0.));
#5709 = PCURVE('',#3034,#5710);
#5710 = DEFINITIONAL_REPRESENTATION('',(#5711),#5715);
#5711 = LINE('',#5712,#5713);
#5712 = CARTESIAN_POINT('',(0.,0.));
#5713 = VECTOR('',#5714,1.);
#5714 = DIRECTION('',(1.,0.));
#5715 = ( GEOMETRIC_REPRESENTATION_CONTEXT(2) 
PARAMETRIC_REPRESENTATION_CONTEXT() REPRESENTATION_CONTEXT('2D SPACE',''
  ) );
#5716 = PCURVE('',#5717,#5722);
#5717 = PLANE('',#5718);
#5718 = AXIS2_PLACEMENT_3D('',#5719,#5720,#5721);
#5719 = CARTESIAN_POINT('',(-20.32,0.,1.44));
#5720 = DIRECTION('',(0.,0.,1.));
#5721 = DIRECTION('',(1.,0.,0.));
#5722 = DEFINITIONAL_REPRESENTATION('',(#5723),#5727);
#5723 = CIRCLE('',#5724,0.35);
#5724 = AXIS2_PLACEMENT_2D('',#5725,#5726);
#5725 = CARTESIAN_POINT('',(0.,0.));
#5726 = DIRECTION('',(1.,0.));
#5727 = ( GEOMETRIC_REPRESENTATION_CONTEXT(2) 
PARAMETRIC_REPRESENTATION_CONTEXT() REPRESENTATION_CONTEXT('2D SPACE',''
  ) );
#5728 = ORIENTED_EDGE('',*,*,#5679,.T.);
#5729 = ADVANCED_FACE('',(#5730),#3087,.F.);
#5730 = FACE_BOUND('',#5731,.F.);
#5731 = EDGE_LOOP('',(#5732,#5733,#5756,#5783));
#5732 = ORIENTED_EDGE('',*,*,#3072,.F.);
#5733 = ORIENTED_EDGE('',*,*,#5734,.F.);
#5734 = EDGE_CURVE('',#5735,#3050,#5737,.T.);
#5735 = VERTEX_POINT('',#5736);
#5736 = CARTESIAN_POINT('',(-19.97,2.54,1.44));
#5737 = SEAM_CURVE('',#5738,(#5742,#5749),.PCURVE_S1.);
#5738 = LINE('',#5739,#5740);
#5739 = CARTESIAN_POINT('',(-19.97,2.54,1.44));
#5740 = VECTOR('',#5741,1.);
#5741 = DIRECTION('',(0.,0.,1.));
#5742 = PCURVE('',#3087,#5743);
#5743 = DEFINITIONAL_REPRESENTATION('',(#5744),#5748);
#5744 = LINE('',#5745,#5746);
#5745 = CARTESIAN_POINT('',(6.28318530718,-0.));
#5746 = VECTOR('',#5747,1.);
#5747 = DIRECTION('',(0.,1.));
#5748 = ( GEOMETRIC_REPRESENTATION_CONTEXT(2) 
PARAMETRIC_REPRESENTATION_CONTEXT() REPRESENTATION_CONTEXT('2D SPACE',''
  ) );
#5749 = PCURVE('',#3087,#5750);
#5750 = DEFINITIONAL_REPRESENTATION('',(#5751),#5755);
#5751 = LINE('',#5752,#5753);
#5752 = CARTESIAN_POINT('',(0.,-0.));
#5753 = VECTOR('',#5754,1.);
#5754 = DIRECTION('',(0.,1.));
#5755 = ( GEOMETRIC_REPRESENTATION_CONTEXT(2) 
PARAMETRIC_REPRESENTATION_CONTEXT() REPRESENTATION_CONTEXT('2D SPACE',''
  ) );
#5756 = ORIENTED_EDGE('',*,*,#5757,.T.);
#5757 = EDGE_CURVE('',#5735,#5735,#5758,.T.);
#5758 = SURFACE_CURVE('',#5759,(#5764,#5771),.PCURVE_S1.);
#5759 = CIRCLE('',#5760,0.35);
#5760 = AXIS2_PLACEMENT_3D('',#5761,#5762,#5763);
#5761 = CARTESIAN_POINT('',(-20.32,2.54,1.44));
#5762 = DIRECTION('',(0.,0.,1.));
#5763 = DIRECTION('',(1.,0.,0.));
#5764 = PCURVE('',#3087,#5765);
#5765 = DEFINITIONAL_REPRESENTATION('',(#5766),#5770);
#5766 = LINE('',#5767,#5768);
#5767 = CARTESIAN_POINT('',(0.,0.));
#5768 = VECTOR('',#5769,1.);
#5769 = DIRECTION('',(1.,0.));
#5770 = ( GEOMETRIC_REPRESENTATION_CONTEXT(2) 
PARAMETRIC_REPRESENTATION_CONTEXT() REPRESENTATION_CONTEXT('2D SPACE',''
  ) );
#5771 = PCURVE('',#5772,#5777);
#5772 = PLANE('',#5773);
#5773 = AXIS2_PLACEMENT_3D('',#5774,#5775,#5776);
#5774 = CARTESIAN_POINT('',(-20.32,2.54,1.44));
#5775 = DIRECTION('',(0.,0.,1.));
#5776 = DIRECTION('',(1.,0.,0.));
#5777 = DEFINITIONAL_REPRESENTATION('',(#5778),#5782);
#5778 = CIRCLE('',#5779,0.35);
#5779 = AXIS2_PLACEMENT_2D('',#5780,#5781);
#5780 = CARTESIAN_POINT('',(0.,0.));
#5781 = DIRECTION('',(1.,0.));
#5782 = ( GEOMETRIC_REPRESENTATION_CONTEXT(2) 
PARAMETRIC_REPRESENTATION_CONTEXT() REPRESENTATION_CONTEXT('2D SPACE',''
  ) );
#5783 = ORIENTED_EDGE('',*,*,#5734,.T.);
#5784 = ADVANCED_FACE('',(#5785),#3140,.F.);
#5785 = FACE_BOUND('',#5786,.F.);
#5786 = EDGE_LOOP('',(#5787,#5788,#5811,#5838));
#5787 = ORIENTED_EDGE('',*,*,#3125,.F.);
#5788 = ORIENTED_EDGE('',*,*,#5789,.F.);
#5789 = EDGE_CURVE('',#5790,#3103,#5792,.T.);
#5790 = VERTEX_POINT('',#5791);
#5791 = CARTESIAN_POINT('',(-40.29,-8.572527594031E-17,1.44));
#5792 = SEAM_CURVE('',#5793,(#5797,#5804),.PCURVE_S1.);
#5793 = LINE('',#5794,#5795);
#5794 = CARTESIAN_POINT('',(-40.29,-8.572527594031E-17,1.44));
#5795 = VECTOR('',#5796,1.);
#5796 = DIRECTION('',(0.,0.,1.));
#5797 = PCURVE('',#3140,#5798);
#5798 = DEFINITIONAL_REPRESENTATION('',(#5799),#5803);
#5799 = LINE('',#5800,#5801);
#5800 = CARTESIAN_POINT('',(6.28318530718,-0.));
#5801 = VECTOR('',#5802,1.);
#5802 = DIRECTION('',(0.,1.));
#5803 = ( GEOMETRIC_REPRESENTATION_CONTEXT(2) 
PARAMETRIC_REPRESENTATION_CONTEXT() REPRESENTATION_CONTEXT('2D SPACE',''
  ) );
#5804 = PCURVE('',#3140,#5805);
#5805 = DEFINITIONAL_REPRESENTATION('',(#5806),#5810);
#5806 = LINE('',#5807,#5808);
#5807 = CARTESIAN_POINT('',(0.,-0.));
#5808 = VECTOR('',#5809,1.);
#5809 = DIRECTION('',(0.,1.));
#5810 = ( GEOMETRIC_REPRESENTATION_CONTEXT(2) 
PARAMETRIC_REPRESENTATION_CONTEXT() REPRESENTATION_CONTEXT('2D SPACE',''
  ) );
#5811 = ORIENTED_EDGE('',*,*,#5812,.T.);
#5812 = EDGE_CURVE('',#5790,#5790,#5813,.T.);
#5813 = SURFACE_CURVE('',#5814,(#5819,#5826),.PCURVE_S1.);
#5814 = CIRCLE('',#5815,0.35);
#5815 = AXIS2_PLACEMENT_3D('',#5816,#5817,#5818);
#5816 = CARTESIAN_POINT('',(-40.64,0.,1.44));
#5817 = DIRECTION('',(0.,0.,1.));
#5818 = DIRECTION('',(1.,0.,0.));
#5819 = PCURVE('',#3140,#5820);
#5820 = DEFINITIONAL_REPRESENTATION('',(#5821),#5825);
#5821 = LINE('',#5822,#5823);
#5822 = CARTESIAN_POINT('',(0.,0.));
#5823 = VECTOR('',#5824,1.);
#5824 = DIRECTION('',(1.,0.));
#5825 = ( GEOMETRIC_REPRESENTATION_CONTEXT(2) 
PARAMETRIC_REPRESENTATION_CONTEXT() REPRESENTATION_CONTEXT('2D SPACE',''
  ) );
#5826 = PCURVE('',#5827,#5832);
#5827 = PLANE('',#5828);
#5828 = AXIS2_PLACEMENT_3D('',#5829,#5830,#5831);
#5829 = CARTESIAN_POINT('',(-40.64,0.,1.44));
#5830 = DIRECTION('',(0.,0.,1.));
#5831 = DIRECTION('',(1.,0.,0.));
#5832 = DEFINITIONAL_REPRESENTATION('',(#5833),#5837);
#5833 = CIRCLE('',#5834,0.35);
#5834 = AXIS2_PLACEMENT_2D('',#5835,#5836);
#5835 = CARTESIAN_POINT('',(0.,0.));
#5836 = DIRECTION('',(1.,0.));
#5837 = ( GEOMETRIC_REPRESENTATION_CONTEXT(2) 
PARAMETRIC_REPRESENTATION_CONTEXT() REPRESENTATION_CONTEXT('2D SPACE',''
  ) );
#5838 = ORIENTED_EDGE('',*,*,#5789,.T.);
#5839 = ADVANCED_FACE('',(#5840),#3193,.F.);
#5840 = FACE_BOUND('',#5841,.F.);
#5841 = EDGE_LOOP('',(#5842,#5843,#5866,#5893));
#5842 = ORIENTED_EDGE('',*,*,#3178,.F.);
#5843 = ORIENTED_EDGE('',*,*,#5844,.F.);
#5844 = EDGE_CURVE('',#5845,#3156,#5847,.T.);
#5845 = VERTEX_POINT('',#5846);
#5846 = CARTESIAN_POINT('',(-40.29,2.54,1.44));
#5847 = SEAM_CURVE('',#5848,(#5852,#5859),.PCURVE_S1.);
#5848 = LINE('',#5849,#5850);
#5849 = CARTESIAN_POINT('',(-40.29,2.54,1.44));
#5850 = VECTOR('',#5851,1.);
#5851 = DIRECTION('',(0.,0.,1.));
#5852 = PCURVE('',#3193,#5853);
#5853 = DEFINITIONAL_REPRESENTATION('',(#5854),#5858);
#5854 = LINE('',#5855,#5856);
#5855 = CARTESIAN_POINT('',(6.28318530718,-0.));
#5856 = VECTOR('',#5857,1.);
#5857 = DIRECTION('',(0.,1.));
#5858 = ( GEOMETRIC_REPRESENTATION_CONTEXT(2) 
PARAMETRIC_REPRESENTATION_CONTEXT() REPRESENTATION_CONTEXT('2D SPACE',''
  ) );
#5859 = PCURVE('',#3193,#5860);
#5860 = DEFINITIONAL_REPRESENTATION('',(#5861),#5865);
#5861 = LINE('',#5862,#5863);
#5862 = CARTESIAN_POINT('',(0.,-0.));
#5863 = VECTOR('',#5864,1.);
#5864 = DIRECTION('',(0.,1.));
#5865 = ( GEOMETRIC_REPRESENTATION_CONTEXT(2) 
PARAMETRIC_REPRESENTATION_CONTEXT() REPRESENTATION_CONTEXT('2D SPACE',''
  ) );
#5866 = ORIENTED_EDGE('',*,*,#5867,.T.);
#5867 = EDGE_CURVE('',#5845,#5845,#5868,.T.);
#5868 = SURFACE_CURVE('',#5869,(#5874,#5881),.PCURVE_S1.);
#5869 = CIRCLE('',#5870,0.35);
#5870 = AXIS2_PLACEMENT_3D('',#5871,#5872,#5873);
#5871 = CARTESIAN_POINT('',(-40.64,2.54,1.44));
#5872 = DIRECTION('',(0.,0.,1.));
#5873 = DIRECTION('',(1.,0.,0.));
#5874 = PCURVE('',#3193,#5875);
#5875 = DEFINITIONAL_REPRESENTATION('',(#5876),#5880);
#5876 = LINE('',#5877,#5878);
#5877 = CARTESIAN_POINT('',(0.,0.));
#5878 = VECTOR('',#5879,1.);
#5879 = DIRECTION('',(1.,0.));
#5880 = ( GEOMETRIC_REPRESENTATION_CONTEXT(2) 
PARAMETRIC_REPRESENTATION_CONTEXT() REPRESENTATION_CONTEXT('2D SPACE',''
  ) );
#5881 = PCURVE('',#5882,#5887);
#5882 = PLANE('',#5883);
#5883 = AXIS2_PLACEMENT_3D('',#5884,#5885,#5886);
#5884 = CARTESIAN_POINT('',(-40.64,2.54,1.44));
#5885 = DIRECTION('',(0.,0.,1.));
#5886 = DIRECTION('',(1.,0.,0.));
#5887 = DEFINITIONAL_REPRESENTATION('',(#5888),#5892);
#5888 = CIRCLE('',#5889,0.35);
#5889 = AXIS2_PLACEMENT_2D('',#5890,#5891);
#5890 = CARTESIAN_POINT('',(0.,0.));
#5891 = DIRECTION('',(1.,0.));
#5892 = ( GEOMETRIC_REPRESENTATION_CONTEXT(2) 
PARAMETRIC_REPRESENTATION_CONTEXT() REPRESENTATION_CONTEXT('2D SPACE',''
  ) );
#5893 = ORIENTED_EDGE('',*,*,#5844,.T.);
#5894 = ADVANCED_FACE('',(#5895),#3246,.F.);
#5895 = FACE_BOUND('',#5896,.F.);
#5896 = EDGE_LOOP('',(#5897,#5898,#5921,#5948));
#5897 = ORIENTED_EDGE('',*,*,#3231,.F.);
#5898 = ORIENTED_EDGE('',*,*,#5899,.F.);
#5899 = EDGE_CURVE('',#5900,#3209,#5902,.T.);
#5900 = VERTEX_POINT('',#5901);
#5901 = CARTESIAN_POINT('',(-37.75,2.54,1.44));
#5902 = SEAM_CURVE('',#5903,(#5907,#5914),.PCURVE_S1.);
#5903 = LINE('',#5904,#5905);
#5904 = CARTESIAN_POINT('',(-37.75,2.54,1.44));
#5905 = VECTOR('',#5906,1.);
#5906 = DIRECTION('',(0.,0.,1.));
#5907 = PCURVE('',#3246,#5908);
#5908 = DEFINITIONAL_REPRESENTATION('',(#5909),#5913);
#5909 = LINE('',#5910,#5911);
#5910 = CARTESIAN_POINT('',(6.28318530718,-0.));
#5911 = VECTOR('',#5912,1.);
#5912 = DIRECTION('',(0.,1.));
#5913 = ( GEOMETRIC_REPRESENTATION_CONTEXT(2) 
PARAMETRIC_REPRESENTATION_CONTEXT() REPRESENTATION_CONTEXT('2D SPACE',''
  ) );
#5914 = PCURVE('',#3246,#5915);
#5915 = DEFINITIONAL_REPRESENTATION('',(#5916),#5920);
#5916 = LINE('',#5917,#5918);
#5917 = CARTESIAN_POINT('',(0.,-0.));
#5918 = VECTOR('',#5919,1.);
#5919 = DIRECTION('',(0.,1.));
#5920 = ( GEOMETRIC_REPRESENTATION_CONTEXT(2) 
PARAMETRIC_REPRESENTATION_CONTEXT() REPRESENTATION_CONTEXT('2D SPACE',''
  ) );
#5921 = ORIENTED_EDGE('',*,*,#5922,.T.);
#5922 = EDGE_CURVE('',#5900,#5900,#5923,.T.);
#5923 = SURFACE_CURVE('',#5924,(#5929,#5936),.PCURVE_S1.);
#5924 = CIRCLE('',#5925,0.35);
#5925 = AXIS2_PLACEMENT_3D('',#5926,#5927,#5928);
#5926 = CARTESIAN_POINT('',(-38.1,2.54,1.44));
#5927 = DIRECTION('',(0.,0.,1.));
#5928 = DIRECTION('',(1.,0.,0.));
#5929 = PCURVE('',#3246,#5930);
#5930 = DEFINITIONAL_REPRESENTATION('',(#5931),#5935);
#5931 = LINE('',#5932,#5933);
#5932 = CARTESIAN_POINT('',(0.,0.));
#5933 = VECTOR('',#5934,1.);
#5934 = DIRECTION('',(1.,0.));
#5935 = ( GEOMETRIC_REPRESENTATION_CONTEXT(2) 
PARAMETRIC_REPRESENTATION_CONTEXT() REPRESENTATION_CONTEXT('2D SPACE',''
  ) );
#5936 = PCURVE('',#5937,#5942);
#5937 = PLANE('',#5938);
#5938 = AXIS2_PLACEMENT_3D('',#5939,#5940,#5941);
#5939 = CARTESIAN_POINT('',(-38.1,2.54,1.44));
#5940 = DIRECTION('',(0.,0.,1.));
#5941 = DIRECTION('',(1.,0.,0.));
#5942 = DEFINITIONAL_REPRESENTATION('',(#5943),#5947);
#5943 = CIRCLE('',#5944,0.35);
#5944 = AXIS2_PLACEMENT_2D('',#5945,#5946);
#5945 = CARTESIAN_POINT('',(0.,0.));
#5946 = DIRECTION('',(1.,0.));
#5947 = ( GEOMETRIC_REPRESENTATION_CONTEXT(2) 
PARAMETRIC_REPRESENTATION_CONTEXT() REPRESENTATION_CONTEXT('2D SPACE',''
  ) );
#5948 = ORIENTED_EDGE('',*,*,#5899,.T.);
#5949 = ADVANCED_FACE('',(#5950),#3299,.F.);
#5950 = FACE_BOUND('',#5951,.F.);
#5951 = EDGE_LOOP('',(#5952,#5953,#5976,#6003));
#5952 = ORIENTED_EDGE('',*,*,#3284,.F.);
#5953 = ORIENTED_EDGE('',*,*,#5954,.F.);
#5954 = EDGE_CURVE('',#5955,#3262,#5957,.T.);
#5955 = VERTEX_POINT('',#5956);
#5956 = CARTESIAN_POINT('',(-37.75,-8.572527594031E-17,1.44));
#5957 = SEAM_CURVE('',#5958,(#5962,#5969),.PCURVE_S1.);
#5958 = LINE('',#5959,#5960);
#5959 = CARTESIAN_POINT('',(-37.75,-8.572527594031E-17,1.44));
#5960 = VECTOR('',#5961,1.);
#5961 = DIRECTION('',(0.,0.,1.));
#5962 = PCURVE('',#3299,#5963);
#5963 = DEFINITIONAL_REPRESENTATION('',(#5964),#5968);
#5964 = LINE('',#5965,#5966);
#5965 = CARTESIAN_POINT('',(6.28318530718,-0.));
#5966 = VECTOR('',#5967,1.);
#5967 = DIRECTION('',(0.,1.));
#5968 = ( GEOMETRIC_REPRESENTATION_CONTEXT(2) 
PARAMETRIC_REPRESENTATION_CONTEXT() REPRESENTATION_CONTEXT('2D SPACE',''
  ) );
#5969 = PCURVE('',#3299,#5970);
#5970 = DEFINITIONAL_REPRESENTATION('',(#5971),#5975);
#5971 = LINE('',#5972,#5973);
#5972 = CARTESIAN_POINT('',(0.,-0.));
#5973 = VECTOR('',#5974,1.);
#5974 = DIRECTION('',(0.,1.));
#5975 = ( GEOMETRIC_REPRESENTATION_CONTEXT(2) 
PARAMETRIC_REPRESENTATION_CONTEXT() REPRESENTATION_CONTEXT('2D SPACE',''
  ) );
#5976 = ORIENTED_EDGE('',*,*,#5977,.T.);
#5977 = EDGE_CURVE('',#5955,#5955,#5978,.T.);
#5978 = SURFACE_CURVE('',#5979,(#5984,#5991),.PCURVE_S1.);
#5979 = CIRCLE('',#5980,0.35);
#5980 = AXIS2_PLACEMENT_3D('',#5981,#5982,#5983);
#5981 = CARTESIAN_POINT('',(-38.1,0.,1.44));
#5982 = DIRECTION('',(0.,0.,1.));
#5983 = DIRECTION('',(1.,0.,0.));
#5984 = PCURVE('',#3299,#5985);
#5985 = DEFINITIONAL_REPRESENTATION('',(#5986),#5990);
#5986 = LINE('',#5987,#5988);
#5987 = CARTESIAN_POINT('',(0.,0.));
#5988 = VECTOR('',#5989,1.);
#5989 = DIRECTION('',(1.,0.));
#5990 = ( GEOMETRIC_REPRESENTATION_CONTEXT(2) 
PARAMETRIC_REPRESENTATION_CONTEXT() REPRESENTATION_CONTEXT('2D SPACE',''
  ) );
#5991 = PCURVE('',#5992,#5997);
#5992 = PLANE('',#5993);
#5993 = AXIS2_PLACEMENT_3D('',#5994,#5995,#5996);
#5994 = CARTESIAN_POINT('',(-38.1,0.,1.44));
#5995 = DIRECTION('',(0.,0.,1.));
#5996 = DIRECTION('',(1.,0.,0.));
#5997 = DEFINITIONAL_REPRESENTATION('',(#5998),#6002);
#5998 = CIRCLE('',#5999,0.35);
#5999 = AXIS2_PLACEMENT_2D('',#6000,#6001);
#6000 = CARTESIAN_POINT('',(0.,0.));
#6001 = DIRECTION('',(1.,0.));
#6002 = ( GEOMETRIC_REPRESENTATION_CONTEXT(2) 
PARAMETRIC_REPRESENTATION_CONTEXT() REPRESENTATION_CONTEXT('2D SPACE',''
  ) );
#6003 = ORIENTED_EDGE('',*,*,#5954,.T.);
#6004 = ADVANCED_FACE('',(#6005),#3352,.F.);
#6005 = FACE_BOUND('',#6006,.F.);
#6006 = EDGE_LOOP('',(#6007,#6008,#6031,#6058));
#6007 = ORIENTED_EDGE('',*,*,#3337,.F.);
#6008 = ORIENTED_EDGE('',*,*,#6009,.F.);
#6009 = EDGE_CURVE('',#6010,#3315,#6012,.T.);
#6010 = VERTEX_POINT('',#6011);
#6011 = CARTESIAN_POINT('',(-35.21,-8.572527594031E-17,1.44));
#6012 = SEAM_CURVE('',#6013,(#6017,#6024),.PCURVE_S1.);
#6013 = LINE('',#6014,#6015);
#6014 = CARTESIAN_POINT('',(-35.21,-8.572527594031E-17,1.44));
#6015 = VECTOR('',#6016,1.);
#6016 = DIRECTION('',(0.,0.,1.));
#6017 = PCURVE('',#3352,#6018);
#6018 = DEFINITIONAL_REPRESENTATION('',(#6019),#6023);
#6019 = LINE('',#6020,#6021);
#6020 = CARTESIAN_POINT('',(6.28318530718,-0.));
#6021 = VECTOR('',#6022,1.);
#6022 = DIRECTION('',(0.,1.));
#6023 = ( GEOMETRIC_REPRESENTATION_CONTEXT(2) 
PARAMETRIC_REPRESENTATION_CONTEXT() REPRESENTATION_CONTEXT('2D SPACE',''
  ) );
#6024 = PCURVE('',#3352,#6025);
#6025 = DEFINITIONAL_REPRESENTATION('',(#6026),#6030);
#6026 = LINE('',#6027,#6028);
#6027 = CARTESIAN_POINT('',(0.,-0.));
#6028 = VECTOR('',#6029,1.);
#6029 = DIRECTION('',(0.,1.));
#6030 = ( GEOMETRIC_REPRESENTATION_CONTEXT(2) 
PARAMETRIC_REPRESENTATION_CONTEXT() REPRESENTATION_CONTEXT('2D SPACE',''
  ) );
#6031 = ORIENTED_EDGE('',*,*,#6032,.T.);
#6032 = EDGE_CURVE('',#6010,#6010,#6033,.T.);
#6033 = SURFACE_CURVE('',#6034,(#6039,#6046),.PCURVE_S1.);
#6034 = CIRCLE('',#6035,0.35);
#6035 = AXIS2_PLACEMENT_3D('',#6036,#6037,#6038);
#6036 = CARTESIAN_POINT('',(-35.56,0.,1.44));
#6037 = DIRECTION('',(0.,0.,1.));
#6038 = DIRECTION('',(1.,0.,0.));
#6039 = PCURVE('',#3352,#6040);
#6040 = DEFINITIONAL_REPRESENTATION('',(#6041),#6045);
#6041 = LINE('',#6042,#6043);
#6042 = CARTESIAN_POINT('',(0.,0.));
#6043 = VECTOR('',#6044,1.);
#6044 = DIRECTION('',(1.,0.));
#6045 = ( GEOMETRIC_REPRESENTATION_CONTEXT(2) 
PARAMETRIC_REPRESENTATION_CONTEXT() REPRESENTATION_CONTEXT('2D SPACE',''
  ) );
#6046 = PCURVE('',#6047,#6052);
#6047 = PLANE('',#6048);
#6048 = AXIS2_PLACEMENT_3D('',#6049,#6050,#6051);
#6049 = CARTESIAN_POINT('',(-35.56,0.,1.44));
#6050 = DIRECTION('',(0.,0.,1.));
#6051 = DIRECTION('',(1.,0.,0.));
#6052 = DEFINITIONAL_REPRESENTATION('',(#6053),#6057);
#6053 = CIRCLE('',#6054,0.35);
#6054 = AXIS2_PLACEMENT_2D('',#6055,#6056);
#6055 = CARTESIAN_POINT('',(0.,0.));
#6056 = DIRECTION('',(1.,0.));
#6057 = ( GEOMETRIC_REPRESENTATION_CONTEXT(2) 
PARAMETRIC_REPRESENTATION_CONTEXT() REPRESENTATION_CONTEXT('2D SPACE',''
  ) );
#6058 = ORIENTED_EDGE('',*,*,#6009,.T.);
#6059 = ADVANCED_FACE('',(#6060),#3405,.F.);
#6060 = FACE_BOUND('',#6061,.F.);
#6061 = EDGE_LOOP('',(#6062,#6063,#6086,#6113));
#6062 = ORIENTED_EDGE('',*,*,#3390,.F.);
#6063 = ORIENTED_EDGE('',*,*,#6064,.F.);
#6064 = EDGE_CURVE('',#6065,#3368,#6067,.T.);
#6065 = VERTEX_POINT('',#6066);
#6066 = CARTESIAN_POINT('',(-35.21,2.54,1.44));
#6067 = SEAM_CURVE('',#6068,(#6072,#6079),.PCURVE_S1.);
#6068 = LINE('',#6069,#6070);
#6069 = CARTESIAN_POINT('',(-35.21,2.54,1.44));
#6070 = VECTOR('',#6071,1.);
#6071 = DIRECTION('',(0.,0.,1.));
#6072 = PCURVE('',#3405,#6073);
#6073 = DEFINITIONAL_REPRESENTATION('',(#6074),#6078);
#6074 = LINE('',#6075,#6076);
#6075 = CARTESIAN_POINT('',(6.28318530718,-0.));
#6076 = VECTOR('',#6077,1.);
#6077 = DIRECTION('',(0.,1.));
#6078 = ( GEOMETRIC_REPRESENTATION_CONTEXT(2) 
PARAMETRIC_REPRESENTATION_CONTEXT() REPRESENTATION_CONTEXT('2D SPACE',''
  ) );
#6079 = PCURVE('',#3405,#6080);
#6080 = DEFINITIONAL_REPRESENTATION('',(#6081),#6085);
#6081 = LINE('',#6082,#6083);
#6082 = CARTESIAN_POINT('',(0.,-0.));
#6083 = VECTOR('',#6084,1.);
#6084 = DIRECTION('',(0.,1.));
#6085 = ( GEOMETRIC_REPRESENTATION_CONTEXT(2) 
PARAMETRIC_REPRESENTATION_CONTEXT() REPRESENTATION_CONTEXT('2D SPACE',''
  ) );
#6086 = ORIENTED_EDGE('',*,*,#6087,.T.);
#6087 = EDGE_CURVE('',#6065,#6065,#6088,.T.);
#6088 = SURFACE_CURVE('',#6089,(#6094,#6101),.PCURVE_S1.);
#6089 = CIRCLE('',#6090,0.35);
#6090 = AXIS2_PLACEMENT_3D('',#6091,#6092,#6093);
#6091 = CARTESIAN_POINT('',(-35.56,2.54,1.44));
#6092 = DIRECTION('',(0.,0.,1.));
#6093 = DIRECTION('',(1.,0.,0.));
#6094 = PCURVE('',#3405,#6095);
#6095 = DEFINITIONAL_REPRESENTATION('',(#6096),#6100);
#6096 = LINE('',#6097,#6098);
#6097 = CARTESIAN_POINT('',(0.,0.));
#6098 = VECTOR('',#6099,1.);
#6099 = DIRECTION('',(1.,0.));
#6100 = ( GEOMETRIC_REPRESENTATION_CONTEXT(2) 
PARAMETRIC_REPRESENTATION_CONTEXT() REPRESENTATION_CONTEXT('2D SPACE',''
  ) );
#6101 = PCURVE('',#6102,#6107);
#6102 = PLANE('',#6103);
#6103 = AXIS2_PLACEMENT_3D('',#6104,#6105,#6106);
#6104 = CARTESIAN_POINT('',(-35.56,2.54,1.44));
#6105 = DIRECTION('',(0.,0.,1.));
#6106 = DIRECTION('',(1.,0.,0.));
#6107 = DEFINITIONAL_REPRESENTATION('',(#6108),#6112);
#6108 = CIRCLE('',#6109,0.35);
#6109 = AXIS2_PLACEMENT_2D('',#6110,#6111);
#6110 = CARTESIAN_POINT('',(0.,0.));
#6111 = DIRECTION('',(1.,0.));
#6112 = ( GEOMETRIC_REPRESENTATION_CONTEXT(2) 
PARAMETRIC_REPRESENTATION_CONTEXT() REPRESENTATION_CONTEXT('2D SPACE',''
  ) );
#6113 = ORIENTED_EDGE('',*,*,#6064,.T.);
#6114 = ADVANCED_FACE('',(#6115),#3458,.F.);
#6115 = FACE_BOUND('',#6116,.F.);
#6116 = EDGE_LOOP('',(#6117,#6118,#6141,#6168));
#6117 = ORIENTED_EDGE('',*,*,#3443,.F.);
#6118 = ORIENTED_EDGE('',*,*,#6119,.F.);
#6119 = EDGE_CURVE('',#6120,#3421,#6122,.T.);
#6120 = VERTEX_POINT('',#6121);
#6121 = CARTESIAN_POINT('',(-25.05,-8.572527594031E-17,1.44));
#6122 = SEAM_CURVE('',#6123,(#6127,#6134),.PCURVE_S1.);
#6123 = LINE('',#6124,#6125);
#6124 = CARTESIAN_POINT('',(-25.05,-8.572527594031E-17,1.44));
#6125 = VECTOR('',#6126,1.);
#6126 = DIRECTION('',(0.,0.,1.));
#6127 = PCURVE('',#3458,#6128);
#6128 = DEFINITIONAL_REPRESENTATION('',(#6129),#6133);
#6129 = LINE('',#6130,#6131);
#6130 = CARTESIAN_POINT('',(6.28318530718,-0.));
#6131 = VECTOR('',#6132,1.);
#6132 = DIRECTION('',(0.,1.));
#6133 = ( GEOMETRIC_REPRESENTATION_CONTEXT(2) 
PARAMETRIC_REPRESENTATION_CONTEXT() REPRESENTATION_CONTEXT('2D SPACE',''
  ) );
#6134 = PCURVE('',#3458,#6135);
#6135 = DEFINITIONAL_REPRESENTATION('',(#6136),#6140);
#6136 = LINE('',#6137,#6138);
#6137 = CARTESIAN_POINT('',(0.,-0.));
#6138 = VECTOR('',#6139,1.);
#6139 = DIRECTION('',(0.,1.));
#6140 = ( GEOMETRIC_REPRESENTATION_CONTEXT(2) 
PARAMETRIC_REPRESENTATION_CONTEXT() REPRESENTATION_CONTEXT('2D SPACE',''
  ) );
#6141 = ORIENTED_EDGE('',*,*,#6142,.T.);
#6142 = EDGE_CURVE('',#6120,#6120,#6143,.T.);
#6143 = SURFACE_CURVE('',#6144,(#6149,#6156),.PCURVE_S1.);
#6144 = CIRCLE('',#6145,0.35);
#6145 = AXIS2_PLACEMENT_3D('',#6146,#6147,#6148);
#6146 = CARTESIAN_POINT('',(-25.4,0.,1.44));
#6147 = DIRECTION('',(0.,0.,1.));
#6148 = DIRECTION('',(1.,0.,0.));
#6149 = PCURVE('',#3458,#6150);
#6150 = DEFINITIONAL_REPRESENTATION('',(#6151),#6155);
#6151 = LINE('',#6152,#6153);
#6152 = CARTESIAN_POINT('',(0.,0.));
#6153 = VECTOR('',#6154,1.);
#6154 = DIRECTION('',(1.,0.));
#6155 = ( GEOMETRIC_REPRESENTATION_CONTEXT(2) 
PARAMETRIC_REPRESENTATION_CONTEXT() REPRESENTATION_CONTEXT('2D SPACE',''
  ) );
#6156 = PCURVE('',#6157,#6162);
#6157 = PLANE('',#6158);
#6158 = AXIS2_PLACEMENT_3D('',#6159,#6160,#6161);
#6159 = CARTESIAN_POINT('',(-25.4,0.,1.44));
#6160 = DIRECTION('',(0.,0.,1.));
#6161 = DIRECTION('',(1.,0.,0.));
#6162 = DEFINITIONAL_REPRESENTATION('',(#6163),#6167);
#6163 = CIRCLE('',#6164,0.35);
#6164 = AXIS2_PLACEMENT_2D('',#6165,#6166);
#6165 = CARTESIAN_POINT('',(0.,0.));
#6166 = DIRECTION('',(1.,0.));
#6167 = ( GEOMETRIC_REPRESENTATION_CONTEXT(2) 
PARAMETRIC_REPRESENTATION_CONTEXT() REPRESENTATION_CONTEXT('2D SPACE',''
  ) );
#6168 = ORIENTED_EDGE('',*,*,#6119,.T.);
#6169 = ADVANCED_FACE('',(#6170),#3511,.F.);
#6170 = FACE_BOUND('',#6171,.F.);
#6171 = EDGE_LOOP('',(#6172,#6173,#6196,#6223));
#6172 = ORIENTED_EDGE('',*,*,#3496,.F.);
#6173 = ORIENTED_EDGE('',*,*,#6174,.F.);
#6174 = EDGE_CURVE('',#6175,#3474,#6177,.T.);
#6175 = VERTEX_POINT('',#6176);
#6176 = CARTESIAN_POINT('',(-27.59,-8.572527594031E-17,1.44));
#6177 = SEAM_CURVE('',#6178,(#6182,#6189),.PCURVE_S1.);
#6178 = LINE('',#6179,#6180);
#6179 = CARTESIAN_POINT('',(-27.59,-8.572527594031E-17,1.44));
#6180 = VECTOR('',#6181,1.);
#6181 = DIRECTION('',(0.,0.,1.));
#6182 = PCURVE('',#3511,#6183);
#6183 = DEFINITIONAL_REPRESENTATION('',(#6184),#6188);
#6184 = LINE('',#6185,#6186);
#6185 = CARTESIAN_POINT('',(6.28318530718,-0.));
#6186 = VECTOR('',#6187,1.);
#6187 = DIRECTION('',(0.,1.));
#6188 = ( GEOMETRIC_REPRESENTATION_CONTEXT(2) 
PARAMETRIC_REPRESENTATION_CONTEXT() REPRESENTATION_CONTEXT('2D SPACE',''
  ) );
#6189 = PCURVE('',#3511,#6190);
#6190 = DEFINITIONAL_REPRESENTATION('',(#6191),#6195);
#6191 = LINE('',#6192,#6193);
#6192 = CARTESIAN_POINT('',(0.,-0.));
#6193 = VECTOR('',#6194,1.);
#6194 = DIRECTION('',(0.,1.));
#6195 = ( GEOMETRIC_REPRESENTATION_CONTEXT(2) 
PARAMETRIC_REPRESENTATION_CONTEXT() REPRESENTATION_CONTEXT('2D SPACE',''
  ) );
#6196 = ORIENTED_EDGE('',*,*,#6197,.T.);
#6197 = EDGE_CURVE('',#6175,#6175,#6198,.T.);
#6198 = SURFACE_CURVE('',#6199,(#6204,#6211),.PCURVE_S1.);
#6199 = CIRCLE('',#6200,0.35);
#6200 = AXIS2_PLACEMENT_3D('',#6201,#6202,#6203);
#6201 = CARTESIAN_POINT('',(-27.94,0.,1.44));
#6202 = DIRECTION('',(0.,0.,1.));
#6203 = DIRECTION('',(1.,0.,0.));
#6204 = PCURVE('',#3511,#6205);
#6205 = DEFINITIONAL_REPRESENTATION('',(#6206),#6210);
#6206 = LINE('',#6207,#6208);
#6207 = CARTESIAN_POINT('',(0.,0.));
#6208 = VECTOR('',#6209,1.);
#6209 = DIRECTION('',(1.,0.));
#6210 = ( GEOMETRIC_REPRESENTATION_CONTEXT(2) 
PARAMETRIC_REPRESENTATION_CONTEXT() REPRESENTATION_CONTEXT('2D SPACE',''
  ) );
#6211 = PCURVE('',#6212,#6217);
#6212 = PLANE('',#6213);
#6213 = AXIS2_PLACEMENT_3D('',#6214,#6215,#6216);
#6214 = CARTESIAN_POINT('',(-27.94,0.,1.44));
#6215 = DIRECTION('',(0.,0.,1.));
#6216 = DIRECTION('',(1.,0.,0.));
#6217 = DEFINITIONAL_REPRESENTATION('',(#6218),#6222);
#6218 = CIRCLE('',#6219,0.35);
#6219 = AXIS2_PLACEMENT_2D('',#6220,#6221);
#6220 = CARTESIAN_POINT('',(0.,0.));
#6221 = DIRECTION('',(1.,0.));
#6222 = ( GEOMETRIC_REPRESENTATION_CONTEXT(2) 
PARAMETRIC_REPRESENTATION_CONTEXT() REPRESENTATION_CONTEXT('2D SPACE',''
  ) );
#6223 = ORIENTED_EDGE('',*,*,#6174,.T.);
#6224 = ADVANCED_FACE('',(#6225),#3564,.F.);
#6225 = FACE_BOUND('',#6226,.F.);
#6226 = EDGE_LOOP('',(#6227,#6228,#6251,#6278));
#6227 = ORIENTED_EDGE('',*,*,#3549,.F.);
#6228 = ORIENTED_EDGE('',*,*,#6229,.F.);
#6229 = EDGE_CURVE('',#6230,#3527,#6232,.T.);
#6230 = VERTEX_POINT('',#6231);
#6231 = CARTESIAN_POINT('',(-27.59,2.54,1.44));
#6232 = SEAM_CURVE('',#6233,(#6237,#6244),.PCURVE_S1.);
#6233 = LINE('',#6234,#6235);
#6234 = CARTESIAN_POINT('',(-27.59,2.54,1.44));
#6235 = VECTOR('',#6236,1.);
#6236 = DIRECTION('',(0.,0.,1.));
#6237 = PCURVE('',#3564,#6238);
#6238 = DEFINITIONAL_REPRESENTATION('',(#6239),#6243);
#6239 = LINE('',#6240,#6241);
#6240 = CARTESIAN_POINT('',(6.28318530718,-0.));
#6241 = VECTOR('',#6242,1.);
#6242 = DIRECTION('',(0.,1.));
#6243 = ( GEOMETRIC_REPRESENTATION_CONTEXT(2) 
PARAMETRIC_REPRESENTATION_CONTEXT() REPRESENTATION_CONTEXT('2D SPACE',''
  ) );
#6244 = PCURVE('',#3564,#6245);
#6245 = DEFINITIONAL_REPRESENTATION('',(#6246),#6250);
#6246 = LINE('',#6247,#6248);
#6247 = CARTESIAN_POINT('',(0.,-0.));
#6248 = VECTOR('',#6249,1.);
#6249 = DIRECTION('',(0.,1.));
#6250 = ( GEOMETRIC_REPRESENTATION_CONTEXT(2) 
PARAMETRIC_REPRESENTATION_CONTEXT() REPRESENTATION_CONTEXT('2D SPACE',''
  ) );
#6251 = ORIENTED_EDGE('',*,*,#6252,.T.);
#6252 = EDGE_CURVE('',#6230,#6230,#6253,.T.);
#6253 = SURFACE_CURVE('',#6254,(#6259,#6266),.PCURVE_S1.);
#6254 = CIRCLE('',#6255,0.35);
#6255 = AXIS2_PLACEMENT_3D('',#6256,#6257,#6258);
#6256 = CARTESIAN_POINT('',(-27.94,2.54,1.44));
#6257 = DIRECTION('',(0.,0.,1.));
#6258 = DIRECTION('',(1.,0.,0.));
#6259 = PCURVE('',#3564,#6260);
#6260 = DEFINITIONAL_REPRESENTATION('',(#6261),#6265);
#6261 = LINE('',#6262,#6263);
#6262 = CARTESIAN_POINT('',(0.,0.));
#6263 = VECTOR('',#6264,1.);
#6264 = DIRECTION('',(1.,0.));
#6265 = ( GEOMETRIC_REPRESENTATION_CONTEXT(2) 
PARAMETRIC_REPRESENTATION_CONTEXT() REPRESENTATION_CONTEXT('2D SPACE',''
  ) );
#6266 = PCURVE('',#6267,#6272);
#6267 = PLANE('',#6268);
#6268 = AXIS2_PLACEMENT_3D('',#6269,#6270,#6271);
#6269 = CARTESIAN_POINT('',(-27.94,2.54,1.44));
#6270 = DIRECTION('',(0.,0.,1.));
#6271 = DIRECTION('',(1.,0.,0.));
#6272 = DEFINITIONAL_REPRESENTATION('',(#6273),#6277);
#6273 = CIRCLE('',#6274,0.35);
#6274 = AXIS2_PLACEMENT_2D('',#6275,#6276);
#6275 = CARTESIAN_POINT('',(0.,0.));
#6276 = DIRECTION('',(1.,0.));
#6277 = ( GEOMETRIC_REPRESENTATION_CONTEXT(2) 
PARAMETRIC_REPRESENTATION_CONTEXT() REPRESENTATION_CONTEXT('2D SPACE',''
  ) );
#6278 = ORIENTED_EDGE('',*,*,#6229,.T.);
#6279 = ADVANCED_FACE('',(#6280),#3617,.F.);
#6280 = FACE_BOUND('',#6281,.F.);
#6281 = EDGE_LOOP('',(#6282,#6283,#6306,#6333));
#6282 = ORIENTED_EDGE('',*,*,#3602,.F.);
#6283 = ORIENTED_EDGE('',*,*,#6284,.F.);
#6284 = EDGE_CURVE('',#6285,#3580,#6287,.T.);
#6285 = VERTEX_POINT('',#6286);
#6286 = CARTESIAN_POINT('',(-25.05,2.54,1.44));
#6287 = SEAM_CURVE('',#6288,(#6292,#6299),.PCURVE_S1.);
#6288 = LINE('',#6289,#6290);
#6289 = CARTESIAN_POINT('',(-25.05,2.54,1.44));
#6290 = VECTOR('',#6291,1.);
#6291 = DIRECTION('',(0.,0.,1.));
#6292 = PCURVE('',#3617,#6293);
#6293 = DEFINITIONAL_REPRESENTATION('',(#6294),#6298);
#6294 = LINE('',#6295,#6296);
#6295 = CARTESIAN_POINT('',(6.28318530718,-0.));
#6296 = VECTOR('',#6297,1.);
#6297 = DIRECTION('',(0.,1.));
#6298 = ( GEOMETRIC_REPRESENTATION_CONTEXT(2) 
PARAMETRIC_REPRESENTATION_CONTEXT() REPRESENTATION_CONTEXT('2D SPACE',''
  ) );
#6299 = PCURVE('',#3617,#6300);
#6300 = DEFINITIONAL_REPRESENTATION('',(#6301),#6305);
#6301 = LINE('',#6302,#6303);
#6302 = CARTESIAN_POINT('',(0.,-0.));
#6303 = VECTOR('',#6304,1.);
#6304 = DIRECTION('',(0.,1.));
#6305 = ( GEOMETRIC_REPRESENTATION_CONTEXT(2) 
PARAMETRIC_REPRESENTATION_CONTEXT() REPRESENTATION_CONTEXT('2D SPACE',''
  ) );
#6306 = ORIENTED_EDGE('',*,*,#6307,.T.);
#6307 = EDGE_CURVE('',#6285,#6285,#6308,.T.);
#6308 = SURFACE_CURVE('',#6309,(#6314,#6321),.PCURVE_S1.);
#6309 = CIRCLE('',#6310,0.35);
#6310 = AXIS2_PLACEMENT_3D('',#6311,#6312,#6313);
#6311 = CARTESIAN_POINT('',(-25.4,2.54,1.44));
#6312 = DIRECTION('',(0.,0.,1.));
#6313 = DIRECTION('',(1.,0.,0.));
#6314 = PCURVE('',#3617,#6315);
#6315 = DEFINITIONAL_REPRESENTATION('',(#6316),#6320);
#6316 = LINE('',#6317,#6318);
#6317 = CARTESIAN_POINT('',(0.,0.));
#6318 = VECTOR('',#6319,1.);
#6319 = DIRECTION('',(1.,0.));
#6320 = ( GEOMETRIC_REPRESENTATION_CONTEXT(2) 
PARAMETRIC_REPRESENTATION_CONTEXT() REPRESENTATION_CONTEXT('2D SPACE',''
  ) );
#6321 = PCURVE('',#6322,#6327);
#6322 = PLANE('',#6323);
#6323 = AXIS2_PLACEMENT_3D('',#6324,#6325,#6326);
#6324 = CARTESIAN_POINT('',(-25.4,2.54,1.44));
#6325 = DIRECTION('',(0.,0.,1.));
#6326 = DIRECTION('',(1.,0.,0.));
#6327 = DEFINITIONAL_REPRESENTATION('',(#6328),#6332);
#6328 = CIRCLE('',#6329,0.35);
#6329 = AXIS2_PLACEMENT_2D('',#6330,#6331);
#6330 = CARTESIAN_POINT('',(0.,0.));
#6331 = DIRECTION('',(1.,0.));
#6332 = ( GEOMETRIC_REPRESENTATION_CONTEXT(2) 
PARAMETRIC_REPRESENTATION_CONTEXT() REPRESENTATION_CONTEXT('2D SPACE',''
  ) );
#6333 = ORIENTED_EDGE('',*,*,#6284,.T.);
#6334 = ADVANCED_FACE('',(#6335),#3670,.F.);
#6335 = FACE_BOUND('',#6336,.F.);
#6336 = EDGE_LOOP('',(#6337,#6338,#6361,#6388));
#6337 = ORIENTED_EDGE('',*,*,#3655,.F.);
#6338 = ORIENTED_EDGE('',*,*,#6339,.F.);
#6339 = EDGE_CURVE('',#6340,#3633,#6342,.T.);
#6340 = VERTEX_POINT('',#6341);
#6341 = CARTESIAN_POINT('',(-32.67,2.54,1.44));
#6342 = SEAM_CURVE('',#6343,(#6347,#6354),.PCURVE_S1.);
#6343 = LINE('',#6344,#6345);
#6344 = CARTESIAN_POINT('',(-32.67,2.54,1.44));
#6345 = VECTOR('',#6346,1.);
#6346 = DIRECTION('',(0.,0.,1.));
#6347 = PCURVE('',#3670,#6348);
#6348 = DEFINITIONAL_REPRESENTATION('',(#6349),#6353);
#6349 = LINE('',#6350,#6351);
#6350 = CARTESIAN_POINT('',(6.28318530718,-0.));
#6351 = VECTOR('',#6352,1.);
#6352 = DIRECTION('',(0.,1.));
#6353 = ( GEOMETRIC_REPRESENTATION_CONTEXT(2) 
PARAMETRIC_REPRESENTATION_CONTEXT() REPRESENTATION_CONTEXT('2D SPACE',''
  ) );
#6354 = PCURVE('',#3670,#6355);
#6355 = DEFINITIONAL_REPRESENTATION('',(#6356),#6360);
#6356 = LINE('',#6357,#6358);
#6357 = CARTESIAN_POINT('',(0.,-0.));
#6358 = VECTOR('',#6359,1.);
#6359 = DIRECTION('',(0.,1.));
#6360 = ( GEOMETRIC_REPRESENTATION_CONTEXT(2) 
PARAMETRIC_REPRESENTATION_CONTEXT() REPRESENTATION_CONTEXT('2D SPACE',''
  ) );
#6361 = ORIENTED_EDGE('',*,*,#6362,.T.);
#6362 = EDGE_CURVE('',#6340,#6340,#6363,.T.);
#6363 = SURFACE_CURVE('',#6364,(#6369,#6376),.PCURVE_S1.);
#6364 = CIRCLE('',#6365,0.35);
#6365 = AXIS2_PLACEMENT_3D('',#6366,#6367,#6368);
#6366 = CARTESIAN_POINT('',(-33.02,2.54,1.44));
#6367 = DIRECTION('',(0.,0.,1.));
#6368 = DIRECTION('',(1.,0.,0.));
#6369 = PCURVE('',#3670,#6370);
#6370 = DEFINITIONAL_REPRESENTATION('',(#6371),#6375);
#6371 = LINE('',#6372,#6373);
#6372 = CARTESIAN_POINT('',(0.,0.));
#6373 = VECTOR('',#6374,1.);
#6374 = DIRECTION('',(1.,0.));
#6375 = ( GEOMETRIC_REPRESENTATION_CONTEXT(2) 
PARAMETRIC_REPRESENTATION_CONTEXT() REPRESENTATION_CONTEXT('2D SPACE',''
  ) );
#6376 = PCURVE('',#6377,#6382);
#6377 = PLANE('',#6378);
#6378 = AXIS2_PLACEMENT_3D('',#6379,#6380,#6381);
#6379 = CARTESIAN_POINT('',(-33.02,2.54,1.44));
#6380 = DIRECTION('',(0.,0.,1.));
#6381 = DIRECTION('',(1.,0.,0.));
#6382 = DEFINITIONAL_REPRESENTATION('',(#6383),#6387);
#6383 = CIRCLE('',#6384,0.35);
#6384 = AXIS2_PLACEMENT_2D('',#6385,#6386);
#6385 = CARTESIAN_POINT('',(0.,0.));
#6386 = DIRECTION('',(1.,0.));
#6387 = ( GEOMETRIC_REPRESENTATION_CONTEXT(2) 
PARAMETRIC_REPRESENTATION_CONTEXT() REPRESENTATION_CONTEXT('2D SPACE',''
  ) );
#6388 = ORIENTED_EDGE('',*,*,#6339,.T.);
#6389 = ADVANCED_FACE('',(#6390),#3723,.F.);
#6390 = FACE_BOUND('',#6391,.F.);
#6391 = EDGE_LOOP('',(#6392,#6393,#6416,#6443));
#6392 = ORIENTED_EDGE('',*,*,#3708,.F.);
#6393 = ORIENTED_EDGE('',*,*,#6394,.F.);
#6394 = EDGE_CURVE('',#6395,#3686,#6397,.T.);
#6395 = VERTEX_POINT('',#6396);
#6396 = CARTESIAN_POINT('',(-30.13,2.54,1.44));
#6397 = SEAM_CURVE('',#6398,(#6402,#6409),.PCURVE_S1.);
#6398 = LINE('',#6399,#6400);
#6399 = CARTESIAN_POINT('',(-30.13,2.54,1.44));
#6400 = VECTOR('',#6401,1.);
#6401 = DIRECTION('',(0.,0.,1.));
#6402 = PCURVE('',#3723,#6403);
#6403 = DEFINITIONAL_REPRESENTATION('',(#6404),#6408);
#6404 = LINE('',#6405,#6406);
#6405 = CARTESIAN_POINT('',(6.28318530718,-0.));
#6406 = VECTOR('',#6407,1.);
#6407 = DIRECTION('',(0.,1.));
#6408 = ( GEOMETRIC_REPRESENTATION_CONTEXT(2) 
PARAMETRIC_REPRESENTATION_CONTEXT() REPRESENTATION_CONTEXT('2D SPACE',''
  ) );
#6409 = PCURVE('',#3723,#6410);
#6410 = DEFINITIONAL_REPRESENTATION('',(#6411),#6415);
#6411 = LINE('',#6412,#6413);
#6412 = CARTESIAN_POINT('',(0.,-0.));
#6413 = VECTOR('',#6414,1.);
#6414 = DIRECTION('',(0.,1.));
#6415 = ( GEOMETRIC_REPRESENTATION_CONTEXT(2) 
PARAMETRIC_REPRESENTATION_CONTEXT() REPRESENTATION_CONTEXT('2D SPACE',''
  ) );
#6416 = ORIENTED_EDGE('',*,*,#6417,.T.);
#6417 = EDGE_CURVE('',#6395,#6395,#6418,.T.);
#6418 = SURFACE_CURVE('',#6419,(#6424,#6431),.PCURVE_S1.);
#6419 = CIRCLE('',#6420,0.35);
#6420 = AXIS2_PLACEMENT_3D('',#6421,#6422,#6423);
#6421 = CARTESIAN_POINT('',(-30.48,2.54,1.44));
#6422 = DIRECTION('',(0.,0.,1.));
#6423 = DIRECTION('',(1.,0.,0.));
#6424 = PCURVE('',#3723,#6425);
#6425 = DEFINITIONAL_REPRESENTATION('',(#6426),#6430);
#6426 = LINE('',#6427,#6428);
#6427 = CARTESIAN_POINT('',(0.,0.));
#6428 = VECTOR('',#6429,1.);
#6429 = DIRECTION('',(1.,0.));
#6430 = ( GEOMETRIC_REPRESENTATION_CONTEXT(2) 
PARAMETRIC_REPRESENTATION_CONTEXT() REPRESENTATION_CONTEXT('2D SPACE',''
  ) );
#6431 = PCURVE('',#6432,#6437);
#6432 = PLANE('',#6433);
#6433 = AXIS2_PLACEMENT_3D('',#6434,#6435,#6436);
#6434 = CARTESIAN_POINT('',(-30.48,2.54,1.44));
#6435 = DIRECTION('',(0.,0.,1.));
#6436 = DIRECTION('',(1.,0.,0.));
#6437 = DEFINITIONAL_REPRESENTATION('',(#6438),#6442);
#6438 = CIRCLE('',#6439,0.35);
#6439 = AXIS2_PLACEMENT_2D('',#6440,#6441);
#6440 = CARTESIAN_POINT('',(0.,0.));
#6441 = DIRECTION('',(1.,0.));
#6442 = ( GEOMETRIC_REPRESENTATION_CONTEXT(2) 
PARAMETRIC_REPRESENTATION_CONTEXT() REPRESENTATION_CONTEXT('2D SPACE',''
  ) );
#6443 = ORIENTED_EDGE('',*,*,#6394,.T.);
#6444 = ADVANCED_FACE('',(#6445),#3776,.F.);
#6445 = FACE_BOUND('',#6446,.F.);
#6446 = EDGE_LOOP('',(#6447,#6448,#6471,#6498));
#6447 = ORIENTED_EDGE('',*,*,#3761,.F.);
#6448 = ORIENTED_EDGE('',*,*,#6449,.F.);
#6449 = EDGE_CURVE('',#6450,#3739,#6452,.T.);
#6450 = VERTEX_POINT('',#6451);
#6451 = CARTESIAN_POINT('',(-30.13,-8.572527594031E-17,1.44));
#6452 = SEAM_CURVE('',#6453,(#6457,#6464),.PCURVE_S1.);
#6453 = LINE('',#6454,#6455);
#6454 = CARTESIAN_POINT('',(-30.13,-8.572527594031E-17,1.44));
#6455 = VECTOR('',#6456,1.);
#6456 = DIRECTION('',(0.,0.,1.));
#6457 = PCURVE('',#3776,#6458);
#6458 = DEFINITIONAL_REPRESENTATION('',(#6459),#6463);
#6459 = LINE('',#6460,#6461);
#6460 = CARTESIAN_POINT('',(6.28318530718,-0.));
#6461 = VECTOR('',#6462,1.);
#6462 = DIRECTION('',(0.,1.));
#6463 = ( GEOMETRIC_REPRESENTATION_CONTEXT(2) 
PARAMETRIC_REPRESENTATION_CONTEXT() REPRESENTATION_CONTEXT('2D SPACE',''
  ) );
#6464 = PCURVE('',#3776,#6465);
#6465 = DEFINITIONAL_REPRESENTATION('',(#6466),#6470);
#6466 = LINE('',#6467,#6468);
#6467 = CARTESIAN_POINT('',(0.,-0.));
#6468 = VECTOR('',#6469,1.);
#6469 = DIRECTION('',(0.,1.));
#6470 = ( GEOMETRIC_REPRESENTATION_CONTEXT(2) 
PARAMETRIC_REPRESENTATION_CONTEXT() REPRESENTATION_CONTEXT('2D SPACE',''
  ) );
#6471 = ORIENTED_EDGE('',*,*,#6472,.T.);
#6472 = EDGE_CURVE('',#6450,#6450,#6473,.T.);
#6473 = SURFACE_CURVE('',#6474,(#6479,#6486),.PCURVE_S1.);
#6474 = CIRCLE('',#6475,0.35);
#6475 = AXIS2_PLACEMENT_3D('',#6476,#6477,#6478);
#6476 = CARTESIAN_POINT('',(-30.48,0.,1.44));
#6477 = DIRECTION('',(0.,0.,1.));
#6478 = DIRECTION('',(1.,0.,0.));
#6479 = PCURVE('',#3776,#6480);
#6480 = DEFINITIONAL_REPRESENTATION('',(#6481),#6485);
#6481 = LINE('',#6482,#6483);
#6482 = CARTESIAN_POINT('',(0.,0.));
#6483 = VECTOR('',#6484,1.);
#6484 = DIRECTION('',(1.,0.));
#6485 = ( GEOMETRIC_REPRESENTATION_CONTEXT(2) 
PARAMETRIC_REPRESENTATION_CONTEXT() REPRESENTATION_CONTEXT('2D SPACE',''
  ) );
#6486 = PCURVE('',#6487,#6492);
#6487 = PLANE('',#6488);
#6488 = AXIS2_PLACEMENT_3D('',#6489,#6490,#6491);
#6489 = CARTESIAN_POINT('',(-30.48,0.,1.44));
#6490 = DIRECTION('',(0.,0.,1.));
#6491 = DIRECTION('',(1.,0.,0.));
#6492 = DEFINITIONAL_REPRESENTATION('',(#6493),#6497);
#6493 = CIRCLE('',#6494,0.35);
#6494 = AXIS2_PLACEMENT_2D('',#6495,#6496);
#6495 = CARTESIAN_POINT('',(0.,0.));
#6496 = DIRECTION('',(1.,0.));
#6497 = ( GEOMETRIC_REPRESENTATION_CONTEXT(2) 
PARAMETRIC_REPRESENTATION_CONTEXT() REPRESENTATION_CONTEXT('2D SPACE',''
  ) );
#6498 = ORIENTED_EDGE('',*,*,#6449,.T.);
#6499 = ADVANCED_FACE('',(#6500),#3829,.F.);
#6500 = FACE_BOUND('',#6501,.F.);
#6501 = EDGE_LOOP('',(#6502,#6503,#6526,#6553));
#6502 = ORIENTED_EDGE('',*,*,#3814,.F.);
#6503 = ORIENTED_EDGE('',*,*,#6504,.F.);
#6504 = EDGE_CURVE('',#6505,#3792,#6507,.T.);
#6505 = VERTEX_POINT('',#6506);
#6506 = CARTESIAN_POINT('',(-32.67,-8.572527594031E-17,1.44));
#6507 = SEAM_CURVE('',#6508,(#6512,#6519),.PCURVE_S1.);
#6508 = LINE('',#6509,#6510);
#6509 = CARTESIAN_POINT('',(-32.67,-8.572527594031E-17,1.44));
#6510 = VECTOR('',#6511,1.);
#6511 = DIRECTION('',(0.,0.,1.));
#6512 = PCURVE('',#3829,#6513);
#6513 = DEFINITIONAL_REPRESENTATION('',(#6514),#6518);
#6514 = LINE('',#6515,#6516);
#6515 = CARTESIAN_POINT('',(6.28318530718,-0.));
#6516 = VECTOR('',#6517,1.);
#6517 = DIRECTION('',(0.,1.));
#6518 = ( GEOMETRIC_REPRESENTATION_CONTEXT(2) 
PARAMETRIC_REPRESENTATION_CONTEXT() REPRESENTATION_CONTEXT('2D SPACE',''
  ) );
#6519 = PCURVE('',#3829,#6520);
#6520 = DEFINITIONAL_REPRESENTATION('',(#6521),#6525);
#6521 = LINE('',#6522,#6523);
#6522 = CARTESIAN_POINT('',(0.,-0.));
#6523 = VECTOR('',#6524,1.);
#6524 = DIRECTION('',(0.,1.));
#6525 = ( GEOMETRIC_REPRESENTATION_CONTEXT(2) 
PARAMETRIC_REPRESENTATION_CONTEXT() REPRESENTATION_CONTEXT('2D SPACE',''
  ) );
#6526 = ORIENTED_EDGE('',*,*,#6527,.T.);
#6527 = EDGE_CURVE('',#6505,#6505,#6528,.T.);
#6528 = SURFACE_CURVE('',#6529,(#6534,#6541),.PCURVE_S1.);
#6529 = CIRCLE('',#6530,0.35);
#6530 = AXIS2_PLACEMENT_3D('',#6531,#6532,#6533);
#6531 = CARTESIAN_POINT('',(-33.02,0.,1.44));
#6532 = DIRECTION('',(0.,0.,1.));
#6533 = DIRECTION('',(1.,0.,0.));
#6534 = PCURVE('',#3829,#6535);
#6535 = DEFINITIONAL_REPRESENTATION('',(#6536),#6540);
#6536 = LINE('',#6537,#6538);
#6537 = CARTESIAN_POINT('',(0.,0.));
#6538 = VECTOR('',#6539,1.);
#6539 = DIRECTION('',(1.,0.));
#6540 = ( GEOMETRIC_REPRESENTATION_CONTEXT(2) 
PARAMETRIC_REPRESENTATION_CONTEXT() REPRESENTATION_CONTEXT('2D SPACE',''
  ) );
#6541 = PCURVE('',#6542,#6547);
#6542 = PLANE('',#6543);
#6543 = AXIS2_PLACEMENT_3D('',#6544,#6545,#6546);
#6544 = CARTESIAN_POINT('',(-33.02,0.,1.44));
#6545 = DIRECTION('',(0.,0.,1.));
#6546 = DIRECTION('',(1.,0.,0.));
#6547 = DEFINITIONAL_REPRESENTATION('',(#6548),#6552);
#6548 = CIRCLE('',#6549,0.35);
#6549 = AXIS2_PLACEMENT_2D('',#6550,#6551);
#6550 = CARTESIAN_POINT('',(0.,0.));
#6551 = DIRECTION('',(1.,0.));
#6552 = ( GEOMETRIC_REPRESENTATION_CONTEXT(2) 
PARAMETRIC_REPRESENTATION_CONTEXT() REPRESENTATION_CONTEXT('2D SPACE',''
  ) );
#6553 = ORIENTED_EDGE('',*,*,#6504,.T.);
#6554 = ADVANCED_FACE('',(#6555),#3882,.F.);
#6555 = FACE_BOUND('',#6556,.F.);
#6556 = EDGE_LOOP('',(#6557,#6558,#6581,#6608));
#6557 = ORIENTED_EDGE('',*,*,#3867,.F.);
#6558 = ORIENTED_EDGE('',*,*,#6559,.F.);
#6559 = EDGE_CURVE('',#6560,#3845,#6562,.T.);
#6560 = VERTEX_POINT('',#6561);
#6561 = CARTESIAN_POINT('',(-22.51,-8.572527594031E-17,1.44));
#6562 = SEAM_CURVE('',#6563,(#6567,#6574),.PCURVE_S1.);
#6563 = LINE('',#6564,#6565);
#6564 = CARTESIAN_POINT('',(-22.51,-8.572527594031E-17,1.44));
#6565 = VECTOR('',#6566,1.);
#6566 = DIRECTION('',(0.,0.,1.));
#6567 = PCURVE('',#3882,#6568);
#6568 = DEFINITIONAL_REPRESENTATION('',(#6569),#6573);
#6569 = LINE('',#6570,#6571);
#6570 = CARTESIAN_POINT('',(6.28318530718,-0.));
#6571 = VECTOR('',#6572,1.);
#6572 = DIRECTION('',(0.,1.));
#6573 = ( GEOMETRIC_REPRESENTATION_CONTEXT(2) 
PARAMETRIC_REPRESENTATION_CONTEXT() REPRESENTATION_CONTEXT('2D SPACE',''
  ) );
#6574 = PCURVE('',#3882,#6575);
#6575 = DEFINITIONAL_REPRESENTATION('',(#6576),#6580);
#6576 = LINE('',#6577,#6578);
#6577 = CARTESIAN_POINT('',(0.,-0.));
#6578 = VECTOR('',#6579,1.);
#6579 = DIRECTION('',(0.,1.));
#6580 = ( GEOMETRIC_REPRESENTATION_CONTEXT(2) 
PARAMETRIC_REPRESENTATION_CONTEXT() REPRESENTATION_CONTEXT('2D SPACE',''
  ) );
#6581 = ORIENTED_EDGE('',*,*,#6582,.T.);
#6582 = EDGE_CURVE('',#6560,#6560,#6583,.T.);
#6583 = SURFACE_CURVE('',#6584,(#6589,#6596),.PCURVE_S1.);
#6584 = CIRCLE('',#6585,0.35);
#6585 = AXIS2_PLACEMENT_3D('',#6586,#6587,#6588);
#6586 = CARTESIAN_POINT('',(-22.86,0.,1.44));
#6587 = DIRECTION('',(0.,0.,1.));
#6588 = DIRECTION('',(1.,0.,0.));
#6589 = PCURVE('',#3882,#6590);
#6590 = DEFINITIONAL_REPRESENTATION('',(#6591),#6595);
#6591 = LINE('',#6592,#6593);
#6592 = CARTESIAN_POINT('',(0.,0.));
#6593 = VECTOR('',#6594,1.);
#6594 = DIRECTION('',(1.,0.));
#6595 = ( GEOMETRIC_REPRESENTATION_CONTEXT(2) 
PARAMETRIC_REPRESENTATION_CONTEXT() REPRESENTATION_CONTEXT('2D SPACE',''
  ) );
#6596 = PCURVE('',#6597,#6602);
#6597 = PLANE('',#6598);
#6598 = AXIS2_PLACEMENT_3D('',#6599,#6600,#6601);
#6599 = CARTESIAN_POINT('',(-22.86,0.,1.44));
#6600 = DIRECTION('',(0.,0.,1.));
#6601 = DIRECTION('',(1.,0.,0.));
#6602 = DEFINITIONAL_REPRESENTATION('',(#6603),#6607);
#6603 = CIRCLE('',#6604,0.35);
#6604 = AXIS2_PLACEMENT_2D('',#6605,#6606);
#6605 = CARTESIAN_POINT('',(0.,0.));
#6606 = DIRECTION('',(1.,0.));
#6607 = ( GEOMETRIC_REPRESENTATION_CONTEXT(2) 
PARAMETRIC_REPRESENTATION_CONTEXT() REPRESENTATION_CONTEXT('2D SPACE',''
  ) );
#6608 = ORIENTED_EDGE('',*,*,#6559,.T.);
#6609 = ADVANCED_FACE('',(#6610),#3935,.F.);
#6610 = FACE_BOUND('',#6611,.F.);
#6611 = EDGE_LOOP('',(#6612,#6613,#6636,#6663));
#6612 = ORIENTED_EDGE('',*,*,#3920,.F.);
#6613 = ORIENTED_EDGE('',*,*,#6614,.F.);
#6614 = EDGE_CURVE('',#6615,#3898,#6617,.T.);
#6615 = VERTEX_POINT('',#6616);
#6616 = CARTESIAN_POINT('',(-22.51,2.54,1.44));
#6617 = SEAM_CURVE('',#6618,(#6622,#6629),.PCURVE_S1.);
#6618 = LINE('',#6619,#6620);
#6619 = CARTESIAN_POINT('',(-22.51,2.54,1.44));
#6620 = VECTOR('',#6621,1.);
#6621 = DIRECTION('',(0.,0.,1.));
#6622 = PCURVE('',#3935,#6623);
#6623 = DEFINITIONAL_REPRESENTATION('',(#6624),#6628);
#6624 = LINE('',#6625,#6626);
#6625 = CARTESIAN_POINT('',(6.28318530718,-0.));
#6626 = VECTOR('',#6627,1.);
#6627 = DIRECTION('',(0.,1.));
#6628 = ( GEOMETRIC_REPRESENTATION_CONTEXT(2) 
PARAMETRIC_REPRESENTATION_CONTEXT() REPRESENTATION_CONTEXT('2D SPACE',''
  ) );
#6629 = PCURVE('',#3935,#6630);
#6630 = DEFINITIONAL_REPRESENTATION('',(#6631),#6635);
#6631 = LINE('',#6632,#6633);
#6632 = CARTESIAN_POINT('',(0.,-0.));
#6633 = VECTOR('',#6634,1.);
#6634 = DIRECTION('',(0.,1.));
#6635 = ( GEOMETRIC_REPRESENTATION_CONTEXT(2) 
PARAMETRIC_REPRESENTATION_CONTEXT() REPRESENTATION_CONTEXT('2D SPACE',''
  ) );
#6636 = ORIENTED_EDGE('',*,*,#6637,.T.);
#6637 = EDGE_CURVE('',#6615,#6615,#6638,.T.);
#6638 = SURFACE_CURVE('',#6639,(#6644,#6651),.PCURVE_S1.);
#6639 = CIRCLE('',#6640,0.35);
#6640 = AXIS2_PLACEMENT_3D('',#6641,#6642,#6643);
#6641 = CARTESIAN_POINT('',(-22.86,2.54,1.44));
#6642 = DIRECTION('',(0.,0.,1.));
#6643 = DIRECTION('',(1.,0.,0.));
#6644 = PCURVE('',#3935,#6645);
#6645 = DEFINITIONAL_REPRESENTATION('',(#6646),#6650);
#6646 = LINE('',#6647,#6648);
#6647 = CARTESIAN_POINT('',(0.,0.));
#6648 = VECTOR('',#6649,1.);
#6649 = DIRECTION('',(1.,0.));
#6650 = ( GEOMETRIC_REPRESENTATION_CONTEXT(2) 
PARAMETRIC_REPRESENTATION_CONTEXT() REPRESENTATION_CONTEXT('2D SPACE',''
  ) );
#6651 = PCURVE('',#6652,#6657);
#6652 = PLANE('',#6653);
#6653 = AXIS2_PLACEMENT_3D('',#6654,#6655,#6656);
#6654 = CARTESIAN_POINT('',(-22.86,2.54,1.44));
#6655 = DIRECTION('',(0.,0.,1.));
#6656 = DIRECTION('',(1.,0.,0.));
#6657 = DEFINITIONAL_REPRESENTATION('',(#6658),#6662);
#6658 = CIRCLE('',#6659,0.35);
#6659 = AXIS2_PLACEMENT_2D('',#6660,#6661);
#6660 = CARTESIAN_POINT('',(0.,0.));
#6661 = DIRECTION('',(1.,0.));
#6662 = ( GEOMETRIC_REPRESENTATION_CONTEXT(2) 
PARAMETRIC_REPRESENTATION_CONTEXT() REPRESENTATION_CONTEXT('2D SPACE',''
  ) );
#6663 = ORIENTED_EDGE('',*,*,#6614,.T.);
#6664 = ADVANCED_FACE('',(#6665),#3988,.F.);
#6665 = FACE_BOUND('',#6666,.F.);
#6666 = EDGE_LOOP('',(#6667,#6668,#6691,#6718));
#6667 = ORIENTED_EDGE('',*,*,#3973,.F.);
#6668 = ORIENTED_EDGE('',*,*,#6669,.F.);
#6669 = EDGE_CURVE('',#6670,#3951,#6672,.T.);
#6670 = VERTEX_POINT('',#6671);
#6671 = CARTESIAN_POINT('',(-58.07,-8.572527594031E-17,1.44));
#6672 = SEAM_CURVE('',#6673,(#6677,#6684),.PCURVE_S1.);
#6673 = LINE('',#6674,#6675);
#6674 = CARTESIAN_POINT('',(-58.07,-8.572527594031E-17,1.44));
#6675 = VECTOR('',#6676,1.);
#6676 = DIRECTION('',(0.,0.,1.));
#6677 = PCURVE('',#3988,#6678);
#6678 = DEFINITIONAL_REPRESENTATION('',(#6679),#6683);
#6679 = LINE('',#6680,#6681);
#6680 = CARTESIAN_POINT('',(6.28318530718,-0.));
#6681 = VECTOR('',#6682,1.);
#6682 = DIRECTION('',(0.,1.));
#6683 = ( GEOMETRIC_REPRESENTATION_CONTEXT(2) 
PARAMETRIC_REPRESENTATION_CONTEXT() REPRESENTATION_CONTEXT('2D SPACE',''
  ) );
#6684 = PCURVE('',#3988,#6685);
#6685 = DEFINITIONAL_REPRESENTATION('',(#6686),#6690);
#6686 = LINE('',#6687,#6688);
#6687 = CARTESIAN_POINT('',(0.,-0.));
#6688 = VECTOR('',#6689,1.);
#6689 = DIRECTION('',(0.,1.));
#6690 = ( GEOMETRIC_REPRESENTATION_CONTEXT(2) 
PARAMETRIC_REPRESENTATION_CONTEXT() REPRESENTATION_CONTEXT('2D SPACE',''
  ) );
#6691 = ORIENTED_EDGE('',*,*,#6692,.T.);
#6692 = EDGE_CURVE('',#6670,#6670,#6693,.T.);
#6693 = SURFACE_CURVE('',#6694,(#6699,#6706),.PCURVE_S1.);
#6694 = CIRCLE('',#6695,0.35);
#6695 = AXIS2_PLACEMENT_3D('',#6696,#6697,#6698);
#6696 = CARTESIAN_POINT('',(-58.42,0.,1.44));
#6697 = DIRECTION('',(0.,0.,1.));
#6698 = DIRECTION('',(1.,0.,0.));
#6699 = PCURVE('',#3988,#6700);
#6700 = DEFINITIONAL_REPRESENTATION('',(#6701),#6705);
#6701 = LINE('',#6702,#6703);
#6702 = CARTESIAN_POINT('',(0.,0.));
#6703 = VECTOR('',#6704,1.);
#6704 = DIRECTION('',(1.,0.));
#6705 = ( GEOMETRIC_REPRESENTATION_CONTEXT(2) 
PARAMETRIC_REPRESENTATION_CONTEXT() REPRESENTATION_CONTEXT('2D SPACE',''
  ) );
#6706 = PCURVE('',#6707,#6712);
#6707 = PLANE('',#6708);
#6708 = AXIS2_PLACEMENT_3D('',#6709,#6710,#6711);
#6709 = CARTESIAN_POINT('',(-58.42,0.,1.44));
#6710 = DIRECTION('',(0.,0.,1.));
#6711 = DIRECTION('',(1.,0.,0.));
#6712 = DEFINITIONAL_REPRESENTATION('',(#6713),#6717);
#6713 = CIRCLE('',#6714,0.35);
#6714 = AXIS2_PLACEMENT_2D('',#6715,#6716);
#6715 = CARTESIAN_POINT('',(0.,0.));
#6716 = DIRECTION('',(1.,0.));
#6717 = ( GEOMETRIC_REPRESENTATION_CONTEXT(2) 
PARAMETRIC_REPRESENTATION_CONTEXT() REPRESENTATION_CONTEXT('2D SPACE',''
  ) );
#6718 = ORIENTED_EDGE('',*,*,#6669,.T.);
#6719 = ADVANCED_FACE('',(#6720),#4041,.F.);
#6720 = FACE_BOUND('',#6721,.F.);
#6721 = EDGE_LOOP('',(#6722,#6723,#6746,#6773));
#6722 = ORIENTED_EDGE('',*,*,#4026,.F.);
#6723 = ORIENTED_EDGE('',*,*,#6724,.F.);
#6724 = EDGE_CURVE('',#6725,#4004,#6727,.T.);
#6725 = VERTEX_POINT('',#6726);
#6726 = CARTESIAN_POINT('',(-55.53,-8.572527594031E-17,1.44));
#6727 = SEAM_CURVE('',#6728,(#6732,#6739),.PCURVE_S1.);
#6728 = LINE('',#6729,#6730);
#6729 = CARTESIAN_POINT('',(-55.53,-8.572527594031E-17,1.44));
#6730 = VECTOR('',#6731,1.);
#6731 = DIRECTION('',(0.,0.,1.));
#6732 = PCURVE('',#4041,#6733);
#6733 = DEFINITIONAL_REPRESENTATION('',(#6734),#6738);
#6734 = LINE('',#6735,#6736);
#6735 = CARTESIAN_POINT('',(6.28318530718,-0.));
#6736 = VECTOR('',#6737,1.);
#6737 = DIRECTION('',(0.,1.));
#6738 = ( GEOMETRIC_REPRESENTATION_CONTEXT(2) 
PARAMETRIC_REPRESENTATION_CONTEXT() REPRESENTATION_CONTEXT('2D SPACE',''
  ) );
#6739 = PCURVE('',#4041,#6740);
#6740 = DEFINITIONAL_REPRESENTATION('',(#6741),#6745);
#6741 = LINE('',#6742,#6743);
#6742 = CARTESIAN_POINT('',(0.,-0.));
#6743 = VECTOR('',#6744,1.);
#6744 = DIRECTION('',(0.,1.));
#6745 = ( GEOMETRIC_REPRESENTATION_CONTEXT(2) 
PARAMETRIC_REPRESENTATION_CONTEXT() REPRESENTATION_CONTEXT('2D SPACE',''
  ) );
#6746 = ORIENTED_EDGE('',*,*,#6747,.T.);
#6747 = EDGE_CURVE('',#6725,#6725,#6748,.T.);
#6748 = SURFACE_CURVE('',#6749,(#6754,#6761),.PCURVE_S1.);
#6749 = CIRCLE('',#6750,0.35);
#6750 = AXIS2_PLACEMENT_3D('',#6751,#6752,#6753);
#6751 = CARTESIAN_POINT('',(-55.88,0.,1.44));
#6752 = DIRECTION('',(0.,0.,1.));
#6753 = DIRECTION('',(1.,0.,0.));
#6754 = PCURVE('',#4041,#6755);
#6755 = DEFINITIONAL_REPRESENTATION('',(#6756),#6760);
#6756 = LINE('',#6757,#6758);
#6757 = CARTESIAN_POINT('',(0.,0.));
#6758 = VECTOR('',#6759,1.);
#6759 = DIRECTION('',(1.,0.));
#6760 = ( GEOMETRIC_REPRESENTATION_CONTEXT(2) 
PARAMETRIC_REPRESENTATION_CONTEXT() REPRESENTATION_CONTEXT('2D SPACE',''
  ) );
#6761 = PCURVE('',#6762,#6767);
#6762 = PLANE('',#6763);
#6763 = AXIS2_PLACEMENT_3D('',#6764,#6765,#6766);
#6764 = CARTESIAN_POINT('',(-55.88,0.,1.44));
#6765 = DIRECTION('',(0.,0.,1.));
#6766 = DIRECTION('',(1.,0.,0.));
#6767 = DEFINITIONAL_REPRESENTATION('',(#6768),#6772);
#6768 = CIRCLE('',#6769,0.35);
#6769 = AXIS2_PLACEMENT_2D('',#6770,#6771);
#6770 = CARTESIAN_POINT('',(0.,0.));
#6771 = DIRECTION('',(1.,0.));
#6772 = ( GEOMETRIC_REPRESENTATION_CONTEXT(2) 
PARAMETRIC_REPRESENTATION_CONTEXT() REPRESENTATION_CONTEXT('2D SPACE',''
  ) );
#6773 = ORIENTED_EDGE('',*,*,#6724,.T.);
#6774 = ADVANCED_FACE('',(#6775),#4094,.F.);
#6775 = FACE_BOUND('',#6776,.F.);
#6776 = EDGE_LOOP('',(#6777,#6778,#6801,#6828));
#6777 = ORIENTED_EDGE('',*,*,#4079,.F.);
#6778 = ORIENTED_EDGE('',*,*,#6779,.F.);
#6779 = EDGE_CURVE('',#6780,#4057,#6782,.T.);
#6780 = VERTEX_POINT('',#6781);
#6781 = CARTESIAN_POINT('',(-55.53,2.54,1.44));
#6782 = SEAM_CURVE('',#6783,(#6787,#6794),.PCURVE_S1.);
#6783 = LINE('',#6784,#6785);
#6784 = CARTESIAN_POINT('',(-55.53,2.54,1.44));
#6785 = VECTOR('',#6786,1.);
#6786 = DIRECTION('',(0.,0.,1.));
#6787 = PCURVE('',#4094,#6788);
#6788 = DEFINITIONAL_REPRESENTATION('',(#6789),#6793);
#6789 = LINE('',#6790,#6791);
#6790 = CARTESIAN_POINT('',(6.28318530718,-0.));
#6791 = VECTOR('',#6792,1.);
#6792 = DIRECTION('',(0.,1.));
#6793 = ( GEOMETRIC_REPRESENTATION_CONTEXT(2) 
PARAMETRIC_REPRESENTATION_CONTEXT() REPRESENTATION_CONTEXT('2D SPACE',''
  ) );
#6794 = PCURVE('',#4094,#6795);
#6795 = DEFINITIONAL_REPRESENTATION('',(#6796),#6800);
#6796 = LINE('',#6797,#6798);
#6797 = CARTESIAN_POINT('',(0.,-0.));
#6798 = VECTOR('',#6799,1.);
#6799 = DIRECTION('',(0.,1.));
#6800 = ( GEOMETRIC_REPRESENTATION_CONTEXT(2) 
PARAMETRIC_REPRESENTATION_CONTEXT() REPRESENTATION_CONTEXT('2D SPACE',''
  ) );
#6801 = ORIENTED_EDGE('',*,*,#6802,.T.);
#6802 = EDGE_CURVE('',#6780,#6780,#6803,.T.);
#6803 = SURFACE_CURVE('',#6804,(#6809,#6816),.PCURVE_S1.);
#6804 = CIRCLE('',#6805,0.35);
#6805 = AXIS2_PLACEMENT_3D('',#6806,#6807,#6808);
#6806 = CARTESIAN_POINT('',(-55.88,2.54,1.44));
#6807 = DIRECTION('',(0.,0.,1.));
#6808 = DIRECTION('',(1.,0.,0.));
#6809 = PCURVE('',#4094,#6810);
#6810 = DEFINITIONAL_REPRESENTATION('',(#6811),#6815);
#6811 = LINE('',#6812,#6813);
#6812 = CARTESIAN_POINT('',(0.,0.));
#6813 = VECTOR('',#6814,1.);
#6814 = DIRECTION('',(1.,0.));
#6815 = ( GEOMETRIC_REPRESENTATION_CONTEXT(2) 
PARAMETRIC_REPRESENTATION_CONTEXT() REPRESENTATION_CONTEXT('2D SPACE',''
  ) );
#6816 = PCURVE('',#6817,#6822);
#6817 = PLANE('',#6818);
#6818 = AXIS2_PLACEMENT_3D('',#6819,#6820,#6821);
#6819 = CARTESIAN_POINT('',(-55.88,2.54,1.44));
#6820 = DIRECTION('',(0.,0.,1.));
#6821 = DIRECTION('',(1.,0.,0.));
#6822 = DEFINITIONAL_REPRESENTATION('',(#6823),#6827);
#6823 = CIRCLE('',#6824,0.35);
#6824 = AXIS2_PLACEMENT_2D('',#6825,#6826);
#6825 = CARTESIAN_POINT('',(0.,0.));
#6826 = DIRECTION('',(1.,0.));
#6827 = ( GEOMETRIC_REPRESENTATION_CONTEXT(2) 
PARAMETRIC_REPRESENTATION_CONTEXT() REPRESENTATION_CONTEXT('2D SPACE',''
  ) );
#6828 = ORIENTED_EDGE('',*,*,#6779,.T.);
#6829 = ADVANCED_FACE('',(#6830),#4147,.F.);
#6830 = FACE_BOUND('',#6831,.F.);
#6831 = EDGE_LOOP('',(#6832,#6833,#6856,#6883));
#6832 = ORIENTED_EDGE('',*,*,#4132,.F.);
#6833 = ORIENTED_EDGE('',*,*,#6834,.F.);
#6834 = EDGE_CURVE('',#6835,#4110,#6837,.T.);
#6835 = VERTEX_POINT('',#6836);
#6836 = CARTESIAN_POINT('',(-58.07,2.54,1.44));
#6837 = SEAM_CURVE('',#6838,(#6842,#6849),.PCURVE_S1.);
#6838 = LINE('',#6839,#6840);
#6839 = CARTESIAN_POINT('',(-58.07,2.54,1.44));
#6840 = VECTOR('',#6841,1.);
#6841 = DIRECTION('',(0.,0.,1.));
#6842 = PCURVE('',#4147,#6843);
#6843 = DEFINITIONAL_REPRESENTATION('',(#6844),#6848);
#6844 = LINE('',#6845,#6846);
#6845 = CARTESIAN_POINT('',(6.28318530718,-0.));
#6846 = VECTOR('',#6847,1.);
#6847 = DIRECTION('',(0.,1.));
#6848 = ( GEOMETRIC_REPRESENTATION_CONTEXT(2) 
PARAMETRIC_REPRESENTATION_CONTEXT() REPRESENTATION_CONTEXT('2D SPACE',''
  ) );
#6849 = PCURVE('',#4147,#6850);
#6850 = DEFINITIONAL_REPRESENTATION('',(#6851),#6855);
#6851 = LINE('',#6852,#6853);
#6852 = CARTESIAN_POINT('',(0.,-0.));
#6853 = VECTOR('',#6854,1.);
#6854 = DIRECTION('',(0.,1.));
#6855 = ( GEOMETRIC_REPRESENTATION_CONTEXT(2) 
PARAMETRIC_REPRESENTATION_CONTEXT() REPRESENTATION_CONTEXT('2D SPACE',''
  ) );
#6856 = ORIENTED_EDGE('',*,*,#6857,.T.);
#6857 = EDGE_CURVE('',#6835,#6835,#6858,.T.);
#6858 = SURFACE_CURVE('',#6859,(#6864,#6871),.PCURVE_S1.);
#6859 = CIRCLE('',#6860,0.35);
#6860 = AXIS2_PLACEMENT_3D('',#6861,#6862,#6863);
#6861 = CARTESIAN_POINT('',(-58.42,2.54,1.44));
#6862 = DIRECTION('',(0.,0.,1.));
#6863 = DIRECTION('',(1.,0.,0.));
#6864 = PCURVE('',#4147,#6865);
#6865 = DEFINITIONAL_REPRESENTATION('',(#6866),#6870);
#6866 = LINE('',#6867,#6868);
#6867 = CARTESIAN_POINT('',(0.,0.));
#6868 = VECTOR('',#6869,1.);
#6869 = DIRECTION('',(1.,0.));
#6870 = ( GEOMETRIC_REPRESENTATION_CONTEXT(2) 
PARAMETRIC_REPRESENTATION_CONTEXT() REPRESENTATION_CONTEXT('2D SPACE',''
  ) );
#6871 = PCURVE('',#6872,#6877);
#6872 = PLANE('',#6873);
#6873 = AXIS2_PLACEMENT_3D('',#6874,#6875,#6876);
#6874 = CARTESIAN_POINT('',(-58.42,2.54,1.44));
#6875 = DIRECTION('',(0.,0.,1.));
#6876 = DIRECTION('',(1.,0.,0.));
#6877 = DEFINITIONAL_REPRESENTATION('',(#6878),#6882);
#6878 = CIRCLE('',#6879,0.35);
#6879 = AXIS2_PLACEMENT_2D('',#6880,#6881);
#6880 = CARTESIAN_POINT('',(0.,0.));
#6881 = DIRECTION('',(1.,0.));
#6882 = ( GEOMETRIC_REPRESENTATION_CONTEXT(2) 
PARAMETRIC_REPRESENTATION_CONTEXT() REPRESENTATION_CONTEXT('2D SPACE',''
  ) );
#6883 = ORIENTED_EDGE('',*,*,#6834,.T.);
#6884 = ADVANCED_FACE('',(#6885),#4200,.F.);
#6885 = FACE_BOUND('',#6886,.F.);
#6886 = EDGE_LOOP('',(#6887,#6888,#6911,#6938));
#6887 = ORIENTED_EDGE('',*,*,#4185,.F.);
#6888 = ORIENTED_EDGE('',*,*,#6889,.F.);
#6889 = EDGE_CURVE('',#6890,#4163,#6892,.T.);
#6890 = VERTEX_POINT('',#6891);
#6891 = CARTESIAN_POINT('',(-50.45,2.54,1.44));
#6892 = SEAM_CURVE('',#6893,(#6897,#6904),.PCURVE_S1.);
#6893 = LINE('',#6894,#6895);
#6894 = CARTESIAN_POINT('',(-50.45,2.54,1.44));
#6895 = VECTOR('',#6896,1.);
#6896 = DIRECTION('',(0.,0.,1.));
#6897 = PCURVE('',#4200,#6898);
#6898 = DEFINITIONAL_REPRESENTATION('',(#6899),#6903);
#6899 = LINE('',#6900,#6901);
#6900 = CARTESIAN_POINT('',(6.28318530718,-0.));
#6901 = VECTOR('',#6902,1.);
#6902 = DIRECTION('',(0.,1.));
#6903 = ( GEOMETRIC_REPRESENTATION_CONTEXT(2) 
PARAMETRIC_REPRESENTATION_CONTEXT() REPRESENTATION_CONTEXT('2D SPACE',''
  ) );
#6904 = PCURVE('',#4200,#6905);
#6905 = DEFINITIONAL_REPRESENTATION('',(#6906),#6910);
#6906 = LINE('',#6907,#6908);
#6907 = CARTESIAN_POINT('',(0.,-0.));
#6908 = VECTOR('',#6909,1.);
#6909 = DIRECTION('',(0.,1.));
#6910 = ( GEOMETRIC_REPRESENTATION_CONTEXT(2) 
PARAMETRIC_REPRESENTATION_CONTEXT() REPRESENTATION_CONTEXT('2D SPACE',''
  ) );
#6911 = ORIENTED_EDGE('',*,*,#6912,.T.);
#6912 = EDGE_CURVE('',#6890,#6890,#6913,.T.);
#6913 = SURFACE_CURVE('',#6914,(#6919,#6926),.PCURVE_S1.);
#6914 = CIRCLE('',#6915,0.35);
#6915 = AXIS2_PLACEMENT_3D('',#6916,#6917,#6918);
#6916 = CARTESIAN_POINT('',(-50.8,2.54,1.44));
#6917 = DIRECTION('',(0.,0.,1.));
#6918 = DIRECTION('',(1.,0.,0.));
#6919 = PCURVE('',#4200,#6920);
#6920 = DEFINITIONAL_REPRESENTATION('',(#6921),#6925);
#6921 = LINE('',#6922,#6923);
#6922 = CARTESIAN_POINT('',(0.,0.));
#6923 = VECTOR('',#6924,1.);
#6924 = DIRECTION('',(1.,0.));
#6925 = ( GEOMETRIC_REPRESENTATION_CONTEXT(2) 
PARAMETRIC_REPRESENTATION_CONTEXT() REPRESENTATION_CONTEXT('2D SPACE',''
  ) );
#6926 = PCURVE('',#6927,#6932);
#6927 = PLANE('',#6928);
#6928 = AXIS2_PLACEMENT_3D('',#6929,#6930,#6931);
#6929 = CARTESIAN_POINT('',(-50.8,2.54,1.44));
#6930 = DIRECTION('',(0.,0.,1.));
#6931 = DIRECTION('',(1.,0.,0.));
#6932 = DEFINITIONAL_REPRESENTATION('',(#6933),#6937);
#6933 = CIRCLE('',#6934,0.35);
#6934 = AXIS2_PLACEMENT_2D('',#6935,#6936);
#6935 = CARTESIAN_POINT('',(0.,0.));
#6936 = DIRECTION('',(1.,0.));
#6937 = ( GEOMETRIC_REPRESENTATION_CONTEXT(2) 
PARAMETRIC_REPRESENTATION_CONTEXT() REPRESENTATION_CONTEXT('2D SPACE',''
  ) );
#6938 = ORIENTED_EDGE('',*,*,#6889,.T.);
#6939 = ADVANCED_FACE('',(#6940),#4253,.F.);
#6940 = FACE_BOUND('',#6941,.F.);
#6941 = EDGE_LOOP('',(#6942,#6943,#6966,#6993));
#6942 = ORIENTED_EDGE('',*,*,#4238,.F.);
#6943 = ORIENTED_EDGE('',*,*,#6944,.F.);
#6944 = EDGE_CURVE('',#6945,#4216,#6947,.T.);
#6945 = VERTEX_POINT('',#6946);
#6946 = CARTESIAN_POINT('',(-50.45,-8.572527594031E-17,1.44));
#6947 = SEAM_CURVE('',#6948,(#6952,#6959),.PCURVE_S1.);
#6948 = LINE('',#6949,#6950);
#6949 = CARTESIAN_POINT('',(-50.45,-8.572527594031E-17,1.44));
#6950 = VECTOR('',#6951,1.);
#6951 = DIRECTION('',(0.,0.,1.));
#6952 = PCURVE('',#4253,#6953);
#6953 = DEFINITIONAL_REPRESENTATION('',(#6954),#6958);
#6954 = LINE('',#6955,#6956);
#6955 = CARTESIAN_POINT('',(6.28318530718,-0.));
#6956 = VECTOR('',#6957,1.);
#6957 = DIRECTION('',(0.,1.));
#6958 = ( GEOMETRIC_REPRESENTATION_CONTEXT(2) 
PARAMETRIC_REPRESENTATION_CONTEXT() REPRESENTATION_CONTEXT('2D SPACE',''
  ) );
#6959 = PCURVE('',#4253,#6960);
#6960 = DEFINITIONAL_REPRESENTATION('',(#6961),#6965);
#6961 = LINE('',#6962,#6963);
#6962 = CARTESIAN_POINT('',(0.,-0.));
#6963 = VECTOR('',#6964,1.);
#6964 = DIRECTION('',(0.,1.));
#6965 = ( GEOMETRIC_REPRESENTATION_CONTEXT(2) 
PARAMETRIC_REPRESENTATION_CONTEXT() REPRESENTATION_CONTEXT('2D SPACE',''
  ) );
#6966 = ORIENTED_EDGE('',*,*,#6967,.T.);
#6967 = EDGE_CURVE('',#6945,#6945,#6968,.T.);
#6968 = SURFACE_CURVE('',#6969,(#6974,#6981),.PCURVE_S1.);
#6969 = CIRCLE('',#6970,0.35);
#6970 = AXIS2_PLACEMENT_3D('',#6971,#6972,#6973);
#6971 = CARTESIAN_POINT('',(-50.8,0.,1.44));
#6972 = DIRECTION('',(0.,0.,1.));
#6973 = DIRECTION('',(1.,0.,0.));
#6974 = PCURVE('',#4253,#6975);
#6975 = DEFINITIONAL_REPRESENTATION('',(#6976),#6980);
#6976 = LINE('',#6977,#6978);
#6977 = CARTESIAN_POINT('',(0.,0.));
#6978 = VECTOR('',#6979,1.);
#6979 = DIRECTION('',(1.,0.));
#6980 = ( GEOMETRIC_REPRESENTATION_CONTEXT(2) 
PARAMETRIC_REPRESENTATION_CONTEXT() REPRESENTATION_CONTEXT('2D SPACE',''
  ) );
#6981 = PCURVE('',#6982,#6987);
#6982 = PLANE('',#6983);
#6983 = AXIS2_PLACEMENT_3D('',#6984,#6985,#6986);
#6984 = CARTESIAN_POINT('',(-50.8,0.,1.44));
#6985 = DIRECTION('',(0.,0.,1.));
#6986 = DIRECTION('',(1.,0.,0.));
#6987 = DEFINITIONAL_REPRESENTATION('',(#6988),#6992);
#6988 = CIRCLE('',#6989,0.35);
#6989 = AXIS2_PLACEMENT_2D('',#6990,#6991);
#6990 = CARTESIAN_POINT('',(0.,0.));
#6991 = DIRECTION('',(1.,0.));
#6992 = ( GEOMETRIC_REPRESENTATION_CONTEXT(2) 
PARAMETRIC_REPRESENTATION_CONTEXT() REPRESENTATION_CONTEXT('2D SPACE',''
  ) );
#6993 = ORIENTED_EDGE('',*,*,#6944,.T.);
#6994 = ADVANCED_FACE('',(#6995),#4306,.F.);
#6995 = FACE_BOUND('',#6996,.F.);
#6996 = EDGE_LOOP('',(#6997,#6998,#7021,#7048));
#6997 = ORIENTED_EDGE('',*,*,#4291,.F.);
#6998 = ORIENTED_EDGE('',*,*,#6999,.F.);
#6999 = EDGE_CURVE('',#7000,#4269,#7002,.T.);
#7000 = VERTEX_POINT('',#7001);
#7001 = CARTESIAN_POINT('',(-52.99,-8.572527594031E-17,1.44));
#7002 = SEAM_CURVE('',#7003,(#7007,#7014),.PCURVE_S1.);
#7003 = LINE('',#7004,#7005);
#7004 = CARTESIAN_POINT('',(-52.99,-8.572527594031E-17,1.44));
#7005 = VECTOR('',#7006,1.);
#7006 = DIRECTION('',(0.,0.,1.));
#7007 = PCURVE('',#4306,#7008);
#7008 = DEFINITIONAL_REPRESENTATION('',(#7009),#7013);
#7009 = LINE('',#7010,#7011);
#7010 = CARTESIAN_POINT('',(6.28318530718,-0.));
#7011 = VECTOR('',#7012,1.);
#7012 = DIRECTION('',(0.,1.));
#7013 = ( GEOMETRIC_REPRESENTATION_CONTEXT(2) 
PARAMETRIC_REPRESENTATION_CONTEXT() REPRESENTATION_CONTEXT('2D SPACE',''
  ) );
#7014 = PCURVE('',#4306,#7015);
#7015 = DEFINITIONAL_REPRESENTATION('',(#7016),#7020);
#7016 = LINE('',#7017,#7018);
#7017 = CARTESIAN_POINT('',(0.,-0.));
#7018 = VECTOR('',#7019,1.);
#7019 = DIRECTION('',(0.,1.));
#7020 = ( GEOMETRIC_REPRESENTATION_CONTEXT(2) 
PARAMETRIC_REPRESENTATION_CONTEXT() REPRESENTATION_CONTEXT('2D SPACE',''
  ) );
#7021 = ORIENTED_EDGE('',*,*,#7022,.T.);
#7022 = EDGE_CURVE('',#7000,#7000,#7023,.T.);
#7023 = SURFACE_CURVE('',#7024,(#7029,#7036),.PCURVE_S1.);
#7024 = CIRCLE('',#7025,0.35);
#7025 = AXIS2_PLACEMENT_3D('',#7026,#7027,#7028);
#7026 = CARTESIAN_POINT('',(-53.34,0.,1.44));
#7027 = DIRECTION('',(0.,0.,1.));
#7028 = DIRECTION('',(1.,0.,0.));
#7029 = PCURVE('',#4306,#7030);
#7030 = DEFINITIONAL_REPRESENTATION('',(#7031),#7035);
#7031 = LINE('',#7032,#7033);
#7032 = CARTESIAN_POINT('',(0.,0.));
#7033 = VECTOR('',#7034,1.);
#7034 = DIRECTION('',(1.,0.));
#7035 = ( GEOMETRIC_REPRESENTATION_CONTEXT(2) 
PARAMETRIC_REPRESENTATION_CONTEXT() REPRESENTATION_CONTEXT('2D SPACE',''
  ) );
#7036 = PCURVE('',#7037,#7042);
#7037 = PLANE('',#7038);
#7038 = AXIS2_PLACEMENT_3D('',#7039,#7040,#7041);
#7039 = CARTESIAN_POINT('',(-53.34,0.,1.44));
#7040 = DIRECTION('',(0.,0.,1.));
#7041 = DIRECTION('',(1.,0.,0.));
#7042 = DEFINITIONAL_REPRESENTATION('',(#7043),#7047);
#7043 = CIRCLE('',#7044,0.35);
#7044 = AXIS2_PLACEMENT_2D('',#7045,#7046);
#7045 = CARTESIAN_POINT('',(0.,0.));
#7046 = DIRECTION('',(1.,0.));
#7047 = ( GEOMETRIC_REPRESENTATION_CONTEXT(2) 
PARAMETRIC_REPRESENTATION_CONTEXT() REPRESENTATION_CONTEXT('2D SPACE',''
  ) );
#7048 = ORIENTED_EDGE('',*,*,#6999,.T.);
#7049 = ADVANCED_FACE('',(#7050),#4359,.F.);
#7050 = FACE_BOUND('',#7051,.F.);
#7051 = EDGE_LOOP('',(#7052,#7053,#7076,#7103));
#7052 = ORIENTED_EDGE('',*,*,#4344,.F.);
#7053 = ORIENTED_EDGE('',*,*,#7054,.F.);
#7054 = EDGE_CURVE('',#7055,#4322,#7057,.T.);
#7055 = VERTEX_POINT('',#7056);
#7056 = CARTESIAN_POINT('',(-52.99,2.54,1.44));
#7057 = SEAM_CURVE('',#7058,(#7062,#7069),.PCURVE_S1.);
#7058 = LINE('',#7059,#7060);
#7059 = CARTESIAN_POINT('',(-52.99,2.54,1.44));
#7060 = VECTOR('',#7061,1.);
#7061 = DIRECTION('',(0.,0.,1.));
#7062 = PCURVE('',#4359,#7063);
#7063 = DEFINITIONAL_REPRESENTATION('',(#7064),#7068);
#7064 = LINE('',#7065,#7066);
#7065 = CARTESIAN_POINT('',(6.28318530718,-0.));
#7066 = VECTOR('',#7067,1.);
#7067 = DIRECTION('',(0.,1.));
#7068 = ( GEOMETRIC_REPRESENTATION_CONTEXT(2) 
PARAMETRIC_REPRESENTATION_CONTEXT() REPRESENTATION_CONTEXT('2D SPACE',''
  ) );
#7069 = PCURVE('',#4359,#7070);
#7070 = DEFINITIONAL_REPRESENTATION('',(#7071),#7075);
#7071 = LINE('',#7072,#7073);
#7072 = CARTESIAN_POINT('',(0.,-0.));
#7073 = VECTOR('',#7074,1.);
#7074 = DIRECTION('',(0.,1.));
#7075 = ( GEOMETRIC_REPRESENTATION_CONTEXT(2) 
PARAMETRIC_REPRESENTATION_CONTEXT() REPRESENTATION_CONTEXT('2D SPACE',''
  ) );
#7076 = ORIENTED_EDGE('',*,*,#7077,.T.);
#7077 = EDGE_CURVE('',#7055,#7055,#7078,.T.);
#7078 = SURFACE_CURVE('',#7079,(#7084,#7091),.PCURVE_S1.);
#7079 = CIRCLE('',#7080,0.35);
#7080 = AXIS2_PLACEMENT_3D('',#7081,#7082,#7083);
#7081 = CARTESIAN_POINT('',(-53.34,2.54,1.44));
#7082 = DIRECTION('',(0.,0.,1.));
#7083 = DIRECTION('',(1.,0.,0.));
#7084 = PCURVE('',#4359,#7085);
#7085 = DEFINITIONAL_REPRESENTATION('',(#7086),#7090);
#7086 = LINE('',#7087,#7088);
#7087 = CARTESIAN_POINT('',(0.,0.));
#7088 = VECTOR('',#7089,1.);
#7089 = DIRECTION('',(1.,0.));
#7090 = ( GEOMETRIC_REPRESENTATION_CONTEXT(2) 
PARAMETRIC_REPRESENTATION_CONTEXT() REPRESENTATION_CONTEXT('2D SPACE',''
  ) );
#7091 = PCURVE('',#7092,#7097);
#7092 = PLANE('',#7093);
#7093 = AXIS2_PLACEMENT_3D('',#7094,#7095,#7096);
#7094 = CARTESIAN_POINT('',(-53.34,2.54,1.44));
#7095 = DIRECTION('',(0.,0.,1.));
#7096 = DIRECTION('',(1.,0.,0.));
#7097 = DEFINITIONAL_REPRESENTATION('',(#7098),#7102);
#7098 = CIRCLE('',#7099,0.35);
#7099 = AXIS2_PLACEMENT_2D('',#7100,#7101);
#7100 = CARTESIAN_POINT('',(0.,0.));
#7101 = DIRECTION('',(1.,0.));
#7102 = ( GEOMETRIC_REPRESENTATION_CONTEXT(2) 
PARAMETRIC_REPRESENTATION_CONTEXT() REPRESENTATION_CONTEXT('2D SPACE',''
  ) );
#7103 = ORIENTED_EDGE('',*,*,#7054,.T.);
#7104 = ADVANCED_FACE('',(#7105),#4412,.F.);
#7105 = FACE_BOUND('',#7106,.F.);
#7106 = EDGE_LOOP('',(#7107,#7108,#7131,#7158));
#7107 = ORIENTED_EDGE('',*,*,#4397,.F.);
#7108 = ORIENTED_EDGE('',*,*,#7109,.F.);
#7109 = EDGE_CURVE('',#7110,#4375,#7112,.T.);
#7110 = VERTEX_POINT('',#7111);
#7111 = CARTESIAN_POINT('',(-42.83,2.54,1.44));
#7112 = SEAM_CURVE('',#7113,(#7117,#7124),.PCURVE_S1.);
#7113 = LINE('',#7114,#7115);
#7114 = CARTESIAN_POINT('',(-42.83,2.54,1.44));
#7115 = VECTOR('',#7116,1.);
#7116 = DIRECTION('',(0.,0.,1.));
#7117 = PCURVE('',#4412,#7118);
#7118 = DEFINITIONAL_REPRESENTATION('',(#7119),#7123);
#7119 = LINE('',#7120,#7121);
#7120 = CARTESIAN_POINT('',(6.28318530718,-0.));
#7121 = VECTOR('',#7122,1.);
#7122 = DIRECTION('',(0.,1.));
#7123 = ( GEOMETRIC_REPRESENTATION_CONTEXT(2) 
PARAMETRIC_REPRESENTATION_CONTEXT() REPRESENTATION_CONTEXT('2D SPACE',''
  ) );
#7124 = PCURVE('',#4412,#7125);
#7125 = DEFINITIONAL_REPRESENTATION('',(#7126),#7130);
#7126 = LINE('',#7127,#7128);
#7127 = CARTESIAN_POINT('',(0.,-0.));
#7128 = VECTOR('',#7129,1.);
#7129 = DIRECTION('',(0.,1.));
#7130 = ( GEOMETRIC_REPRESENTATION_CONTEXT(2) 
PARAMETRIC_REPRESENTATION_CONTEXT() REPRESENTATION_CONTEXT('2D SPACE',''
  ) );
#7131 = ORIENTED_EDGE('',*,*,#7132,.T.);
#7132 = EDGE_CURVE('',#7110,#7110,#7133,.T.);
#7133 = SURFACE_CURVE('',#7134,(#7139,#7146),.PCURVE_S1.);
#7134 = CIRCLE('',#7135,0.35);
#7135 = AXIS2_PLACEMENT_3D('',#7136,#7137,#7138);
#7136 = CARTESIAN_POINT('',(-43.18,2.54,1.44));
#7137 = DIRECTION('',(0.,0.,1.));
#7138 = DIRECTION('',(1.,0.,0.));
#7139 = PCURVE('',#4412,#7140);
#7140 = DEFINITIONAL_REPRESENTATION('',(#7141),#7145);
#7141 = LINE('',#7142,#7143);
#7142 = CARTESIAN_POINT('',(0.,0.));
#7143 = VECTOR('',#7144,1.);
#7144 = DIRECTION('',(1.,0.));
#7145 = ( GEOMETRIC_REPRESENTATION_CONTEXT(2) 
PARAMETRIC_REPRESENTATION_CONTEXT() REPRESENTATION_CONTEXT('2D SPACE',''
  ) );
#7146 = PCURVE('',#7147,#7152);
#7147 = PLANE('',#7148);
#7148 = AXIS2_PLACEMENT_3D('',#7149,#7150,#7151);
#7149 = CARTESIAN_POINT('',(-43.18,2.54,1.44));
#7150 = DIRECTION('',(0.,0.,1.));
#7151 = DIRECTION('',(1.,0.,0.));
#7152 = DEFINITIONAL_REPRESENTATION('',(#7153),#7157);
#7153 = CIRCLE('',#7154,0.35);
#7154 = AXIS2_PLACEMENT_2D('',#7155,#7156);
#7155 = CARTESIAN_POINT('',(0.,0.));
#7156 = DIRECTION('',(1.,0.));
#7157 = ( GEOMETRIC_REPRESENTATION_CONTEXT(2) 
PARAMETRIC_REPRESENTATION_CONTEXT() REPRESENTATION_CONTEXT('2D SPACE',''
  ) );
#7158 = ORIENTED_EDGE('',*,*,#7109,.T.);
#7159 = ADVANCED_FACE('',(#7160),#4465,.F.);
#7160 = FACE_BOUND('',#7161,.F.);
#7161 = EDGE_LOOP('',(#7162,#7163,#7186,#7213));
#7162 = ORIENTED_EDGE('',*,*,#4450,.F.);
#7163 = ORIENTED_EDGE('',*,*,#7164,.F.);
#7164 = EDGE_CURVE('',#7165,#4428,#7167,.T.);
#7165 = VERTEX_POINT('',#7166);
#7166 = CARTESIAN_POINT('',(-45.37,2.54,1.44));
#7167 = SEAM_CURVE('',#7168,(#7172,#7179),.PCURVE_S1.);
#7168 = LINE('',#7169,#7170);
#7169 = CARTESIAN_POINT('',(-45.37,2.54,1.44));
#7170 = VECTOR('',#7171,1.);
#7171 = DIRECTION('',(0.,0.,1.));
#7172 = PCURVE('',#4465,#7173);
#7173 = DEFINITIONAL_REPRESENTATION('',(#7174),#7178);
#7174 = LINE('',#7175,#7176);
#7175 = CARTESIAN_POINT('',(6.28318530718,-0.));
#7176 = VECTOR('',#7177,1.);
#7177 = DIRECTION('',(0.,1.));
#7178 = ( GEOMETRIC_REPRESENTATION_CONTEXT(2) 
PARAMETRIC_REPRESENTATION_CONTEXT() REPRESENTATION_CONTEXT('2D SPACE',''
  ) );
#7179 = PCURVE('',#4465,#7180);
#7180 = DEFINITIONAL_REPRESENTATION('',(#7181),#7185);
#7181 = LINE('',#7182,#7183);
#7182 = CARTESIAN_POINT('',(0.,-0.));
#7183 = VECTOR('',#7184,1.);
#7184 = DIRECTION('',(0.,1.));
#7185 = ( GEOMETRIC_REPRESENTATION_CONTEXT(2) 
PARAMETRIC_REPRESENTATION_CONTEXT() REPRESENTATION_CONTEXT('2D SPACE',''
  ) );
#7186 = ORIENTED_EDGE('',*,*,#7187,.T.);
#7187 = EDGE_CURVE('',#7165,#7165,#7188,.T.);
#7188 = SURFACE_CURVE('',#7189,(#7194,#7201),.PCURVE_S1.);
#7189 = CIRCLE('',#7190,0.35);
#7190 = AXIS2_PLACEMENT_3D('',#7191,#7192,#7193);
#7191 = CARTESIAN_POINT('',(-45.72,2.54,1.44));
#7192 = DIRECTION('',(0.,0.,1.));
#7193 = DIRECTION('',(1.,0.,0.));
#7194 = PCURVE('',#4465,#7195);
#7195 = DEFINITIONAL_REPRESENTATION('',(#7196),#7200);
#7196 = LINE('',#7197,#7198);
#7197 = CARTESIAN_POINT('',(0.,0.));
#7198 = VECTOR('',#7199,1.);
#7199 = DIRECTION('',(1.,0.));
#7200 = ( GEOMETRIC_REPRESENTATION_CONTEXT(2) 
PARAMETRIC_REPRESENTATION_CONTEXT() REPRESENTATION_CONTEXT('2D SPACE',''
  ) );
#7201 = PCURVE('',#7202,#7207);
#7202 = PLANE('',#7203);
#7203 = AXIS2_PLACEMENT_3D('',#7204,#7205,#7206);
#7204 = CARTESIAN_POINT('',(-45.72,2.54,1.44));
#7205 = DIRECTION('',(0.,0.,1.));
#7206 = DIRECTION('',(1.,0.,0.));
#7207 = DEFINITIONAL_REPRESENTATION('',(#7208),#7212);
#7208 = CIRCLE('',#7209,0.35);
#7209 = AXIS2_PLACEMENT_2D('',#7210,#7211);
#7210 = CARTESIAN_POINT('',(0.,0.));
#7211 = DIRECTION('',(1.,0.));
#7212 = ( GEOMETRIC_REPRESENTATION_CONTEXT(2) 
PARAMETRIC_REPRESENTATION_CONTEXT() REPRESENTATION_CONTEXT('2D SPACE',''
  ) );
#7213 = ORIENTED_EDGE('',*,*,#7164,.T.);
#7214 = ADVANCED_FACE('',(#7215),#4518,.F.);
#7215 = FACE_BOUND('',#7216,.F.);
#7216 = EDGE_LOOP('',(#7217,#7218,#7241,#7268));
#7217 = ORIENTED_EDGE('',*,*,#4503,.F.);
#7218 = ORIENTED_EDGE('',*,*,#7219,.F.);
#7219 = EDGE_CURVE('',#7220,#4481,#7222,.T.);
#7220 = VERTEX_POINT('',#7221);
#7221 = CARTESIAN_POINT('',(-47.91,2.54,1.44));
#7222 = SEAM_CURVE('',#7223,(#7227,#7234),.PCURVE_S1.);
#7223 = LINE('',#7224,#7225);
#7224 = CARTESIAN_POINT('',(-47.91,2.54,1.44));
#7225 = VECTOR('',#7226,1.);
#7226 = DIRECTION('',(0.,0.,1.));
#7227 = PCURVE('',#4518,#7228);
#7228 = DEFINITIONAL_REPRESENTATION('',(#7229),#7233);
#7229 = LINE('',#7230,#7231);
#7230 = CARTESIAN_POINT('',(6.28318530718,-0.));
#7231 = VECTOR('',#7232,1.);
#7232 = DIRECTION('',(0.,1.));
#7233 = ( GEOMETRIC_REPRESENTATION_CONTEXT(2) 
PARAMETRIC_REPRESENTATION_CONTEXT() REPRESENTATION_CONTEXT('2D SPACE',''
  ) );
#7234 = PCURVE('',#4518,#7235);
#7235 = DEFINITIONAL_REPRESENTATION('',(#7236),#7240);
#7236 = LINE('',#7237,#7238);
#7237 = CARTESIAN_POINT('',(0.,-0.));
#7238 = VECTOR('',#7239,1.);
#7239 = DIRECTION('',(0.,1.));
#7240 = ( GEOMETRIC_REPRESENTATION_CONTEXT(2) 
PARAMETRIC_REPRESENTATION_CONTEXT() REPRESENTATION_CONTEXT('2D SPACE',''
  ) );
#7241 = ORIENTED_EDGE('',*,*,#7242,.T.);
#7242 = EDGE_CURVE('',#7220,#7220,#7243,.T.);
#7243 = SURFACE_CURVE('',#7244,(#7249,#7256),.PCURVE_S1.);
#7244 = CIRCLE('',#7245,0.35);
#7245 = AXIS2_PLACEMENT_3D('',#7246,#7247,#7248);
#7246 = CARTESIAN_POINT('',(-48.26,2.54,1.44));
#7247 = DIRECTION('',(0.,0.,1.));
#7248 = DIRECTION('',(1.,0.,0.));
#7249 = PCURVE('',#4518,#7250);
#7250 = DEFINITIONAL_REPRESENTATION('',(#7251),#7255);
#7251 = LINE('',#7252,#7253);
#7252 = CARTESIAN_POINT('',(0.,0.));
#7253 = VECTOR('',#7254,1.);
#7254 = DIRECTION('',(1.,0.));
#7255 = ( GEOMETRIC_REPRESENTATION_CONTEXT(2) 
PARAMETRIC_REPRESENTATION_CONTEXT() REPRESENTATION_CONTEXT('2D SPACE',''
  ) );
#7256 = PCURVE('',#7257,#7262);
#7257 = PLANE('',#7258);
#7258 = AXIS2_PLACEMENT_3D('',#7259,#7260,#7261);
#7259 = CARTESIAN_POINT('',(-48.26,2.54,1.44));
#7260 = DIRECTION('',(0.,0.,1.));
#7261 = DIRECTION('',(1.,0.,0.));
#7262 = DEFINITIONAL_REPRESENTATION('',(#7263),#7267);
#7263 = CIRCLE('',#7264,0.35);
#7264 = AXIS2_PLACEMENT_2D('',#7265,#7266);
#7265 = CARTESIAN_POINT('',(0.,0.));
#7266 = DIRECTION('',(1.,0.));
#7267 = ( GEOMETRIC_REPRESENTATION_CONTEXT(2) 
PARAMETRIC_REPRESENTATION_CONTEXT() REPRESENTATION_CONTEXT('2D SPACE',''
  ) );
#7268 = ORIENTED_EDGE('',*,*,#7219,.T.);
#7269 = ADVANCED_FACE('',(#7270),#4571,.F.);
#7270 = FACE_BOUND('',#7271,.F.);
#7271 = EDGE_LOOP('',(#7272,#7273,#7296,#7323));
#7272 = ORIENTED_EDGE('',*,*,#4556,.F.);
#7273 = ORIENTED_EDGE('',*,*,#7274,.F.);
#7274 = EDGE_CURVE('',#7275,#4534,#7277,.T.);
#7275 = VERTEX_POINT('',#7276);
#7276 = CARTESIAN_POINT('',(-45.37,-8.572527594031E-17,1.44));
#7277 = SEAM_CURVE('',#7278,(#7282,#7289),.PCURVE_S1.);
#7278 = LINE('',#7279,#7280);
#7279 = CARTESIAN_POINT('',(-45.37,-8.572527594031E-17,1.44));
#7280 = VECTOR('',#7281,1.);
#7281 = DIRECTION('',(0.,0.,1.));
#7282 = PCURVE('',#4571,#7283);
#7283 = DEFINITIONAL_REPRESENTATION('',(#7284),#7288);
#7284 = LINE('',#7285,#7286);
#7285 = CARTESIAN_POINT('',(6.28318530718,-0.));
#7286 = VECTOR('',#7287,1.);
#7287 = DIRECTION('',(0.,1.));
#7288 = ( GEOMETRIC_REPRESENTATION_CONTEXT(2) 
PARAMETRIC_REPRESENTATION_CONTEXT() REPRESENTATION_CONTEXT('2D SPACE',''
  ) );
#7289 = PCURVE('',#4571,#7290);
#7290 = DEFINITIONAL_REPRESENTATION('',(#7291),#7295);
#7291 = LINE('',#7292,#7293);
#7292 = CARTESIAN_POINT('',(0.,-0.));
#7293 = VECTOR('',#7294,1.);
#7294 = DIRECTION('',(0.,1.));
#7295 = ( GEOMETRIC_REPRESENTATION_CONTEXT(2) 
PARAMETRIC_REPRESENTATION_CONTEXT() REPRESENTATION_CONTEXT('2D SPACE',''
  ) );
#7296 = ORIENTED_EDGE('',*,*,#7297,.T.);
#7297 = EDGE_CURVE('',#7275,#7275,#7298,.T.);
#7298 = SURFACE_CURVE('',#7299,(#7304,#7311),.PCURVE_S1.);
#7299 = CIRCLE('',#7300,0.35);
#7300 = AXIS2_PLACEMENT_3D('',#7301,#7302,#7303);
#7301 = CARTESIAN_POINT('',(-45.72,0.,1.44));
#7302 = DIRECTION('',(0.,0.,1.));
#7303 = DIRECTION('',(1.,0.,0.));
#7304 = PCURVE('',#4571,#7305);
#7305 = DEFINITIONAL_REPRESENTATION('',(#7306),#7310);
#7306 = LINE('',#7307,#7308);
#7307 = CARTESIAN_POINT('',(0.,0.));
#7308 = VECTOR('',#7309,1.);
#7309 = DIRECTION('',(1.,0.));
#7310 = ( GEOMETRIC_REPRESENTATION_CONTEXT(2) 
PARAMETRIC_REPRESENTATION_CONTEXT() REPRESENTATION_CONTEXT('2D SPACE',''
  ) );
#7311 = PCURVE('',#7312,#7317);
#7312 = PLANE('',#7313);
#7313 = AXIS2_PLACEMENT_3D('',#7314,#7315,#7316);
#7314 = CARTESIAN_POINT('',(-45.72,0.,1.44));
#7315 = DIRECTION('',(0.,0.,1.));
#7316 = DIRECTION('',(1.,0.,0.));
#7317 = DEFINITIONAL_REPRESENTATION('',(#7318),#7322);
#7318 = CIRCLE('',#7319,0.35);
#7319 = AXIS2_PLACEMENT_2D('',#7320,#7321);
#7320 = CARTESIAN_POINT('',(0.,0.));
#7321 = DIRECTION('',(1.,0.));
#7322 = ( GEOMETRIC_REPRESENTATION_CONTEXT(2) 
PARAMETRIC_REPRESENTATION_CONTEXT() REPRESENTATION_CONTEXT('2D SPACE',''
  ) );
#7323 = ORIENTED_EDGE('',*,*,#7274,.T.);
#7324 = ADVANCED_FACE('',(#7325),#4624,.F.);
#7325 = FACE_BOUND('',#7326,.F.);
#7326 = EDGE_LOOP('',(#7327,#7328,#7351,#7378));
#7327 = ORIENTED_EDGE('',*,*,#4609,.F.);
#7328 = ORIENTED_EDGE('',*,*,#7329,.F.);
#7329 = EDGE_CURVE('',#7330,#4587,#7332,.T.);
#7330 = VERTEX_POINT('',#7331);
#7331 = CARTESIAN_POINT('',(-42.83,-8.572527594031E-17,1.44));
#7332 = SEAM_CURVE('',#7333,(#7337,#7344),.PCURVE_S1.);
#7333 = LINE('',#7334,#7335);
#7334 = CARTESIAN_POINT('',(-42.83,-8.572527594031E-17,1.44));
#7335 = VECTOR('',#7336,1.);
#7336 = DIRECTION('',(0.,0.,1.));
#7337 = PCURVE('',#4624,#7338);
#7338 = DEFINITIONAL_REPRESENTATION('',(#7339),#7343);
#7339 = LINE('',#7340,#7341);
#7340 = CARTESIAN_POINT('',(6.28318530718,-0.));
#7341 = VECTOR('',#7342,1.);
#7342 = DIRECTION('',(0.,1.));
#7343 = ( GEOMETRIC_REPRESENTATION_CONTEXT(2) 
PARAMETRIC_REPRESENTATION_CONTEXT() REPRESENTATION_CONTEXT('2D SPACE',''
  ) );
#7344 = PCURVE('',#4624,#7345);
#7345 = DEFINITIONAL_REPRESENTATION('',(#7346),#7350);
#7346 = LINE('',#7347,#7348);
#7347 = CARTESIAN_POINT('',(0.,-0.));
#7348 = VECTOR('',#7349,1.);
#7349 = DIRECTION('',(0.,1.));
#7350 = ( GEOMETRIC_REPRESENTATION_CONTEXT(2) 
PARAMETRIC_REPRESENTATION_CONTEXT() REPRESENTATION_CONTEXT('2D SPACE',''
  ) );
#7351 = ORIENTED_EDGE('',*,*,#7352,.T.);
#7352 = EDGE_CURVE('',#7330,#7330,#7353,.T.);
#7353 = SURFACE_CURVE('',#7354,(#7359,#7366),.PCURVE_S1.);
#7354 = CIRCLE('',#7355,0.35);
#7355 = AXIS2_PLACEMENT_3D('',#7356,#7357,#7358);
#7356 = CARTESIAN_POINT('',(-43.18,0.,1.44));
#7357 = DIRECTION('',(0.,0.,1.));
#7358 = DIRECTION('',(1.,0.,0.));
#7359 = PCURVE('',#4624,#7360);
#7360 = DEFINITIONAL_REPRESENTATION('',(#7361),#7365);
#7361 = LINE('',#7362,#7363);
#7362 = CARTESIAN_POINT('',(0.,0.));
#7363 = VECTOR('',#7364,1.);
#7364 = DIRECTION('',(1.,0.));
#7365 = ( GEOMETRIC_REPRESENTATION_CONTEXT(2) 
PARAMETRIC_REPRESENTATION_CONTEXT() REPRESENTATION_CONTEXT('2D SPACE',''
  ) );
#7366 = PCURVE('',#7367,#7372);
#7367 = PLANE('',#7368);
#7368 = AXIS2_PLACEMENT_3D('',#7369,#7370,#7371);
#7369 = CARTESIAN_POINT('',(-43.18,0.,1.44));
#7370 = DIRECTION('',(0.,0.,1.));
#7371 = DIRECTION('',(1.,0.,0.));
#7372 = DEFINITIONAL_REPRESENTATION('',(#7373),#7377);
#7373 = CIRCLE('',#7374,0.35);
#7374 = AXIS2_PLACEMENT_2D('',#7375,#7376);
#7375 = CARTESIAN_POINT('',(0.,0.));
#7376 = DIRECTION('',(1.,0.));
#7377 = ( GEOMETRIC_REPRESENTATION_CONTEXT(2) 
PARAMETRIC_REPRESENTATION_CONTEXT() REPRESENTATION_CONTEXT('2D SPACE',''
  ) );
#7378 = ORIENTED_EDGE('',*,*,#7329,.T.);
#7379 = ADVANCED_FACE('',(#7380),#4677,.F.);
#7380 = FACE_BOUND('',#7381,.F.);
#7381 = EDGE_LOOP('',(#7382,#7383,#7406,#7433));
#7382 = ORIENTED_EDGE('',*,*,#4662,.F.);
#7383 = ORIENTED_EDGE('',*,*,#7384,.F.);
#7384 = EDGE_CURVE('',#7385,#4640,#7387,.T.);
#7385 = VERTEX_POINT('',#7386);
#7386 = CARTESIAN_POINT('',(-47.91,-8.572527594031E-17,1.44));
#7387 = SEAM_CURVE('',#7388,(#7392,#7399),.PCURVE_S1.);
#7388 = LINE('',#7389,#7390);
#7389 = CARTESIAN_POINT('',(-47.91,-8.572527594031E-17,1.44));
#7390 = VECTOR('',#7391,1.);
#7391 = DIRECTION('',(0.,0.,1.));
#7392 = PCURVE('',#4677,#7393);
#7393 = DEFINITIONAL_REPRESENTATION('',(#7394),#7398);
#7394 = LINE('',#7395,#7396);
#7395 = CARTESIAN_POINT('',(6.28318530718,-0.));
#7396 = VECTOR('',#7397,1.);
#7397 = DIRECTION('',(0.,1.));
#7398 = ( GEOMETRIC_REPRESENTATION_CONTEXT(2) 
PARAMETRIC_REPRESENTATION_CONTEXT() REPRESENTATION_CONTEXT('2D SPACE',''
  ) );
#7399 = PCURVE('',#4677,#7400);
#7400 = DEFINITIONAL_REPRESENTATION('',(#7401),#7405);
#7401 = LINE('',#7402,#7403);
#7402 = CARTESIAN_POINT('',(0.,-0.));
#7403 = VECTOR('',#7404,1.);
#7404 = DIRECTION('',(0.,1.));
#7405 = ( GEOMETRIC_REPRESENTATION_CONTEXT(2) 
PARAMETRIC_REPRESENTATION_CONTEXT() REPRESENTATION_CONTEXT('2D SPACE',''
  ) );
#7406 = ORIENTED_EDGE('',*,*,#7407,.T.);
#7407 = EDGE_CURVE('',#7385,#7385,#7408,.T.);
#7408 = SURFACE_CURVE('',#7409,(#7414,#7421),.PCURVE_S1.);
#7409 = CIRCLE('',#7410,0.35);
#7410 = AXIS2_PLACEMENT_3D('',#7411,#7412,#7413);
#7411 = CARTESIAN_POINT('',(-48.26,0.,1.44));
#7412 = DIRECTION('',(0.,0.,1.));
#7413 = DIRECTION('',(1.,0.,0.));
#7414 = PCURVE('',#4677,#7415);
#7415 = DEFINITIONAL_REPRESENTATION('',(#7416),#7420);
#7416 = LINE('',#7417,#7418);
#7417 = CARTESIAN_POINT('',(0.,0.));
#7418 = VECTOR('',#7419,1.);
#7419 = DIRECTION('',(1.,0.));
#7420 = ( GEOMETRIC_REPRESENTATION_CONTEXT(2) 
PARAMETRIC_REPRESENTATION_CONTEXT() REPRESENTATION_CONTEXT('2D SPACE',''
  ) );
#7421 = PCURVE('',#7422,#7427);
#7422 = PLANE('',#7423);
#7423 = AXIS2_PLACEMENT_3D('',#7424,#7425,#7426);
#7424 = CARTESIAN_POINT('',(-48.26,0.,1.44));
#7425 = DIRECTION('',(0.,0.,1.));
#7426 = DIRECTION('',(1.,0.,0.));
#7427 = DEFINITIONAL_REPRESENTATION('',(#7428),#7432);
#7428 = CIRCLE('',#7429,0.35);
#7429 = AXIS2_PLACEMENT_2D('',#7430,#7431);
#7430 = CARTESIAN_POINT('',(0.,0.));
#7431 = DIRECTION('',(1.,0.));
#7432 = ( GEOMETRIC_REPRESENTATION_CONTEXT(2) 
PARAMETRIC_REPRESENTATION_CONTEXT() REPRESENTATION_CONTEXT('2D SPACE',''
  ) );
#7433 = ORIENTED_EDGE('',*,*,#7384,.T.);
#7434 = ADVANCED_FACE('',(#7435),#4730,.F.);
#7435 = FACE_BOUND('',#7436,.F.);
#7436 = EDGE_LOOP('',(#7437,#7438,#7461,#7488));
#7437 = ORIENTED_EDGE('',*,*,#4715,.F.);
#7438 = ORIENTED_EDGE('',*,*,#7439,.F.);
#7439 = EDGE_CURVE('',#7440,#4693,#7442,.T.);
#7440 = VERTEX_POINT('',#7441);
#7441 = CARTESIAN_POINT('',(-60.61,-8.572527594031E-17,1.44));
#7442 = SEAM_CURVE('',#7443,(#7447,#7454),.PCURVE_S1.);
#7443 = LINE('',#7444,#7445);
#7444 = CARTESIAN_POINT('',(-60.61,-8.572527594031E-17,1.44));
#7445 = VECTOR('',#7446,1.);
#7446 = DIRECTION('',(0.,0.,1.));
#7447 = PCURVE('',#4730,#7448);
#7448 = DEFINITIONAL_REPRESENTATION('',(#7449),#7453);
#7449 = LINE('',#7450,#7451);
#7450 = CARTESIAN_POINT('',(6.28318530718,-0.));
#7451 = VECTOR('',#7452,1.);
#7452 = DIRECTION('',(0.,1.));
#7453 = ( GEOMETRIC_REPRESENTATION_CONTEXT(2) 
PARAMETRIC_REPRESENTATION_CONTEXT() REPRESENTATION_CONTEXT('2D SPACE',''
  ) );
#7454 = PCURVE('',#4730,#7455);
#7455 = DEFINITIONAL_REPRESENTATION('',(#7456),#7460);
#7456 = LINE('',#7457,#7458);
#7457 = CARTESIAN_POINT('',(0.,-0.));
#7458 = VECTOR('',#7459,1.);
#7459 = DIRECTION('',(0.,1.));
#7460 = ( GEOMETRIC_REPRESENTATION_CONTEXT(2) 
PARAMETRIC_REPRESENTATION_CONTEXT() REPRESENTATION_CONTEXT('2D SPACE',''
  ) );
#7461 = ORIENTED_EDGE('',*,*,#7462,.T.);
#7462 = EDGE_CURVE('',#7440,#7440,#7463,.T.);
#7463 = SURFACE_CURVE('',#7464,(#7469,#7476),.PCURVE_S1.);
#7464 = CIRCLE('',#7465,0.35);
#7465 = AXIS2_PLACEMENT_3D('',#7466,#7467,#7468);
#7466 = CARTESIAN_POINT('',(-60.96,0.,1.44));
#7467 = DIRECTION('',(0.,0.,1.));
#7468 = DIRECTION('',(1.,0.,0.));
#7469 = PCURVE('',#4730,#7470);
#7470 = DEFINITIONAL_REPRESENTATION('',(#7471),#7475);
#7471 = LINE('',#7472,#7473);
#7472 = CARTESIAN_POINT('',(0.,0.));
#7473 = VECTOR('',#7474,1.);
#7474 = DIRECTION('',(1.,0.));
#7475 = ( GEOMETRIC_REPRESENTATION_CONTEXT(2) 
PARAMETRIC_REPRESENTATION_CONTEXT() REPRESENTATION_CONTEXT('2D SPACE',''
  ) );
#7476 = PCURVE('',#7477,#7482);
#7477 = PLANE('',#7478);
#7478 = AXIS2_PLACEMENT_3D('',#7479,#7480,#7481);
#7479 = CARTESIAN_POINT('',(-60.96,0.,1.44));
#7480 = DIRECTION('',(0.,0.,1.));
#7481 = DIRECTION('',(1.,0.,0.));
#7482 = DEFINITIONAL_REPRESENTATION('',(#7483),#7487);
#7483 = CIRCLE('',#7484,0.35);
#7484 = AXIS2_PLACEMENT_2D('',#7485,#7486);
#7485 = CARTESIAN_POINT('',(0.,0.));
#7486 = DIRECTION('',(1.,0.));
#7487 = ( GEOMETRIC_REPRESENTATION_CONTEXT(2) 
PARAMETRIC_REPRESENTATION_CONTEXT() REPRESENTATION_CONTEXT('2D SPACE',''
  ) );
#7488 = ORIENTED_EDGE('',*,*,#7439,.T.);
#7489 = ADVANCED_FACE('',(#7490),#4783,.F.);
#7490 = FACE_BOUND('',#7491,.F.);
#7491 = EDGE_LOOP('',(#7492,#7493,#7516,#7543));
#7492 = ORIENTED_EDGE('',*,*,#4768,.F.);
#7493 = ORIENTED_EDGE('',*,*,#7494,.F.);
#7494 = EDGE_CURVE('',#7495,#4746,#7497,.T.);
#7495 = VERTEX_POINT('',#7496);
#7496 = CARTESIAN_POINT('',(-60.61,2.54,1.44));
#7497 = SEAM_CURVE('',#7498,(#7502,#7509),.PCURVE_S1.);
#7498 = LINE('',#7499,#7500);
#7499 = CARTESIAN_POINT('',(-60.61,2.54,1.44));
#7500 = VECTOR('',#7501,1.);
#7501 = DIRECTION('',(0.,0.,1.));
#7502 = PCURVE('',#4783,#7503);
#7503 = DEFINITIONAL_REPRESENTATION('',(#7504),#7508);
#7504 = LINE('',#7505,#7506);
#7505 = CARTESIAN_POINT('',(6.28318530718,-0.));
#7506 = VECTOR('',#7507,1.);
#7507 = DIRECTION('',(0.,1.));
#7508 = ( GEOMETRIC_REPRESENTATION_CONTEXT(2) 
PARAMETRIC_REPRESENTATION_CONTEXT() REPRESENTATION_CONTEXT('2D SPACE',''
  ) );
#7509 = PCURVE('',#4783,#7510);
#7510 = DEFINITIONAL_REPRESENTATION('',(#7511),#7515);
#7511 = LINE('',#7512,#7513);
#7512 = CARTESIAN_POINT('',(0.,-0.));
#7513 = VECTOR('',#7514,1.);
#7514 = DIRECTION('',(0.,1.));
#7515 = ( GEOMETRIC_REPRESENTATION_CONTEXT(2) 
PARAMETRIC_REPRESENTATION_CONTEXT() REPRESENTATION_CONTEXT('2D SPACE',''
  ) );
#7516 = ORIENTED_EDGE('',*,*,#7517,.T.);
#7517 = EDGE_CURVE('',#7495,#7495,#7518,.T.);
#7518 = SURFACE_CURVE('',#7519,(#7524,#7531),.PCURVE_S1.);
#7519 = CIRCLE('',#7520,0.35);
#7520 = AXIS2_PLACEMENT_3D('',#7521,#7522,#7523);
#7521 = CARTESIAN_POINT('',(-60.96,2.54,1.44));
#7522 = DIRECTION('',(0.,0.,1.));
#7523 = DIRECTION('',(1.,0.,0.));
#7524 = PCURVE('',#4783,#7525);
#7525 = DEFINITIONAL_REPRESENTATION('',(#7526),#7530);
#7526 = LINE('',#7527,#7528);
#7527 = CARTESIAN_POINT('',(0.,0.));
#7528 = VECTOR('',#7529,1.);
#7529 = DIRECTION('',(1.,0.));
#7530 = ( GEOMETRIC_REPRESENTATION_CONTEXT(2) 
PARAMETRIC_REPRESENTATION_CONTEXT() REPRESENTATION_CONTEXT('2D SPACE',''
  ) );
#7531 = PCURVE('',#7532,#7537);
#7532 = PLANE('',#7533);
#7533 = AXIS2_PLACEMENT_3D('',#7534,#7535,#7536);
#7534 = CARTESIAN_POINT('',(-60.96,2.54,1.44));
#7535 = DIRECTION('',(0.,0.,1.));
#7536 = DIRECTION('',(1.,0.,0.));
#7537 = DEFINITIONAL_REPRESENTATION('',(#7538),#7542);
#7538 = CIRCLE('',#7539,0.35);
#7539 = AXIS2_PLACEMENT_2D('',#7540,#7541);
#7540 = CARTESIAN_POINT('',(0.,0.));
#7541 = DIRECTION('',(1.,0.));
#7542 = ( GEOMETRIC_REPRESENTATION_CONTEXT(2) 
PARAMETRIC_REPRESENTATION_CONTEXT() REPRESENTATION_CONTEXT('2D SPACE',''
  ) );
#7543 = ORIENTED_EDGE('',*,*,#7494,.T.);
#7544 = ADVANCED_FACE('',(#7545),#4837,.T.);
#7545 = FACE_BOUND('',#7546,.F.);
#7546 = EDGE_LOOP('',(#7547));
#7547 = ORIENTED_EDGE('',*,*,#4822,.F.);
#7548 = ADVANCED_FACE('',(#7549),#4892,.T.);
#7549 = FACE_BOUND('',#7550,.F.);
#7550 = EDGE_LOOP('',(#7551));
#7551 = ORIENTED_EDGE('',*,*,#4877,.F.);
#7552 = ADVANCED_FACE('',(#7553),#4947,.T.);
#7553 = FACE_BOUND('',#7554,.F.);
#7554 = EDGE_LOOP('',(#7555));
#7555 = ORIENTED_EDGE('',*,*,#4932,.F.);
#7556 = ADVANCED_FACE('',(#7557),#5002,.T.);
#7557 = FACE_BOUND('',#7558,.F.);
#7558 = EDGE_LOOP('',(#7559));
#7559 = ORIENTED_EDGE('',*,*,#4987,.F.);
#7560 = ADVANCED_FACE('',(#7561),#5057,.T.);
#7561 = FACE_BOUND('',#7562,.F.);
#7562 = EDGE_LOOP('',(#7563));
#7563 = ORIENTED_EDGE('',*,*,#5042,.F.);
#7564 = ADVANCED_FACE('',(#7565),#5112,.T.);
#7565 = FACE_BOUND('',#7566,.F.);
#7566 = EDGE_LOOP('',(#7567));
#7567 = ORIENTED_EDGE('',*,*,#5097,.F.);
#7568 = ADVANCED_FACE('',(#7569),#5167,.T.);
#7569 = FACE_BOUND('',#7570,.F.);
#7570 = EDGE_LOOP('',(#7571));
#7571 = ORIENTED_EDGE('',*,*,#5152,.F.);
#7572 = ADVANCED_FACE('',(#7573),#5222,.T.);
#7573 = FACE_BOUND('',#7574,.F.);
#7574 = EDGE_LOOP('',(#7575));
#7575 = ORIENTED_EDGE('',*,*,#5207,.F.);
#7576 = ADVANCED_FACE('',(#7577),#5277,.T.);
#7577 = FACE_BOUND('',#7578,.F.);
#7578 = EDGE_LOOP('',(#7579));
#7579 = ORIENTED_EDGE('',*,*,#5262,.F.);
#7580 = ADVANCED_FACE('',(#7581),#5332,.T.);
#7581 = FACE_BOUND('',#7582,.F.);
#7582 = EDGE_LOOP('',(#7583));
#7583 = ORIENTED_EDGE('',*,*,#5317,.F.);
#7584 = ADVANCED_FACE('',(#7585),#5387,.T.);
#7585 = FACE_BOUND('',#7586,.F.);
#7586 = EDGE_LOOP('',(#7587));
#7587 = ORIENTED_EDGE('',*,*,#5372,.F.);
#7588 = ADVANCED_FACE('',(#7589),#5442,.T.);
#7589 = FACE_BOUND('',#7590,.F.);
#7590 = EDGE_LOOP('',(#7591));
#7591 = ORIENTED_EDGE('',*,*,#5427,.F.);
#7592 = ADVANCED_FACE('',(#7593),#5497,.T.);
#7593 = FACE_BOUND('',#7594,.F.);
#7594 = EDGE_LOOP('',(#7595));
#7595 = ORIENTED_EDGE('',*,*,#5482,.F.);
#7596 = ADVANCED_FACE('',(#7597),#5552,.T.);
#7597 = FACE_BOUND('',#7598,.F.);
#7598 = EDGE_LOOP('',(#7599));
#7599 = ORIENTED_EDGE('',*,*,#5537,.F.);
#7600 = ADVANCED_FACE('',(#7601),#5607,.T.);
#7601 = FACE_BOUND('',#7602,.F.);
#7602 = EDGE_LOOP('',(#7603));
#7603 = ORIENTED_EDGE('',*,*,#5592,.F.);
#7604 = ADVANCED_FACE('',(#7605),#5662,.T.);
#7605 = FACE_BOUND('',#7606,.F.);
#7606 = EDGE_LOOP('',(#7607));
#7607 = ORIENTED_EDGE('',*,*,#5647,.F.);
#7608 = ADVANCED_FACE('',(#7609),#5717,.T.);
#7609 = FACE_BOUND('',#7610,.F.);
#7610 = EDGE_LOOP('',(#7611));
#7611 = ORIENTED_EDGE('',*,*,#5702,.F.);
#7612 = ADVANCED_FACE('',(#7613),#5772,.T.);
#7613 = FACE_BOUND('',#7614,.F.);
#7614 = EDGE_LOOP('',(#7615));
#7615 = ORIENTED_EDGE('',*,*,#5757,.F.);
#7616 = ADVANCED_FACE('',(#7617),#5827,.T.);
#7617 = FACE_BOUND('',#7618,.F.);
#7618 = EDGE_LOOP('',(#7619));
#7619 = ORIENTED_EDGE('',*,*,#5812,.F.);
#7620 = ADVANCED_FACE('',(#7621),#5882,.T.);
#7621 = FACE_BOUND('',#7622,.F.);
#7622 = EDGE_LOOP('',(#7623));
#7623 = ORIENTED_EDGE('',*,*,#5867,.F.);
#7624 = ADVANCED_FACE('',(#7625),#5937,.T.);
#7625 = FACE_BOUND('',#7626,.F.);
#7626 = EDGE_LOOP('',(#7627));
#7627 = ORIENTED_EDGE('',*,*,#5922,.F.);
#7628 = ADVANCED_FACE('',(#7629),#5992,.T.);
#7629 = FACE_BOUND('',#7630,.F.);
#7630 = EDGE_LOOP('',(#7631));
#7631 = ORIENTED_EDGE('',*,*,#5977,.F.);
#7632 = ADVANCED_FACE('',(#7633),#6047,.T.);
#7633 = FACE_BOUND('',#7634,.F.);
#7634 = EDGE_LOOP('',(#7635));
#7635 = ORIENTED_EDGE('',*,*,#6032,.F.);
#7636 = ADVANCED_FACE('',(#7637),#6102,.T.);
#7637 = FACE_BOUND('',#7638,.F.);
#7638 = EDGE_LOOP('',(#7639));
#7639 = ORIENTED_EDGE('',*,*,#6087,.F.);
#7640 = ADVANCED_FACE('',(#7641),#6157,.T.);
#7641 = FACE_BOUND('',#7642,.F.);
#7642 = EDGE_LOOP('',(#7643));
#7643 = ORIENTED_EDGE('',*,*,#6142,.F.);
#7644 = ADVANCED_FACE('',(#7645),#6212,.T.);
#7645 = FACE_BOUND('',#7646,.F.);
#7646 = EDGE_LOOP('',(#7647));
#7647 = ORIENTED_EDGE('',*,*,#6197,.F.);
#7648 = ADVANCED_FACE('',(#7649),#6267,.T.);
#7649 = FACE_BOUND('',#7650,.F.);
#7650 = EDGE_LOOP('',(#7651));
#7651 = ORIENTED_EDGE('',*,*,#6252,.F.);
#7652 = ADVANCED_FACE('',(#7653),#6322,.T.);
#7653 = FACE_BOUND('',#7654,.F.);
#7654 = EDGE_LOOP('',(#7655));
#7655 = ORIENTED_EDGE('',*,*,#6307,.F.);
#7656 = ADVANCED_FACE('',(#7657),#6377,.T.);
#7657 = FACE_BOUND('',#7658,.F.);
#7658 = EDGE_LOOP('',(#7659));
#7659 = ORIENTED_EDGE('',*,*,#6362,.F.);
#7660 = ADVANCED_FACE('',(#7661),#6432,.T.);
#7661 = FACE_BOUND('',#7662,.F.);
#7662 = EDGE_LOOP('',(#7663));
#7663 = ORIENTED_EDGE('',*,*,#6417,.F.);
#7664 = ADVANCED_FACE('',(#7665),#6487,.T.);
#7665 = FACE_BOUND('',#7666,.F.);
#7666 = EDGE_LOOP('',(#7667));
#7667 = ORIENTED_EDGE('',*,*,#6472,.F.);
#7668 = ADVANCED_FACE('',(#7669),#6542,.T.);
#7669 = FACE_BOUND('',#7670,.F.);
#7670 = EDGE_LOOP('',(#7671));
#7671 = ORIENTED_EDGE('',*,*,#6527,.F.);
#7672 = ADVANCED_FACE('',(#7673),#6597,.T.);
#7673 = FACE_BOUND('',#7674,.F.);
#7674 = EDGE_LOOP('',(#7675));
#7675 = ORIENTED_EDGE('',*,*,#6582,.F.);
#7676 = ADVANCED_FACE('',(#7677),#6652,.T.);
#7677 = FACE_BOUND('',#7678,.F.);
#7678 = EDGE_LOOP('',(#7679));
#7679 = ORIENTED_EDGE('',*,*,#6637,.F.);
#7680 = ADVANCED_FACE('',(#7681),#6707,.T.);
#7681 = FACE_BOUND('',#7682,.F.);
#7682 = EDGE_LOOP('',(#7683));
#7683 = ORIENTED_EDGE('',*,*,#6692,.F.);
#7684 = ADVANCED_FACE('',(#7685),#6762,.T.);
#7685 = FACE_BOUND('',#7686,.F.);
#7686 = EDGE_LOOP('',(#7687));
#7687 = ORIENTED_EDGE('',*,*,#6747,.F.);
#7688 = ADVANCED_FACE('',(#7689),#6817,.T.);
#7689 = FACE_BOUND('',#7690,.F.);
#7690 = EDGE_LOOP('',(#7691));
#7691 = ORIENTED_EDGE('',*,*,#6802,.F.);
#7692 = ADVANCED_FACE('',(#7693),#6872,.T.);
#7693 = FACE_BOUND('',#7694,.F.);
#7694 = EDGE_LOOP('',(#7695));
#7695 = ORIENTED_EDGE('',*,*,#6857,.F.);
#7696 = ADVANCED_FACE('',(#7697),#6927,.T.);
#7697 = FACE_BOUND('',#7698,.F.);
#7698 = EDGE_LOOP('',(#7699));
#7699 = ORIENTED_EDGE('',*,*,#6912,.F.);
#7700 = ADVANCED_FACE('',(#7701),#6982,.T.);
#7701 = FACE_BOUND('',#7702,.F.);
#7702 = EDGE_LOOP('',(#7703));
#7703 = ORIENTED_EDGE('',*,*,#6967,.F.);
#7704 = ADVANCED_FACE('',(#7705),#7037,.T.);
#7705 = FACE_BOUND('',#7706,.F.);
#7706 = EDGE_LOOP('',(#7707));
#7707 = ORIENTED_EDGE('',*,*,#7022,.F.);
#7708 = ADVANCED_FACE('',(#7709),#7092,.T.);
#7709 = FACE_BOUND('',#7710,.F.);
#7710 = EDGE_LOOP('',(#7711));
#7711 = ORIENTED_EDGE('',*,*,#7077,.F.);
#7712 = ADVANCED_FACE('',(#7713),#7147,.T.);
#7713 = FACE_BOUND('',#7714,.F.);
#7714 = EDGE_LOOP('',(#7715));
#7715 = ORIENTED_EDGE('',*,*,#7132,.F.);
#7716 = ADVANCED_FACE('',(#7717),#7202,.T.);
#7717 = FACE_BOUND('',#7718,.F.);
#7718 = EDGE_LOOP('',(#7719));
#7719 = ORIENTED_EDGE('',*,*,#7187,.F.);
#7720 = ADVANCED_FACE('',(#7721),#7257,.T.);
#7721 = FACE_BOUND('',#7722,.F.);
#7722 = EDGE_LOOP('',(#7723));
#7723 = ORIENTED_EDGE('',*,*,#7242,.F.);
#7724 = ADVANCED_FACE('',(#7725),#7312,.T.);
#7725 = FACE_BOUND('',#7726,.F.);
#7726 = EDGE_LOOP('',(#7727));
#7727 = ORIENTED_EDGE('',*,*,#7297,.F.);
#7728 = ADVANCED_FACE('',(#7729),#7367,.T.);
#7729 = FACE_BOUND('',#7730,.F.);
#7730 = EDGE_LOOP('',(#7731));
#7731 = ORIENTED_EDGE('',*,*,#7352,.F.);
#7732 = ADVANCED_FACE('',(#7733),#7422,.T.);
#7733 = FACE_BOUND('',#7734,.F.);
#7734 = EDGE_LOOP('',(#7735));
#7735 = ORIENTED_EDGE('',*,*,#7407,.F.);
#7736 = ADVANCED_FACE('',(#7737),#7477,.T.);
#7737 = FACE_BOUND('',#7738,.F.);
#7738 = EDGE_LOOP('',(#7739));
#7739 = ORIENTED_EDGE('',*,*,#7462,.F.);
#7740 = ADVANCED_FACE('',(#7741),#7532,.T.);
#7741 = FACE_BOUND('',#7742,.F.);
#7742 = EDGE_LOOP('',(#7743));
#7743 = ORIENTED_EDGE('',*,*,#7517,.F.);
#7744 = ( GEOMETRIC_REPRESENTATION_CONTEXT(3) 
GLOBAL_UNCERTAINTY_ASSIGNED_CONTEXT((#7748)) 
GLOBAL_UNIT_ASSIGNED_CONTEXT((#7745,#7746,#7747)) REPRESENTATION_CONTEXT
('Context #1','3D Context with UNIT and UNCERTAINTY') );
#7745 = ( LENGTH_UNIT() NAMED_UNIT(*) SI_UNIT(.MILLI.,.METRE.) );
#7746 = ( NAMED_UNIT(*) PLANE_ANGLE_UNIT() SI_UNIT($,.RADIAN.) );
#7747 = ( NAMED_UNIT(*) SI_UNIT($,.STERADIAN.) SOLID_ANGLE_UNIT() );
#7748 = UNCERTAINTY_MEASURE_WITH_UNIT(LENGTH_MEASURE(1.E-07),#7745,
  'distance_accuracy_value','confusion accuracy');
#7749 = SHAPE_DEFINITION_REPRESENTATION(#7750,#29);
#7750 = PRODUCT_DEFINITION_SHAPE('','',#7751);
#7751 = PRODUCT_DEFINITION('design','',#7752,#7755);
#7752 = PRODUCT_DEFINITION_FORMATION('','',#7753);
#7753 = PRODUCT('Body','Body','',(#7754));
#7754 = PRODUCT_CONTEXT('',#2,'mechanical');
#7755 = PRODUCT_DEFINITION_CONTEXT('part definition',#2,'design');
#7756 = CONTEXT_DEPENDENT_SHAPE_REPRESENTATION(#7757,#7759);
#7757 = ( REPRESENTATION_RELATIONSHIP('','',#29,#10) 
REPRESENTATION_RELATIONSHIP_WITH_TRANSFORMATION(#7758) 
SHAPE_REPRESENTATION_RELATIONSHIP() );
#7758 = ITEM_DEFINED_TRANSFORMATION('','',#11,#15);
#7759 = PRODUCT_DEFINITION_SHAPE('Placement','Placement of an item',
  #7760);
#7760 = NEXT_ASSEMBLY_USAGE_OCCURRENCE('1','=>[0:1:1:2]','',#5,#7751,$);
#7761 = PRODUCT_RELATED_PRODUCT_CATEGORY('part',$,(#7753));
#7762 = SHAPE_REPRESENTATION('',(#11,#7763,#7914,#8065,#8216,#8367,#8518
    ,#8669,#8820,#8971,#9122,#9273,#9424,#9575,#9726,#9877,#10028,#10179
    ,#10330,#10481,#10632,#10783,#10934,#11085,#11236,#11387,#11538,
    #11689,#11840,#11991,#12142,#12293,#12444,#12595,#12746,#12897,
    #13048,#13199,#13350,#13501,#13652,#13803,#13954,#14105,#14256,
    #14407,#14558,#14709,#14860,#15011,#15162),#15313);
#7763 = MANIFOLD_SOLID_BREP('',#7764);
#7764 = CLOSED_SHELL('',(#7765,#7853,#7906,#7910));
#7765 = ADVANCED_FACE('',(#7766),#7780,.T.);
#7766 = FACE_BOUND('',#7767,.T.);
#7767 = EDGE_LOOP('',(#7768,#7798,#7825,#7826));
#7768 = ORIENTED_EDGE('',*,*,#7769,.T.);
#7769 = EDGE_CURVE('',#7770,#7772,#7774,.T.);
#7770 = VERTEX_POINT('',#7771);
#7771 = CARTESIAN_POINT('',(0.35,0.,-2.82));
#7772 = VERTEX_POINT('',#7773);
#7773 = CARTESIAN_POINT('',(0.35,-8.572527594031E-17,1.44));
#7774 = SEAM_CURVE('',#7775,(#7779,#7791),.PCURVE_S1.);
#7775 = LINE('',#7776,#7777);
#7776 = CARTESIAN_POINT('',(0.35,-8.572527594031E-17,-3.1));
#7777 = VECTOR('',#7778,1.);
#7778 = DIRECTION('',(0.,0.,1.));
#7779 = PCURVE('',#7780,#7785);
#7780 = CYLINDRICAL_SURFACE('',#7781,0.35);
#7781 = AXIS2_PLACEMENT_3D('',#7782,#7783,#7784);
#7782 = CARTESIAN_POINT('',(0.,0.,-3.1));
#7783 = DIRECTION('',(0.,0.,1.));
#7784 = DIRECTION('',(1.,0.,0.));
#7785 = DEFINITIONAL_REPRESENTATION('',(#7786),#7790);
#7786 = LINE('',#7787,#7788);
#7787 = CARTESIAN_POINT('',(6.28318530718,-0.));
#7788 = VECTOR('',#7789,1.);
#7789 = DIRECTION('',(0.,1.));
#7790 = ( GEOMETRIC_REPRESENTATION_CONTEXT(2) 
PARAMETRIC_REPRESENTATION_CONTEXT() REPRESENTATION_CONTEXT('2D SPACE',''
  ) );
#7791 = PCURVE('',#7780,#7792);
#7792 = DEFINITIONAL_REPRESENTATION('',(#7793),#7797);
#7793 = LINE('',#7794,#7795);
#7794 = CARTESIAN_POINT('',(0.,-0.));
#7795 = VECTOR('',#7796,1.);
#7796 = DIRECTION('',(0.,1.));
#7797 = ( GEOMETRIC_REPRESENTATION_CONTEXT(2) 
PARAMETRIC_REPRESENTATION_CONTEXT() REPRESENTATION_CONTEXT('2D SPACE',''
  ) );
#7798 = ORIENTED_EDGE('',*,*,#7799,.F.);
#7799 = EDGE_CURVE('',#7772,#7772,#7800,.T.);
#7800 = SURFACE_CURVE('',#7801,(#7806,#7813),.PCURVE_S1.);
#7801 = CIRCLE('',#7802,0.35);
#7802 = AXIS2_PLACEMENT_3D('',#7803,#7804,#7805);
#7803 = CARTESIAN_POINT('',(0.,0.,1.44));
#7804 = DIRECTION('',(0.,0.,1.));
#7805 = DIRECTION('',(1.,0.,0.));
#7806 = PCURVE('',#7780,#7807);
#7807 = DEFINITIONAL_REPRESENTATION('',(#7808),#7812);
#7808 = LINE('',#7809,#7810);
#7809 = CARTESIAN_POINT('',(0.,4.54));
#7810 = VECTOR('',#7811,1.);
#7811 = DIRECTION('',(1.,0.));
#7812 = ( GEOMETRIC_REPRESENTATION_CONTEXT(2) 
PARAMETRIC_REPRESENTATION_CONTEXT() REPRESENTATION_CONTEXT('2D SPACE',''
  ) );
#7813 = PCURVE('',#7814,#7819);
#7814 = PLANE('',#7815);
#7815 = AXIS2_PLACEMENT_3D('',#7816,#7817,#7818);
#7816 = CARTESIAN_POINT('',(0.,0.,1.44));
#7817 = DIRECTION('',(0.,0.,1.));
#7818 = DIRECTION('',(1.,0.,0.));
#7819 = DEFINITIONAL_REPRESENTATION('',(#7820),#7824);
#7820 = CIRCLE('',#7821,0.35);
#7821 = AXIS2_PLACEMENT_2D('',#7822,#7823);
#7822 = CARTESIAN_POINT('',(0.,0.));
#7823 = DIRECTION('',(1.,0.));
#7824 = ( GEOMETRIC_REPRESENTATION_CONTEXT(2) 
PARAMETRIC_REPRESENTATION_CONTEXT() REPRESENTATION_CONTEXT('2D SPACE',''
  ) );
#7825 = ORIENTED_EDGE('',*,*,#7769,.F.);
#7826 = ORIENTED_EDGE('',*,*,#7827,.T.);
#7827 = EDGE_CURVE('',#7770,#7770,#7828,.T.);
#7828 = SURFACE_CURVE('',#7829,(#7834,#7841),.PCURVE_S1.);
#7829 = CIRCLE('',#7830,0.35);
#7830 = AXIS2_PLACEMENT_3D('',#7831,#7832,#7833);
#7831 = CARTESIAN_POINT('',(0.,0.,-2.82));
#7832 = DIRECTION('',(0.,0.,1.));
#7833 = DIRECTION('',(1.,0.,0.));
#7834 = PCURVE('',#7780,#7835);
#7835 = DEFINITIONAL_REPRESENTATION('',(#7836),#7840);
#7836 = LINE('',#7837,#7838);
#7837 = CARTESIAN_POINT('',(0.,0.28));
#7838 = VECTOR('',#7839,1.);
#7839 = DIRECTION('',(1.,0.));
#7840 = ( GEOMETRIC_REPRESENTATION_CONTEXT(2) 
PARAMETRIC_REPRESENTATION_CONTEXT() REPRESENTATION_CONTEXT('2D SPACE',''
  ) );
#7841 = PCURVE('',#7842,#7847);
#7842 = CONICAL_SURFACE('',#7843,0.35,0.785398163397);
#7843 = AXIS2_PLACEMENT_3D('',#7844,#7845,#7846);
#7844 = CARTESIAN_POINT('',(0.,0.,-2.82));
#7845 = DIRECTION('',(0.,0.,1.));
#7846 = DIRECTION('',(1.,0.,0.));
#7847 = DEFINITIONAL_REPRESENTATION('',(#7848),#7852);
#7848 = LINE('',#7849,#7850);
#7849 = CARTESIAN_POINT('',(0.,-0.));
#7850 = VECTOR('',#7851,1.);
#7851 = DIRECTION('',(1.,-0.));
#7852 = ( GEOMETRIC_REPRESENTATION_CONTEXT(2) 
PARAMETRIC_REPRESENTATION_CONTEXT() REPRESENTATION_CONTEXT('2D SPACE',''
  ) );
#7853 = ADVANCED_FACE('',(#7854),#7842,.T.);
#7854 = FACE_BOUND('',#7855,.F.);
#7855 = EDGE_LOOP('',(#7856,#7877,#7878,#7879));
#7856 = ORIENTED_EDGE('',*,*,#7857,.F.);
#7857 = EDGE_CURVE('',#7770,#7858,#7860,.T.);
#7858 = VERTEX_POINT('',#7859);
#7859 = CARTESIAN_POINT('',(7.E-02,0.,-3.1));
#7860 = SEAM_CURVE('',#7861,(#7865,#7871),.PCURVE_S1.);
#7861 = LINE('',#7862,#7863);
#7862 = CARTESIAN_POINT('',(0.35,0.,-2.82));
#7863 = VECTOR('',#7864,1.);
#7864 = DIRECTION('',(-0.707106781187,-0.,-0.707106781187));
#7865 = PCURVE('',#7842,#7866);
#7866 = DEFINITIONAL_REPRESENTATION('',(#7867),#7870);
#7867 = B_SPLINE_CURVE_WITH_KNOTS('',1,(#7868,#7869),.UNSPECIFIED.,.F.,
  .F.,(2,2),(0.,0.395979797464),.PIECEWISE_BEZIER_KNOTS.);
#7868 = CARTESIAN_POINT('',(0.,0.));
#7869 = CARTESIAN_POINT('',(0.,-0.28));
#7870 = ( GEOMETRIC_REPRESENTATION_CONTEXT(2) 
PARAMETRIC_REPRESENTATION_CONTEXT() REPRESENTATION_CONTEXT('2D SPACE',''
  ) );
#7871 = PCURVE('',#7842,#7872);
#7872 = DEFINITIONAL_REPRESENTATION('',(#7873),#7876);
#7873 = B_SPLINE_CURVE_WITH_KNOTS('',1,(#7874,#7875),.UNSPECIFIED.,.F.,
  .F.,(2,2),(0.,0.395979797464),.PIECEWISE_BEZIER_KNOTS.);
#7874 = CARTESIAN_POINT('',(6.28318530718,0.));
#7875 = CARTESIAN_POINT('',(6.28318530718,-0.28));
#7876 = ( GEOMETRIC_REPRESENTATION_CONTEXT(2) 
PARAMETRIC_REPRESENTATION_CONTEXT() REPRESENTATION_CONTEXT('2D SPACE',''
  ) );
#7877 = ORIENTED_EDGE('',*,*,#7827,.T.);
#7878 = ORIENTED_EDGE('',*,*,#7857,.T.);
#7879 = ORIENTED_EDGE('',*,*,#7880,.F.);
#7880 = EDGE_CURVE('',#7858,#7858,#7881,.T.);
#7881 = SURFACE_CURVE('',#7882,(#7887,#7894),.PCURVE_S1.);
#7882 = CIRCLE('',#7883,7.E-02);
#7883 = AXIS2_PLACEMENT_3D('',#7884,#7885,#7886);
#7884 = CARTESIAN_POINT('',(0.,0.,-3.1));
#7885 = DIRECTION('',(0.,0.,1.));
#7886 = DIRECTION('',(1.,0.,0.));
#7887 = PCURVE('',#7842,#7888);
#7888 = DEFINITIONAL_REPRESENTATION('',(#7889),#7893);
#7889 = LINE('',#7890,#7891);
#7890 = CARTESIAN_POINT('',(0.,-0.28));
#7891 = VECTOR('',#7892,1.);
#7892 = DIRECTION('',(1.,-0.));
#7893 = ( GEOMETRIC_REPRESENTATION_CONTEXT(2) 
PARAMETRIC_REPRESENTATION_CONTEXT() REPRESENTATION_CONTEXT('2D SPACE',''
  ) );
#7894 = PCURVE('',#7895,#7900);
#7895 = PLANE('',#7896);
#7896 = AXIS2_PLACEMENT_3D('',#7897,#7898,#7899);
#7897 = CARTESIAN_POINT('',(0.,0.,-3.1));
#7898 = DIRECTION('',(0.,0.,1.));
#7899 = DIRECTION('',(1.,0.,0.));
#7900 = DEFINITIONAL_REPRESENTATION('',(#7901),#7905);
#7901 = CIRCLE('',#7902,7.E-02);
#7902 = AXIS2_PLACEMENT_2D('',#7903,#7904);
#7903 = CARTESIAN_POINT('',(0.,0.));
#7904 = DIRECTION('',(1.,0.));
#7905 = ( GEOMETRIC_REPRESENTATION_CONTEXT(2) 
PARAMETRIC_REPRESENTATION_CONTEXT() REPRESENTATION_CONTEXT('2D SPACE',''
  ) );
#7906 = ADVANCED_FACE('',(#7907),#7814,.T.);
#7907 = FACE_BOUND('',#7908,.T.);
#7908 = EDGE_LOOP('',(#7909));
#7909 = ORIENTED_EDGE('',*,*,#7799,.T.);
#7910 = ADVANCED_FACE('',(#7911),#7895,.F.);
#7911 = FACE_BOUND('',#7912,.F.);
#7912 = EDGE_LOOP('',(#7913));
#7913 = ORIENTED_EDGE('',*,*,#7880,.T.);
#7914 = MANIFOLD_SOLID_BREP('',#7915);
#7915 = CLOSED_SHELL('',(#7916,#8004,#8057,#8061));
#7916 = ADVANCED_FACE('',(#7917),#7931,.T.);
#7917 = FACE_BOUND('',#7918,.T.);
#7918 = EDGE_LOOP('',(#7919,#7949,#7976,#7977));
#7919 = ORIENTED_EDGE('',*,*,#7920,.T.);
#7920 = EDGE_CURVE('',#7921,#7923,#7925,.T.);
#7921 = VERTEX_POINT('',#7922);
#7922 = CARTESIAN_POINT('',(0.35,2.54,-2.82));
#7923 = VERTEX_POINT('',#7924);
#7924 = CARTESIAN_POINT('',(0.35,2.54,1.44));
#7925 = SEAM_CURVE('',#7926,(#7930,#7942),.PCURVE_S1.);
#7926 = LINE('',#7927,#7928);
#7927 = CARTESIAN_POINT('',(0.35,2.54,-3.1));
#7928 = VECTOR('',#7929,1.);
#7929 = DIRECTION('',(0.,0.,1.));
#7930 = PCURVE('',#7931,#7936);
#7931 = CYLINDRICAL_SURFACE('',#7932,0.35);
#7932 = AXIS2_PLACEMENT_3D('',#7933,#7934,#7935);
#7933 = CARTESIAN_POINT('',(0.,2.54,-3.1));
#7934 = DIRECTION('',(0.,0.,1.));
#7935 = DIRECTION('',(1.,0.,0.));
#7936 = DEFINITIONAL_REPRESENTATION('',(#7937),#7941);
#7937 = LINE('',#7938,#7939);
#7938 = CARTESIAN_POINT('',(6.28318530718,-0.));
#7939 = VECTOR('',#7940,1.);
#7940 = DIRECTION('',(0.,1.));
#7941 = ( GEOMETRIC_REPRESENTATION_CONTEXT(2) 
PARAMETRIC_REPRESENTATION_CONTEXT() REPRESENTATION_CONTEXT('2D SPACE',''
  ) );
#7942 = PCURVE('',#7931,#7943);
#7943 = DEFINITIONAL_REPRESENTATION('',(#7944),#7948);
#7944 = LINE('',#7945,#7946);
#7945 = CARTESIAN_POINT('',(0.,-0.));
#7946 = VECTOR('',#7947,1.);
#7947 = DIRECTION('',(0.,1.));
#7948 = ( GEOMETRIC_REPRESENTATION_CONTEXT(2) 
PARAMETRIC_REPRESENTATION_CONTEXT() REPRESENTATION_CONTEXT('2D SPACE',''
  ) );
#7949 = ORIENTED_EDGE('',*,*,#7950,.F.);
#7950 = EDGE_CURVE('',#7923,#7923,#7951,.T.);
#7951 = SURFACE_CURVE('',#7952,(#7957,#7964),.PCURVE_S1.);
#7952 = CIRCLE('',#7953,0.35);
#7953 = AXIS2_PLACEMENT_3D('',#7954,#7955,#7956);
#7954 = CARTESIAN_POINT('',(0.,2.54,1.44));
#7955 = DIRECTION('',(0.,0.,1.));
#7956 = DIRECTION('',(1.,0.,0.));
#7957 = PCURVE('',#7931,#7958);
#7958 = DEFINITIONAL_REPRESENTATION('',(#7959),#7963);
#7959 = LINE('',#7960,#7961);
#7960 = CARTESIAN_POINT('',(0.,4.54));
#7961 = VECTOR('',#7962,1.);
#7962 = DIRECTION('',(1.,0.));
#7963 = ( GEOMETRIC_REPRESENTATION_CONTEXT(2) 
PARAMETRIC_REPRESENTATION_CONTEXT() REPRESENTATION_CONTEXT('2D SPACE',''
  ) );
#7964 = PCURVE('',#7965,#7970);
#7965 = PLANE('',#7966);
#7966 = AXIS2_PLACEMENT_3D('',#7967,#7968,#7969);
#7967 = CARTESIAN_POINT('',(0.,2.54,1.44));
#7968 = DIRECTION('',(0.,0.,1.));
#7969 = DIRECTION('',(1.,0.,0.));
#7970 = DEFINITIONAL_REPRESENTATION('',(#7971),#7975);
#7971 = CIRCLE('',#7972,0.35);
#7972 = AXIS2_PLACEMENT_2D('',#7973,#7974);
#7973 = CARTESIAN_POINT('',(0.,0.));
#7974 = DIRECTION('',(1.,0.));
#7975 = ( GEOMETRIC_REPRESENTATION_CONTEXT(2) 
PARAMETRIC_REPRESENTATION_CONTEXT() REPRESENTATION_CONTEXT('2D SPACE',''
  ) );
#7976 = ORIENTED_EDGE('',*,*,#7920,.F.);
#7977 = ORIENTED_EDGE('',*,*,#7978,.T.);
#7978 = EDGE_CURVE('',#7921,#7921,#7979,.T.);
#7979 = SURFACE_CURVE('',#7980,(#7985,#7992),.PCURVE_S1.);
#7980 = CIRCLE('',#7981,0.35);
#7981 = AXIS2_PLACEMENT_3D('',#7982,#7983,#7984);
#7982 = CARTESIAN_POINT('',(0.,2.54,-2.82));
#7983 = DIRECTION('',(0.,0.,1.));
#7984 = DIRECTION('',(1.,0.,0.));
#7985 = PCURVE('',#7931,#7986);
#7986 = DEFINITIONAL_REPRESENTATION('',(#7987),#7991);
#7987 = LINE('',#7988,#7989);
#7988 = CARTESIAN_POINT('',(0.,0.28));
#7989 = VECTOR('',#7990,1.);
#7990 = DIRECTION('',(1.,0.));
#7991 = ( GEOMETRIC_REPRESENTATION_CONTEXT(2) 
PARAMETRIC_REPRESENTATION_CONTEXT() REPRESENTATION_CONTEXT('2D SPACE',''
  ) );
#7992 = PCURVE('',#7993,#7998);
#7993 = CONICAL_SURFACE('',#7994,0.35,0.785398163397);
#7994 = AXIS2_PLACEMENT_3D('',#7995,#7996,#7997);
#7995 = CARTESIAN_POINT('',(0.,2.54,-2.82));
#7996 = DIRECTION('',(0.,0.,1.));
#7997 = DIRECTION('',(1.,0.,0.));
#7998 = DEFINITIONAL_REPRESENTATION('',(#7999),#8003);
#7999 = LINE('',#8000,#8001);
#8000 = CARTESIAN_POINT('',(0.,-0.));
#8001 = VECTOR('',#8002,1.);
#8002 = DIRECTION('',(1.,-0.));
#8003 = ( GEOMETRIC_REPRESENTATION_CONTEXT(2) 
PARAMETRIC_REPRESENTATION_CONTEXT() REPRESENTATION_CONTEXT('2D SPACE',''
  ) );
#8004 = ADVANCED_FACE('',(#8005),#7993,.T.);
#8005 = FACE_BOUND('',#8006,.F.);
#8006 = EDGE_LOOP('',(#8007,#8028,#8029,#8030));
#8007 = ORIENTED_EDGE('',*,*,#8008,.F.);
#8008 = EDGE_CURVE('',#7921,#8009,#8011,.T.);
#8009 = VERTEX_POINT('',#8010);
#8010 = CARTESIAN_POINT('',(7.E-02,2.54,-3.1));
#8011 = SEAM_CURVE('',#8012,(#8016,#8022),.PCURVE_S1.);
#8012 = LINE('',#8013,#8014);
#8013 = CARTESIAN_POINT('',(0.35,2.54,-2.82));
#8014 = VECTOR('',#8015,1.);
#8015 = DIRECTION('',(-0.707106781187,-0.,-0.707106781187));
#8016 = PCURVE('',#7993,#8017);
#8017 = DEFINITIONAL_REPRESENTATION('',(#8018),#8021);
#8018 = B_SPLINE_CURVE_WITH_KNOTS('',1,(#8019,#8020),.UNSPECIFIED.,.F.,
  .F.,(2,2),(0.,0.395979797464),.PIECEWISE_BEZIER_KNOTS.);
#8019 = CARTESIAN_POINT('',(0.,0.));
#8020 = CARTESIAN_POINT('',(0.,-0.28));
#8021 = ( GEOMETRIC_REPRESENTATION_CONTEXT(2) 
PARAMETRIC_REPRESENTATION_CONTEXT() REPRESENTATION_CONTEXT('2D SPACE',''
  ) );
#8022 = PCURVE('',#7993,#8023);
#8023 = DEFINITIONAL_REPRESENTATION('',(#8024),#8027);
#8024 = B_SPLINE_CURVE_WITH_KNOTS('',1,(#8025,#8026),.UNSPECIFIED.,.F.,
  .F.,(2,2),(0.,0.395979797464),.PIECEWISE_BEZIER_KNOTS.);
#8025 = CARTESIAN_POINT('',(6.28318530718,0.));
#8026 = CARTESIAN_POINT('',(6.28318530718,-0.28));
#8027 = ( GEOMETRIC_REPRESENTATION_CONTEXT(2) 
PARAMETRIC_REPRESENTATION_CONTEXT() REPRESENTATION_CONTEXT('2D SPACE',''
  ) );
#8028 = ORIENTED_EDGE('',*,*,#7978,.T.);
#8029 = ORIENTED_EDGE('',*,*,#8008,.T.);
#8030 = ORIENTED_EDGE('',*,*,#8031,.F.);
#8031 = EDGE_CURVE('',#8009,#8009,#8032,.T.);
#8032 = SURFACE_CURVE('',#8033,(#8038,#8045),.PCURVE_S1.);
#8033 = CIRCLE('',#8034,7.E-02);
#8034 = AXIS2_PLACEMENT_3D('',#8035,#8036,#8037);
#8035 = CARTESIAN_POINT('',(0.,2.54,-3.1));
#8036 = DIRECTION('',(0.,0.,1.));
#8037 = DIRECTION('',(1.,0.,0.));
#8038 = PCURVE('',#7993,#8039);
#8039 = DEFINITIONAL_REPRESENTATION('',(#8040),#8044);
#8040 = LINE('',#8041,#8042);
#8041 = CARTESIAN_POINT('',(0.,-0.28));
#8042 = VECTOR('',#8043,1.);
#8043 = DIRECTION('',(1.,-0.));
#8044 = ( GEOMETRIC_REPRESENTATION_CONTEXT(2) 
PARAMETRIC_REPRESENTATION_CONTEXT() REPRESENTATION_CONTEXT('2D SPACE',''
  ) );
#8045 = PCURVE('',#8046,#8051);
#8046 = PLANE('',#8047);
#8047 = AXIS2_PLACEMENT_3D('',#8048,#8049,#8050);
#8048 = CARTESIAN_POINT('',(0.,2.54,-3.1));
#8049 = DIRECTION('',(0.,0.,1.));
#8050 = DIRECTION('',(1.,0.,0.));
#8051 = DEFINITIONAL_REPRESENTATION('',(#8052),#8056);
#8052 = CIRCLE('',#8053,7.E-02);
#8053 = AXIS2_PLACEMENT_2D('',#8054,#8055);
#8054 = CARTESIAN_POINT('',(0.,0.));
#8055 = DIRECTION('',(1.,0.));
#8056 = ( GEOMETRIC_REPRESENTATION_CONTEXT(2) 
PARAMETRIC_REPRESENTATION_CONTEXT() REPRESENTATION_CONTEXT('2D SPACE',''
  ) );
#8057 = ADVANCED_FACE('',(#8058),#7965,.T.);
#8058 = FACE_BOUND('',#8059,.T.);
#8059 = EDGE_LOOP('',(#8060));
#8060 = ORIENTED_EDGE('',*,*,#7950,.T.);
#8061 = ADVANCED_FACE('',(#8062),#8046,.F.);
#8062 = FACE_BOUND('',#8063,.F.);
#8063 = EDGE_LOOP('',(#8064));
#8064 = ORIENTED_EDGE('',*,*,#8031,.T.);
#8065 = MANIFOLD_SOLID_BREP('',#8066);
#8066 = CLOSED_SHELL('',(#8067,#8155,#8208,#8212));
#8067 = ADVANCED_FACE('',(#8068),#8082,.T.);
#8068 = FACE_BOUND('',#8069,.T.);
#8069 = EDGE_LOOP('',(#8070,#8100,#8127,#8128));
#8070 = ORIENTED_EDGE('',*,*,#8071,.T.);
#8071 = EDGE_CURVE('',#8072,#8074,#8076,.T.);
#8072 = VERTEX_POINT('',#8073);
#8073 = CARTESIAN_POINT('',(-2.19,0.,-2.82));
#8074 = VERTEX_POINT('',#8075);
#8075 = CARTESIAN_POINT('',(-2.19,-8.572527594031E-17,1.44));
#8076 = SEAM_CURVE('',#8077,(#8081,#8093),.PCURVE_S1.);
#8077 = LINE('',#8078,#8079);
#8078 = CARTESIAN_POINT('',(-2.19,-8.572527594031E-17,-3.1));
#8079 = VECTOR('',#8080,1.);
#8080 = DIRECTION('',(0.,0.,1.));
#8081 = PCURVE('',#8082,#8087);
#8082 = CYLINDRICAL_SURFACE('',#8083,0.35);
#8083 = AXIS2_PLACEMENT_3D('',#8084,#8085,#8086);
#8084 = CARTESIAN_POINT('',(-2.54,0.,-3.1));
#8085 = DIRECTION('',(0.,0.,1.));
#8086 = DIRECTION('',(1.,0.,0.));
#8087 = DEFINITIONAL_REPRESENTATION('',(#8088),#8092);
#8088 = LINE('',#8089,#8090);
#8089 = CARTESIAN_POINT('',(6.28318530718,-0.));
#8090 = VECTOR('',#8091,1.);
#8091 = DIRECTION('',(0.,1.));
#8092 = ( GEOMETRIC_REPRESENTATION_CONTEXT(2) 
PARAMETRIC_REPRESENTATION_CONTEXT() REPRESENTATION_CONTEXT('2D SPACE',''
  ) );
#8093 = PCURVE('',#8082,#8094);
#8094 = DEFINITIONAL_REPRESENTATION('',(#8095),#8099);
#8095 = LINE('',#8096,#8097);
#8096 = CARTESIAN_POINT('',(0.,-0.));
#8097 = VECTOR('',#8098,1.);
#8098 = DIRECTION('',(0.,1.));
#8099 = ( GEOMETRIC_REPRESENTATION_CONTEXT(2) 
PARAMETRIC_REPRESENTATION_CONTEXT() REPRESENTATION_CONTEXT('2D SPACE',''
  ) );
#8100 = ORIENTED_EDGE('',*,*,#8101,.F.);
#8101 = EDGE_CURVE('',#8074,#8074,#8102,.T.);
#8102 = SURFACE_CURVE('',#8103,(#8108,#8115),.PCURVE_S1.);
#8103 = CIRCLE('',#8104,0.35);
#8104 = AXIS2_PLACEMENT_3D('',#8105,#8106,#8107);
#8105 = CARTESIAN_POINT('',(-2.54,0.,1.44));
#8106 = DIRECTION('',(0.,0.,1.));
#8107 = DIRECTION('',(1.,0.,0.));
#8108 = PCURVE('',#8082,#8109);
#8109 = DEFINITIONAL_REPRESENTATION('',(#8110),#8114);
#8110 = LINE('',#8111,#8112);
#8111 = CARTESIAN_POINT('',(0.,4.54));
#8112 = VECTOR('',#8113,1.);
#8113 = DIRECTION('',(1.,0.));
#8114 = ( GEOMETRIC_REPRESENTATION_CONTEXT(2) 
PARAMETRIC_REPRESENTATION_CONTEXT() REPRESENTATION_CONTEXT('2D SPACE',''
  ) );
#8115 = PCURVE('',#8116,#8121);
#8116 = PLANE('',#8117);
#8117 = AXIS2_PLACEMENT_3D('',#8118,#8119,#8120);
#8118 = CARTESIAN_POINT('',(-2.54,0.,1.44));
#8119 = DIRECTION('',(0.,0.,1.));
#8120 = DIRECTION('',(1.,0.,0.));
#8121 = DEFINITIONAL_REPRESENTATION('',(#8122),#8126);
#8122 = CIRCLE('',#8123,0.35);
#8123 = AXIS2_PLACEMENT_2D('',#8124,#8125);
#8124 = CARTESIAN_POINT('',(0.,0.));
#8125 = DIRECTION('',(1.,0.));
#8126 = ( GEOMETRIC_REPRESENTATION_CONTEXT(2) 
PARAMETRIC_REPRESENTATION_CONTEXT() REPRESENTATION_CONTEXT('2D SPACE',''
  ) );
#8127 = ORIENTED_EDGE('',*,*,#8071,.F.);
#8128 = ORIENTED_EDGE('',*,*,#8129,.T.);
#8129 = EDGE_CURVE('',#8072,#8072,#8130,.T.);
#8130 = SURFACE_CURVE('',#8131,(#8136,#8143),.PCURVE_S1.);
#8131 = CIRCLE('',#8132,0.35);
#8132 = AXIS2_PLACEMENT_3D('',#8133,#8134,#8135);
#8133 = CARTESIAN_POINT('',(-2.54,0.,-2.82));
#8134 = DIRECTION('',(0.,0.,1.));
#8135 = DIRECTION('',(1.,0.,0.));
#8136 = PCURVE('',#8082,#8137);
#8137 = DEFINITIONAL_REPRESENTATION('',(#8138),#8142);
#8138 = LINE('',#8139,#8140);
#8139 = CARTESIAN_POINT('',(0.,0.28));
#8140 = VECTOR('',#8141,1.);
#8141 = DIRECTION('',(1.,0.));
#8142 = ( GEOMETRIC_REPRESENTATION_CONTEXT(2) 
PARAMETRIC_REPRESENTATION_CONTEXT() REPRESENTATION_CONTEXT('2D SPACE',''
  ) );
#8143 = PCURVE('',#8144,#8149);
#8144 = CONICAL_SURFACE('',#8145,0.35,0.785398163397);
#8145 = AXIS2_PLACEMENT_3D('',#8146,#8147,#8148);
#8146 = CARTESIAN_POINT('',(-2.54,0.,-2.82));
#8147 = DIRECTION('',(0.,0.,1.));
#8148 = DIRECTION('',(1.,0.,0.));
#8149 = DEFINITIONAL_REPRESENTATION('',(#8150),#8154);
#8150 = LINE('',#8151,#8152);
#8151 = CARTESIAN_POINT('',(0.,-0.));
#8152 = VECTOR('',#8153,1.);
#8153 = DIRECTION('',(1.,-0.));
#8154 = ( GEOMETRIC_REPRESENTATION_CONTEXT(2) 
PARAMETRIC_REPRESENTATION_CONTEXT() REPRESENTATION_CONTEXT('2D SPACE',''
  ) );
#8155 = ADVANCED_FACE('',(#8156),#8144,.T.);
#8156 = FACE_BOUND('',#8157,.F.);
#8157 = EDGE_LOOP('',(#8158,#8179,#8180,#8181));
#8158 = ORIENTED_EDGE('',*,*,#8159,.F.);
#8159 = EDGE_CURVE('',#8072,#8160,#8162,.T.);
#8160 = VERTEX_POINT('',#8161);
#8161 = CARTESIAN_POINT('',(-2.47,0.,-3.1));
#8162 = SEAM_CURVE('',#8163,(#8167,#8173),.PCURVE_S1.);
#8163 = LINE('',#8164,#8165);
#8164 = CARTESIAN_POINT('',(-2.19,0.,-2.82));
#8165 = VECTOR('',#8166,1.);
#8166 = DIRECTION('',(-0.707106781187,-0.,-0.707106781187));
#8167 = PCURVE('',#8144,#8168);
#8168 = DEFINITIONAL_REPRESENTATION('',(#8169),#8172);
#8169 = B_SPLINE_CURVE_WITH_KNOTS('',1,(#8170,#8171),.UNSPECIFIED.,.F.,
  .F.,(2,2),(0.,0.395979797464),.PIECEWISE_BEZIER_KNOTS.);
#8170 = CARTESIAN_POINT('',(0.,0.));
#8171 = CARTESIAN_POINT('',(0.,-0.28));
#8172 = ( GEOMETRIC_REPRESENTATION_CONTEXT(2) 
PARAMETRIC_REPRESENTATION_CONTEXT() REPRESENTATION_CONTEXT('2D SPACE',''
  ) );
#8173 = PCURVE('',#8144,#8174);
#8174 = DEFINITIONAL_REPRESENTATION('',(#8175),#8178);
#8175 = B_SPLINE_CURVE_WITH_KNOTS('',1,(#8176,#8177),.UNSPECIFIED.,.F.,
  .F.,(2,2),(0.,0.395979797464),.PIECEWISE_BEZIER_KNOTS.);
#8176 = CARTESIAN_POINT('',(6.28318530718,0.));
#8177 = CARTESIAN_POINT('',(6.28318530718,-0.28));
#8178 = ( GEOMETRIC_REPRESENTATION_CONTEXT(2) 
PARAMETRIC_REPRESENTATION_CONTEXT() REPRESENTATION_CONTEXT('2D SPACE',''
  ) );
#8179 = ORIENTED_EDGE('',*,*,#8129,.T.);
#8180 = ORIENTED_EDGE('',*,*,#8159,.T.);
#8181 = ORIENTED_EDGE('',*,*,#8182,.F.);
#8182 = EDGE_CURVE('',#8160,#8160,#8183,.T.);
#8183 = SURFACE_CURVE('',#8184,(#8189,#8196),.PCURVE_S1.);
#8184 = CIRCLE('',#8185,7.E-02);
#8185 = AXIS2_PLACEMENT_3D('',#8186,#8187,#8188);
#8186 = CARTESIAN_POINT('',(-2.54,0.,-3.1));
#8187 = DIRECTION('',(0.,0.,1.));
#8188 = DIRECTION('',(1.,0.,0.));
#8189 = PCURVE('',#8144,#8190);
#8190 = DEFINITIONAL_REPRESENTATION('',(#8191),#8195);
#8191 = LINE('',#8192,#8193);
#8192 = CARTESIAN_POINT('',(0.,-0.28));
#8193 = VECTOR('',#8194,1.);
#8194 = DIRECTION('',(1.,-0.));
#8195 = ( GEOMETRIC_REPRESENTATION_CONTEXT(2) 
PARAMETRIC_REPRESENTATION_CONTEXT() REPRESENTATION_CONTEXT('2D SPACE',''
  ) );
#8196 = PCURVE('',#8197,#8202);
#8197 = PLANE('',#8198);
#8198 = AXIS2_PLACEMENT_3D('',#8199,#8200,#8201);
#8199 = CARTESIAN_POINT('',(-2.54,0.,-3.1));
#8200 = DIRECTION('',(0.,0.,1.));
#8201 = DIRECTION('',(1.,0.,0.));
#8202 = DEFINITIONAL_REPRESENTATION('',(#8203),#8207);
#8203 = CIRCLE('',#8204,7.E-02);
#8204 = AXIS2_PLACEMENT_2D('',#8205,#8206);
#8205 = CARTESIAN_POINT('',(0.,0.));
#8206 = DIRECTION('',(1.,0.));
#8207 = ( GEOMETRIC_REPRESENTATION_CONTEXT(2) 
PARAMETRIC_REPRESENTATION_CONTEXT() REPRESENTATION_CONTEXT('2D SPACE',''
  ) );
#8208 = ADVANCED_FACE('',(#8209),#8116,.T.);
#8209 = FACE_BOUND('',#8210,.T.);
#8210 = EDGE_LOOP('',(#8211));
#8211 = ORIENTED_EDGE('',*,*,#8101,.T.);
#8212 = ADVANCED_FACE('',(#8213),#8197,.F.);
#8213 = FACE_BOUND('',#8214,.F.);
#8214 = EDGE_LOOP('',(#8215));
#8215 = ORIENTED_EDGE('',*,*,#8182,.T.);
#8216 = MANIFOLD_SOLID_BREP('',#8217);
#8217 = CLOSED_SHELL('',(#8218,#8306,#8359,#8363));
#8218 = ADVANCED_FACE('',(#8219),#8233,.T.);
#8219 = FACE_BOUND('',#8220,.T.);
#8220 = EDGE_LOOP('',(#8221,#8251,#8278,#8279));
#8221 = ORIENTED_EDGE('',*,*,#8222,.T.);
#8222 = EDGE_CURVE('',#8223,#8225,#8227,.T.);
#8223 = VERTEX_POINT('',#8224);
#8224 = CARTESIAN_POINT('',(-2.19,2.54,-2.82));
#8225 = VERTEX_POINT('',#8226);
#8226 = CARTESIAN_POINT('',(-2.19,2.54,1.44));
#8227 = SEAM_CURVE('',#8228,(#8232,#8244),.PCURVE_S1.);
#8228 = LINE('',#8229,#8230);
#8229 = CARTESIAN_POINT('',(-2.19,2.54,-3.1));
#8230 = VECTOR('',#8231,1.);
#8231 = DIRECTION('',(0.,0.,1.));
#8232 = PCURVE('',#8233,#8238);
#8233 = CYLINDRICAL_SURFACE('',#8234,0.35);
#8234 = AXIS2_PLACEMENT_3D('',#8235,#8236,#8237);
#8235 = CARTESIAN_POINT('',(-2.54,2.54,-3.1));
#8236 = DIRECTION('',(0.,0.,1.));
#8237 = DIRECTION('',(1.,0.,0.));
#8238 = DEFINITIONAL_REPRESENTATION('',(#8239),#8243);
#8239 = LINE('',#8240,#8241);
#8240 = CARTESIAN_POINT('',(6.28318530718,-0.));
#8241 = VECTOR('',#8242,1.);
#8242 = DIRECTION('',(0.,1.));
#8243 = ( GEOMETRIC_REPRESENTATION_CONTEXT(2) 
PARAMETRIC_REPRESENTATION_CONTEXT() REPRESENTATION_CONTEXT('2D SPACE',''
  ) );
#8244 = PCURVE('',#8233,#8245);
#8245 = DEFINITIONAL_REPRESENTATION('',(#8246),#8250);
#8246 = LINE('',#8247,#8248);
#8247 = CARTESIAN_POINT('',(0.,-0.));
#8248 = VECTOR('',#8249,1.);
#8249 = DIRECTION('',(0.,1.));
#8250 = ( GEOMETRIC_REPRESENTATION_CONTEXT(2) 
PARAMETRIC_REPRESENTATION_CONTEXT() REPRESENTATION_CONTEXT('2D SPACE',''
  ) );
#8251 = ORIENTED_EDGE('',*,*,#8252,.F.);
#8252 = EDGE_CURVE('',#8225,#8225,#8253,.T.);
#8253 = SURFACE_CURVE('',#8254,(#8259,#8266),.PCURVE_S1.);
#8254 = CIRCLE('',#8255,0.35);
#8255 = AXIS2_PLACEMENT_3D('',#8256,#8257,#8258);
#8256 = CARTESIAN_POINT('',(-2.54,2.54,1.44));
#8257 = DIRECTION('',(0.,0.,1.));
#8258 = DIRECTION('',(1.,0.,0.));
#8259 = PCURVE('',#8233,#8260);
#8260 = DEFINITIONAL_REPRESENTATION('',(#8261),#8265);
#8261 = LINE('',#8262,#8263);
#8262 = CARTESIAN_POINT('',(0.,4.54));
#8263 = VECTOR('',#8264,1.);
#8264 = DIRECTION('',(1.,0.));
#8265 = ( GEOMETRIC_REPRESENTATION_CONTEXT(2) 
PARAMETRIC_REPRESENTATION_CONTEXT() REPRESENTATION_CONTEXT('2D SPACE',''
  ) );
#8266 = PCURVE('',#8267,#8272);
#8267 = PLANE('',#8268);
#8268 = AXIS2_PLACEMENT_3D('',#8269,#8270,#8271);
#8269 = CARTESIAN_POINT('',(-2.54,2.54,1.44));
#8270 = DIRECTION('',(0.,0.,1.));
#8271 = DIRECTION('',(1.,0.,0.));
#8272 = DEFINITIONAL_REPRESENTATION('',(#8273),#8277);
#8273 = CIRCLE('',#8274,0.35);
#8274 = AXIS2_PLACEMENT_2D('',#8275,#8276);
#8275 = CARTESIAN_POINT('',(0.,0.));
#8276 = DIRECTION('',(1.,0.));
#8277 = ( GEOMETRIC_REPRESENTATION_CONTEXT(2) 
PARAMETRIC_REPRESENTATION_CONTEXT() REPRESENTATION_CONTEXT('2D SPACE',''
  ) );
#8278 = ORIENTED_EDGE('',*,*,#8222,.F.);
#8279 = ORIENTED_EDGE('',*,*,#8280,.T.);
#8280 = EDGE_CURVE('',#8223,#8223,#8281,.T.);
#8281 = SURFACE_CURVE('',#8282,(#8287,#8294),.PCURVE_S1.);
#8282 = CIRCLE('',#8283,0.35);
#8283 = AXIS2_PLACEMENT_3D('',#8284,#8285,#8286);
#8284 = CARTESIAN_POINT('',(-2.54,2.54,-2.82));
#8285 = DIRECTION('',(0.,0.,1.));
#8286 = DIRECTION('',(1.,0.,0.));
#8287 = PCURVE('',#8233,#8288);
#8288 = DEFINITIONAL_REPRESENTATION('',(#8289),#8293);
#8289 = LINE('',#8290,#8291);
#8290 = CARTESIAN_POINT('',(0.,0.28));
#8291 = VECTOR('',#8292,1.);
#8292 = DIRECTION('',(1.,0.));
#8293 = ( GEOMETRIC_REPRESENTATION_CONTEXT(2) 
PARAMETRIC_REPRESENTATION_CONTEXT() REPRESENTATION_CONTEXT('2D SPACE',''
  ) );
#8294 = PCURVE('',#8295,#8300);
#8295 = CONICAL_SURFACE('',#8296,0.35,0.785398163397);
#8296 = AXIS2_PLACEMENT_3D('',#8297,#8298,#8299);
#8297 = CARTESIAN_POINT('',(-2.54,2.54,-2.82));
#8298 = DIRECTION('',(0.,0.,1.));
#8299 = DIRECTION('',(1.,0.,0.));
#8300 = DEFINITIONAL_REPRESENTATION('',(#8301),#8305);
#8301 = LINE('',#8302,#8303);
#8302 = CARTESIAN_POINT('',(0.,-0.));
#8303 = VECTOR('',#8304,1.);
#8304 = DIRECTION('',(1.,-0.));
#8305 = ( GEOMETRIC_REPRESENTATION_CONTEXT(2) 
PARAMETRIC_REPRESENTATION_CONTEXT() REPRESENTATION_CONTEXT('2D SPACE',''
  ) );
#8306 = ADVANCED_FACE('',(#8307),#8295,.T.);
#8307 = FACE_BOUND('',#8308,.F.);
#8308 = EDGE_LOOP('',(#8309,#8330,#8331,#8332));
#8309 = ORIENTED_EDGE('',*,*,#8310,.F.);
#8310 = EDGE_CURVE('',#8223,#8311,#8313,.T.);
#8311 = VERTEX_POINT('',#8312);
#8312 = CARTESIAN_POINT('',(-2.47,2.54,-3.1));
#8313 = SEAM_CURVE('',#8314,(#8318,#8324),.PCURVE_S1.);
#8314 = LINE('',#8315,#8316);
#8315 = CARTESIAN_POINT('',(-2.19,2.54,-2.82));
#8316 = VECTOR('',#8317,1.);
#8317 = DIRECTION('',(-0.707106781187,-0.,-0.707106781187));
#8318 = PCURVE('',#8295,#8319);
#8319 = DEFINITIONAL_REPRESENTATION('',(#8320),#8323);
#8320 = B_SPLINE_CURVE_WITH_KNOTS('',1,(#8321,#8322),.UNSPECIFIED.,.F.,
  .F.,(2,2),(0.,0.395979797464),.PIECEWISE_BEZIER_KNOTS.);
#8321 = CARTESIAN_POINT('',(0.,0.));
#8322 = CARTESIAN_POINT('',(0.,-0.28));
#8323 = ( GEOMETRIC_REPRESENTATION_CONTEXT(2) 
PARAMETRIC_REPRESENTATION_CONTEXT() REPRESENTATION_CONTEXT('2D SPACE',''
  ) );
#8324 = PCURVE('',#8295,#8325);
#8325 = DEFINITIONAL_REPRESENTATION('',(#8326),#8329);
#8326 = B_SPLINE_CURVE_WITH_KNOTS('',1,(#8327,#8328),.UNSPECIFIED.,.F.,
  .F.,(2,2),(0.,0.395979797464),.PIECEWISE_BEZIER_KNOTS.);
#8327 = CARTESIAN_POINT('',(6.28318530718,0.));
#8328 = CARTESIAN_POINT('',(6.28318530718,-0.28));
#8329 = ( GEOMETRIC_REPRESENTATION_CONTEXT(2) 
PARAMETRIC_REPRESENTATION_CONTEXT() REPRESENTATION_CONTEXT('2D SPACE',''
  ) );
#8330 = ORIENTED_EDGE('',*,*,#8280,.T.);
#8331 = ORIENTED_EDGE('',*,*,#8310,.T.);
#8332 = ORIENTED_EDGE('',*,*,#8333,.F.);
#8333 = EDGE_CURVE('',#8311,#8311,#8334,.T.);
#8334 = SURFACE_CURVE('',#8335,(#8340,#8347),.PCURVE_S1.);
#8335 = CIRCLE('',#8336,7.E-02);
#8336 = AXIS2_PLACEMENT_3D('',#8337,#8338,#8339);
#8337 = CARTESIAN_POINT('',(-2.54,2.54,-3.1));
#8338 = DIRECTION('',(0.,0.,1.));
#8339 = DIRECTION('',(1.,0.,0.));
#8340 = PCURVE('',#8295,#8341);
#8341 = DEFINITIONAL_REPRESENTATION('',(#8342),#8346);
#8342 = LINE('',#8343,#8344);
#8343 = CARTESIAN_POINT('',(0.,-0.28));
#8344 = VECTOR('',#8345,1.);
#8345 = DIRECTION('',(1.,-0.));
#8346 = ( GEOMETRIC_REPRESENTATION_CONTEXT(2) 
PARAMETRIC_REPRESENTATION_CONTEXT() REPRESENTATION_CONTEXT('2D SPACE',''
  ) );
#8347 = PCURVE('',#8348,#8353);
#8348 = PLANE('',#8349);
#8349 = AXIS2_PLACEMENT_3D('',#8350,#8351,#8352);
#8350 = CARTESIAN_POINT('',(-2.54,2.54,-3.1));
#8351 = DIRECTION('',(0.,0.,1.));
#8352 = DIRECTION('',(1.,0.,0.));
#8353 = DEFINITIONAL_REPRESENTATION('',(#8354),#8358);
#8354 = CIRCLE('',#8355,7.E-02);
#8355 = AXIS2_PLACEMENT_2D('',#8356,#8357);
#8356 = CARTESIAN_POINT('',(0.,0.));
#8357 = DIRECTION('',(1.,0.));
#8358 = ( GEOMETRIC_REPRESENTATION_CONTEXT(2) 
PARAMETRIC_REPRESENTATION_CONTEXT() REPRESENTATION_CONTEXT('2D SPACE',''
  ) );
#8359 = ADVANCED_FACE('',(#8360),#8267,.T.);
#8360 = FACE_BOUND('',#8361,.T.);
#8361 = EDGE_LOOP('',(#8362));
#8362 = ORIENTED_EDGE('',*,*,#8252,.T.);
#8363 = ADVANCED_FACE('',(#8364),#8348,.F.);
#8364 = FACE_BOUND('',#8365,.F.);
#8365 = EDGE_LOOP('',(#8366));
#8366 = ORIENTED_EDGE('',*,*,#8333,.T.);
#8367 = MANIFOLD_SOLID_BREP('',#8368);
#8368 = CLOSED_SHELL('',(#8369,#8457,#8510,#8514));
#8369 = ADVANCED_FACE('',(#8370),#8384,.T.);
#8370 = FACE_BOUND('',#8371,.T.);
#8371 = EDGE_LOOP('',(#8372,#8402,#8429,#8430));
#8372 = ORIENTED_EDGE('',*,*,#8373,.T.);
#8373 = EDGE_CURVE('',#8374,#8376,#8378,.T.);
#8374 = VERTEX_POINT('',#8375);
#8375 = CARTESIAN_POINT('',(-4.73,0.,-2.82));
#8376 = VERTEX_POINT('',#8377);
#8377 = CARTESIAN_POINT('',(-4.73,-8.572527594031E-17,1.44));
#8378 = SEAM_CURVE('',#8379,(#8383,#8395),.PCURVE_S1.);
#8379 = LINE('',#8380,#8381);
#8380 = CARTESIAN_POINT('',(-4.73,-8.572527594031E-17,-3.1));
#8381 = VECTOR('',#8382,1.);
#8382 = DIRECTION('',(0.,0.,1.));
#8383 = PCURVE('',#8384,#8389);
#8384 = CYLINDRICAL_SURFACE('',#8385,0.35);
#8385 = AXIS2_PLACEMENT_3D('',#8386,#8387,#8388);
#8386 = CARTESIAN_POINT('',(-5.08,0.,-3.1));
#8387 = DIRECTION('',(0.,0.,1.));
#8388 = DIRECTION('',(1.,0.,0.));
#8389 = DEFINITIONAL_REPRESENTATION('',(#8390),#8394);
#8390 = LINE('',#8391,#8392);
#8391 = CARTESIAN_POINT('',(6.28318530718,-0.));
#8392 = VECTOR('',#8393,1.);
#8393 = DIRECTION('',(0.,1.));
#8394 = ( GEOMETRIC_REPRESENTATION_CONTEXT(2) 
PARAMETRIC_REPRESENTATION_CONTEXT() REPRESENTATION_CONTEXT('2D SPACE',''
  ) );
#8395 = PCURVE('',#8384,#8396);
#8396 = DEFINITIONAL_REPRESENTATION('',(#8397),#8401);
#8397 = LINE('',#8398,#8399);
#8398 = CARTESIAN_POINT('',(0.,-0.));
#8399 = VECTOR('',#8400,1.);
#8400 = DIRECTION('',(0.,1.));
#8401 = ( GEOMETRIC_REPRESENTATION_CONTEXT(2) 
PARAMETRIC_REPRESENTATION_CONTEXT() REPRESENTATION_CONTEXT('2D SPACE',''
  ) );
#8402 = ORIENTED_EDGE('',*,*,#8403,.F.);
#8403 = EDGE_CURVE('',#8376,#8376,#8404,.T.);
#8404 = SURFACE_CURVE('',#8405,(#8410,#8417),.PCURVE_S1.);
#8405 = CIRCLE('',#8406,0.35);
#8406 = AXIS2_PLACEMENT_3D('',#8407,#8408,#8409);
#8407 = CARTESIAN_POINT('',(-5.08,0.,1.44));
#8408 = DIRECTION('',(0.,0.,1.));
#8409 = DIRECTION('',(1.,0.,0.));
#8410 = PCURVE('',#8384,#8411);
#8411 = DEFINITIONAL_REPRESENTATION('',(#8412),#8416);
#8412 = LINE('',#8413,#8414);
#8413 = CARTESIAN_POINT('',(0.,4.54));
#8414 = VECTOR('',#8415,1.);
#8415 = DIRECTION('',(1.,0.));
#8416 = ( GEOMETRIC_REPRESENTATION_CONTEXT(2) 
PARAMETRIC_REPRESENTATION_CONTEXT() REPRESENTATION_CONTEXT('2D SPACE',''
  ) );
#8417 = PCURVE('',#8418,#8423);
#8418 = PLANE('',#8419);
#8419 = AXIS2_PLACEMENT_3D('',#8420,#8421,#8422);
#8420 = CARTESIAN_POINT('',(-5.08,0.,1.44));
#8421 = DIRECTION('',(0.,0.,1.));
#8422 = DIRECTION('',(1.,0.,0.));
#8423 = DEFINITIONAL_REPRESENTATION('',(#8424),#8428);
#8424 = CIRCLE('',#8425,0.35);
#8425 = AXIS2_PLACEMENT_2D('',#8426,#8427);
#8426 = CARTESIAN_POINT('',(0.,0.));
#8427 = DIRECTION('',(1.,0.));
#8428 = ( GEOMETRIC_REPRESENTATION_CONTEXT(2) 
PARAMETRIC_REPRESENTATION_CONTEXT() REPRESENTATION_CONTEXT('2D SPACE',''
  ) );
#8429 = ORIENTED_EDGE('',*,*,#8373,.F.);
#8430 = ORIENTED_EDGE('',*,*,#8431,.T.);
#8431 = EDGE_CURVE('',#8374,#8374,#8432,.T.);
#8432 = SURFACE_CURVE('',#8433,(#8438,#8445),.PCURVE_S1.);
#8433 = CIRCLE('',#8434,0.35);
#8434 = AXIS2_PLACEMENT_3D('',#8435,#8436,#8437);
#8435 = CARTESIAN_POINT('',(-5.08,0.,-2.82));
#8436 = DIRECTION('',(0.,0.,1.));
#8437 = DIRECTION('',(1.,0.,0.));
#8438 = PCURVE('',#8384,#8439);
#8439 = DEFINITIONAL_REPRESENTATION('',(#8440),#8444);
#8440 = LINE('',#8441,#8442);
#8441 = CARTESIAN_POINT('',(0.,0.28));
#8442 = VECTOR('',#8443,1.);
#8443 = DIRECTION('',(1.,0.));
#8444 = ( GEOMETRIC_REPRESENTATION_CONTEXT(2) 
PARAMETRIC_REPRESENTATION_CONTEXT() REPRESENTATION_CONTEXT('2D SPACE',''
  ) );
#8445 = PCURVE('',#8446,#8451);
#8446 = CONICAL_SURFACE('',#8447,0.35,0.785398163397);
#8447 = AXIS2_PLACEMENT_3D('',#8448,#8449,#8450);
#8448 = CARTESIAN_POINT('',(-5.08,0.,-2.82));
#8449 = DIRECTION('',(0.,0.,1.));
#8450 = DIRECTION('',(1.,0.,0.));
#8451 = DEFINITIONAL_REPRESENTATION('',(#8452),#8456);
#8452 = LINE('',#8453,#8454);
#8453 = CARTESIAN_POINT('',(0.,-0.));
#8454 = VECTOR('',#8455,1.);
#8455 = DIRECTION('',(1.,-0.));
#8456 = ( GEOMETRIC_REPRESENTATION_CONTEXT(2) 
PARAMETRIC_REPRESENTATION_CONTEXT() REPRESENTATION_CONTEXT('2D SPACE',''
  ) );
#8457 = ADVANCED_FACE('',(#8458),#8446,.T.);
#8458 = FACE_BOUND('',#8459,.F.);
#8459 = EDGE_LOOP('',(#8460,#8481,#8482,#8483));
#8460 = ORIENTED_EDGE('',*,*,#8461,.F.);
#8461 = EDGE_CURVE('',#8374,#8462,#8464,.T.);
#8462 = VERTEX_POINT('',#8463);
#8463 = CARTESIAN_POINT('',(-5.01,0.,-3.1));
#8464 = SEAM_CURVE('',#8465,(#8469,#8475),.PCURVE_S1.);
#8465 = LINE('',#8466,#8467);
#8466 = CARTESIAN_POINT('',(-4.73,0.,-2.82));
#8467 = VECTOR('',#8468,1.);
#8468 = DIRECTION('',(-0.707106781187,-0.,-0.707106781187));
#8469 = PCURVE('',#8446,#8470);
#8470 = DEFINITIONAL_REPRESENTATION('',(#8471),#8474);
#8471 = B_SPLINE_CURVE_WITH_KNOTS('',1,(#8472,#8473),.UNSPECIFIED.,.F.,
  .F.,(2,2),(0.,0.395979797464),.PIECEWISE_BEZIER_KNOTS.);
#8472 = CARTESIAN_POINT('',(0.,0.));
#8473 = CARTESIAN_POINT('',(0.,-0.28));
#8474 = ( GEOMETRIC_REPRESENTATION_CONTEXT(2) 
PARAMETRIC_REPRESENTATION_CONTEXT() REPRESENTATION_CONTEXT('2D SPACE',''
  ) );
#8475 = PCURVE('',#8446,#8476);
#8476 = DEFINITIONAL_REPRESENTATION('',(#8477),#8480);
#8477 = B_SPLINE_CURVE_WITH_KNOTS('',1,(#8478,#8479),.UNSPECIFIED.,.F.,
  .F.,(2,2),(0.,0.395979797464),.PIECEWISE_BEZIER_KNOTS.);
#8478 = CARTESIAN_POINT('',(6.28318530718,0.));
#8479 = CARTESIAN_POINT('',(6.28318530718,-0.28));
#8480 = ( GEOMETRIC_REPRESENTATION_CONTEXT(2) 
PARAMETRIC_REPRESENTATION_CONTEXT() REPRESENTATION_CONTEXT('2D SPACE',''
  ) );
#8481 = ORIENTED_EDGE('',*,*,#8431,.T.);
#8482 = ORIENTED_EDGE('',*,*,#8461,.T.);
#8483 = ORIENTED_EDGE('',*,*,#8484,.F.);
#8484 = EDGE_CURVE('',#8462,#8462,#8485,.T.);
#8485 = SURFACE_CURVE('',#8486,(#8491,#8498),.PCURVE_S1.);
#8486 = CIRCLE('',#8487,7.E-02);
#8487 = AXIS2_PLACEMENT_3D('',#8488,#8489,#8490);
#8488 = CARTESIAN_POINT('',(-5.08,0.,-3.1));
#8489 = DIRECTION('',(0.,0.,1.));
#8490 = DIRECTION('',(1.,0.,0.));
#8491 = PCURVE('',#8446,#8492);
#8492 = DEFINITIONAL_REPRESENTATION('',(#8493),#8497);
#8493 = LINE('',#8494,#8495);
#8494 = CARTESIAN_POINT('',(0.,-0.28));
#8495 = VECTOR('',#8496,1.);
#8496 = DIRECTION('',(1.,-0.));
#8497 = ( GEOMETRIC_REPRESENTATION_CONTEXT(2) 
PARAMETRIC_REPRESENTATION_CONTEXT() REPRESENTATION_CONTEXT('2D SPACE',''
  ) );
#8498 = PCURVE('',#8499,#8504);
#8499 = PLANE('',#8500);
#8500 = AXIS2_PLACEMENT_3D('',#8501,#8502,#8503);
#8501 = CARTESIAN_POINT('',(-5.08,0.,-3.1));
#8502 = DIRECTION('',(0.,0.,1.));
#8503 = DIRECTION('',(1.,0.,0.));
#8504 = DEFINITIONAL_REPRESENTATION('',(#8505),#8509);
#8505 = CIRCLE('',#8506,7.E-02);
#8506 = AXIS2_PLACEMENT_2D('',#8507,#8508);
#8507 = CARTESIAN_POINT('',(0.,0.));
#8508 = DIRECTION('',(1.,0.));
#8509 = ( GEOMETRIC_REPRESENTATION_CONTEXT(2) 
PARAMETRIC_REPRESENTATION_CONTEXT() REPRESENTATION_CONTEXT('2D SPACE',''
  ) );
#8510 = ADVANCED_FACE('',(#8511),#8418,.T.);
#8511 = FACE_BOUND('',#8512,.T.);
#8512 = EDGE_LOOP('',(#8513));
#8513 = ORIENTED_EDGE('',*,*,#8403,.T.);
#8514 = ADVANCED_FACE('',(#8515),#8499,.F.);
#8515 = FACE_BOUND('',#8516,.F.);
#8516 = EDGE_LOOP('',(#8517));
#8517 = ORIENTED_EDGE('',*,*,#8484,.T.);
#8518 = MANIFOLD_SOLID_BREP('',#8519);
#8519 = CLOSED_SHELL('',(#8520,#8608,#8661,#8665));
#8520 = ADVANCED_FACE('',(#8521),#8535,.T.);
#8521 = FACE_BOUND('',#8522,.T.);
#8522 = EDGE_LOOP('',(#8523,#8553,#8580,#8581));
#8523 = ORIENTED_EDGE('',*,*,#8524,.T.);
#8524 = EDGE_CURVE('',#8525,#8527,#8529,.T.);
#8525 = VERTEX_POINT('',#8526);
#8526 = CARTESIAN_POINT('',(-4.73,2.54,-2.82));
#8527 = VERTEX_POINT('',#8528);
#8528 = CARTESIAN_POINT('',(-4.73,2.54,1.44));
#8529 = SEAM_CURVE('',#8530,(#8534,#8546),.PCURVE_S1.);
#8530 = LINE('',#8531,#8532);
#8531 = CARTESIAN_POINT('',(-4.73,2.54,-3.1));
#8532 = VECTOR('',#8533,1.);
#8533 = DIRECTION('',(0.,0.,1.));
#8534 = PCURVE('',#8535,#8540);
#8535 = CYLINDRICAL_SURFACE('',#8536,0.35);
#8536 = AXIS2_PLACEMENT_3D('',#8537,#8538,#8539);
#8537 = CARTESIAN_POINT('',(-5.08,2.54,-3.1));
#8538 = DIRECTION('',(0.,0.,1.));
#8539 = DIRECTION('',(1.,0.,0.));
#8540 = DEFINITIONAL_REPRESENTATION('',(#8541),#8545);
#8541 = LINE('',#8542,#8543);
#8542 = CARTESIAN_POINT('',(6.28318530718,-0.));
#8543 = VECTOR('',#8544,1.);
#8544 = DIRECTION('',(0.,1.));
#8545 = ( GEOMETRIC_REPRESENTATION_CONTEXT(2) 
PARAMETRIC_REPRESENTATION_CONTEXT() REPRESENTATION_CONTEXT('2D SPACE',''
  ) );
#8546 = PCURVE('',#8535,#8547);
#8547 = DEFINITIONAL_REPRESENTATION('',(#8548),#8552);
#8548 = LINE('',#8549,#8550);
#8549 = CARTESIAN_POINT('',(0.,-0.));
#8550 = VECTOR('',#8551,1.);
#8551 = DIRECTION('',(0.,1.));
#8552 = ( GEOMETRIC_REPRESENTATION_CONTEXT(2) 
PARAMETRIC_REPRESENTATION_CONTEXT() REPRESENTATION_CONTEXT('2D SPACE',''
  ) );
#8553 = ORIENTED_EDGE('',*,*,#8554,.F.);
#8554 = EDGE_CURVE('',#8527,#8527,#8555,.T.);
#8555 = SURFACE_CURVE('',#8556,(#8561,#8568),.PCURVE_S1.);
#8556 = CIRCLE('',#8557,0.35);
#8557 = AXIS2_PLACEMENT_3D('',#8558,#8559,#8560);
#8558 = CARTESIAN_POINT('',(-5.08,2.54,1.44));
#8559 = DIRECTION('',(0.,0.,1.));
#8560 = DIRECTION('',(1.,0.,0.));
#8561 = PCURVE('',#8535,#8562);
#8562 = DEFINITIONAL_REPRESENTATION('',(#8563),#8567);
#8563 = LINE('',#8564,#8565);
#8564 = CARTESIAN_POINT('',(0.,4.54));
#8565 = VECTOR('',#8566,1.);
#8566 = DIRECTION('',(1.,0.));
#8567 = ( GEOMETRIC_REPRESENTATION_CONTEXT(2) 
PARAMETRIC_REPRESENTATION_CONTEXT() REPRESENTATION_CONTEXT('2D SPACE',''
  ) );
#8568 = PCURVE('',#8569,#8574);
#8569 = PLANE('',#8570);
#8570 = AXIS2_PLACEMENT_3D('',#8571,#8572,#8573);
#8571 = CARTESIAN_POINT('',(-5.08,2.54,1.44));
#8572 = DIRECTION('',(0.,0.,1.));
#8573 = DIRECTION('',(1.,0.,0.));
#8574 = DEFINITIONAL_REPRESENTATION('',(#8575),#8579);
#8575 = CIRCLE('',#8576,0.35);
#8576 = AXIS2_PLACEMENT_2D('',#8577,#8578);
#8577 = CARTESIAN_POINT('',(0.,0.));
#8578 = DIRECTION('',(1.,0.));
#8579 = ( GEOMETRIC_REPRESENTATION_CONTEXT(2) 
PARAMETRIC_REPRESENTATION_CONTEXT() REPRESENTATION_CONTEXT('2D SPACE',''
  ) );
#8580 = ORIENTED_EDGE('',*,*,#8524,.F.);
#8581 = ORIENTED_EDGE('',*,*,#8582,.T.);
#8582 = EDGE_CURVE('',#8525,#8525,#8583,.T.);
#8583 = SURFACE_CURVE('',#8584,(#8589,#8596),.PCURVE_S1.);
#8584 = CIRCLE('',#8585,0.35);
#8585 = AXIS2_PLACEMENT_3D('',#8586,#8587,#8588);
#8586 = CARTESIAN_POINT('',(-5.08,2.54,-2.82));
#8587 = DIRECTION('',(0.,0.,1.));
#8588 = DIRECTION('',(1.,0.,0.));
#8589 = PCURVE('',#8535,#8590);
#8590 = DEFINITIONAL_REPRESENTATION('',(#8591),#8595);
#8591 = LINE('',#8592,#8593);
#8592 = CARTESIAN_POINT('',(0.,0.28));
#8593 = VECTOR('',#8594,1.);
#8594 = DIRECTION('',(1.,0.));
#8595 = ( GEOMETRIC_REPRESENTATION_CONTEXT(2) 
PARAMETRIC_REPRESENTATION_CONTEXT() REPRESENTATION_CONTEXT('2D SPACE',''
  ) );
#8596 = PCURVE('',#8597,#8602);
#8597 = CONICAL_SURFACE('',#8598,0.35,0.785398163397);
#8598 = AXIS2_PLACEMENT_3D('',#8599,#8600,#8601);
#8599 = CARTESIAN_POINT('',(-5.08,2.54,-2.82));
#8600 = DIRECTION('',(0.,0.,1.));
#8601 = DIRECTION('',(1.,0.,0.));
#8602 = DEFINITIONAL_REPRESENTATION('',(#8603),#8607);
#8603 = LINE('',#8604,#8605);
#8604 = CARTESIAN_POINT('',(0.,-0.));
#8605 = VECTOR('',#8606,1.);
#8606 = DIRECTION('',(1.,-0.));
#8607 = ( GEOMETRIC_REPRESENTATION_CONTEXT(2) 
PARAMETRIC_REPRESENTATION_CONTEXT() REPRESENTATION_CONTEXT('2D SPACE',''
  ) );
#8608 = ADVANCED_FACE('',(#8609),#8597,.T.);
#8609 = FACE_BOUND('',#8610,.F.);
#8610 = EDGE_LOOP('',(#8611,#8632,#8633,#8634));
#8611 = ORIENTED_EDGE('',*,*,#8612,.F.);
#8612 = EDGE_CURVE('',#8525,#8613,#8615,.T.);
#8613 = VERTEX_POINT('',#8614);
#8614 = CARTESIAN_POINT('',(-5.01,2.54,-3.1));
#8615 = SEAM_CURVE('',#8616,(#8620,#8626),.PCURVE_S1.);
#8616 = LINE('',#8617,#8618);
#8617 = CARTESIAN_POINT('',(-4.73,2.54,-2.82));
#8618 = VECTOR('',#8619,1.);
#8619 = DIRECTION('',(-0.707106781187,-0.,-0.707106781187));
#8620 = PCURVE('',#8597,#8621);
#8621 = DEFINITIONAL_REPRESENTATION('',(#8622),#8625);
#8622 = B_SPLINE_CURVE_WITH_KNOTS('',1,(#8623,#8624),.UNSPECIFIED.,.F.,
  .F.,(2,2),(0.,0.395979797464),.PIECEWISE_BEZIER_KNOTS.);
#8623 = CARTESIAN_POINT('',(0.,0.));
#8624 = CARTESIAN_POINT('',(0.,-0.28));
#8625 = ( GEOMETRIC_REPRESENTATION_CONTEXT(2) 
PARAMETRIC_REPRESENTATION_CONTEXT() REPRESENTATION_CONTEXT('2D SPACE',''
  ) );
#8626 = PCURVE('',#8597,#8627);
#8627 = DEFINITIONAL_REPRESENTATION('',(#8628),#8631);
#8628 = B_SPLINE_CURVE_WITH_KNOTS('',1,(#8629,#8630),.UNSPECIFIED.,.F.,
  .F.,(2,2),(0.,0.395979797464),.PIECEWISE_BEZIER_KNOTS.);
#8629 = CARTESIAN_POINT('',(6.28318530718,0.));
#8630 = CARTESIAN_POINT('',(6.28318530718,-0.28));
#8631 = ( GEOMETRIC_REPRESENTATION_CONTEXT(2) 
PARAMETRIC_REPRESENTATION_CONTEXT() REPRESENTATION_CONTEXT('2D SPACE',''
  ) );
#8632 = ORIENTED_EDGE('',*,*,#8582,.T.);
#8633 = ORIENTED_EDGE('',*,*,#8612,.T.);
#8634 = ORIENTED_EDGE('',*,*,#8635,.F.);
#8635 = EDGE_CURVE('',#8613,#8613,#8636,.T.);
#8636 = SURFACE_CURVE('',#8637,(#8642,#8649),.PCURVE_S1.);
#8637 = CIRCLE('',#8638,7.E-02);
#8638 = AXIS2_PLACEMENT_3D('',#8639,#8640,#8641);
#8639 = CARTESIAN_POINT('',(-5.08,2.54,-3.1));
#8640 = DIRECTION('',(0.,0.,1.));
#8641 = DIRECTION('',(1.,0.,0.));
#8642 = PCURVE('',#8597,#8643);
#8643 = DEFINITIONAL_REPRESENTATION('',(#8644),#8648);
#8644 = LINE('',#8645,#8646);
#8645 = CARTESIAN_POINT('',(0.,-0.28));
#8646 = VECTOR('',#8647,1.);
#8647 = DIRECTION('',(1.,-0.));
#8648 = ( GEOMETRIC_REPRESENTATION_CONTEXT(2) 
PARAMETRIC_REPRESENTATION_CONTEXT() REPRESENTATION_CONTEXT('2D SPACE',''
  ) );
#8649 = PCURVE('',#8650,#8655);
#8650 = PLANE('',#8651);
#8651 = AXIS2_PLACEMENT_3D('',#8652,#8653,#8654);
#8652 = CARTESIAN_POINT('',(-5.08,2.54,-3.1));
#8653 = DIRECTION('',(0.,0.,1.));
#8654 = DIRECTION('',(1.,0.,0.));
#8655 = DEFINITIONAL_REPRESENTATION('',(#8656),#8660);
#8656 = CIRCLE('',#8657,7.E-02);
#8657 = AXIS2_PLACEMENT_2D('',#8658,#8659);
#8658 = CARTESIAN_POINT('',(0.,0.));
#8659 = DIRECTION('',(1.,0.));
#8660 = ( GEOMETRIC_REPRESENTATION_CONTEXT(2) 
PARAMETRIC_REPRESENTATION_CONTEXT() REPRESENTATION_CONTEXT('2D SPACE',''
  ) );
#8661 = ADVANCED_FACE('',(#8662),#8569,.T.);
#8662 = FACE_BOUND('',#8663,.T.);
#8663 = EDGE_LOOP('',(#8664));
#8664 = ORIENTED_EDGE('',*,*,#8554,.T.);
#8665 = ADVANCED_FACE('',(#8666),#8650,.F.);
#8666 = FACE_BOUND('',#8667,.F.);
#8667 = EDGE_LOOP('',(#8668));
#8668 = ORIENTED_EDGE('',*,*,#8635,.T.);
#8669 = MANIFOLD_SOLID_BREP('',#8670);
#8670 = CLOSED_SHELL('',(#8671,#8759,#8812,#8816));
#8671 = ADVANCED_FACE('',(#8672),#8686,.T.);
#8672 = FACE_BOUND('',#8673,.T.);
#8673 = EDGE_LOOP('',(#8674,#8704,#8731,#8732));
#8674 = ORIENTED_EDGE('',*,*,#8675,.T.);
#8675 = EDGE_CURVE('',#8676,#8678,#8680,.T.);
#8676 = VERTEX_POINT('',#8677);
#8677 = CARTESIAN_POINT('',(-7.27,0.,-2.82));
#8678 = VERTEX_POINT('',#8679);
#8679 = CARTESIAN_POINT('',(-7.27,-8.572527594031E-17,1.44));
#8680 = SEAM_CURVE('',#8681,(#8685,#8697),.PCURVE_S1.);
#8681 = LINE('',#8682,#8683);
#8682 = CARTESIAN_POINT('',(-7.27,-8.572527594031E-17,-3.1));
#8683 = VECTOR('',#8684,1.);
#8684 = DIRECTION('',(0.,0.,1.));
#8685 = PCURVE('',#8686,#8691);
#8686 = CYLINDRICAL_SURFACE('',#8687,0.35);
#8687 = AXIS2_PLACEMENT_3D('',#8688,#8689,#8690);
#8688 = CARTESIAN_POINT('',(-7.62,0.,-3.1));
#8689 = DIRECTION('',(0.,0.,1.));
#8690 = DIRECTION('',(1.,0.,0.));
#8691 = DEFINITIONAL_REPRESENTATION('',(#8692),#8696);
#8692 = LINE('',#8693,#8694);
#8693 = CARTESIAN_POINT('',(6.28318530718,-0.));
#8694 = VECTOR('',#8695,1.);
#8695 = DIRECTION('',(0.,1.));
#8696 = ( GEOMETRIC_REPRESENTATION_CONTEXT(2) 
PARAMETRIC_REPRESENTATION_CONTEXT() REPRESENTATION_CONTEXT('2D SPACE',''
  ) );
#8697 = PCURVE('',#8686,#8698);
#8698 = DEFINITIONAL_REPRESENTATION('',(#8699),#8703);
#8699 = LINE('',#8700,#8701);
#8700 = CARTESIAN_POINT('',(0.,-0.));
#8701 = VECTOR('',#8702,1.);
#8702 = DIRECTION('',(0.,1.));
#8703 = ( GEOMETRIC_REPRESENTATION_CONTEXT(2) 
PARAMETRIC_REPRESENTATION_CONTEXT() REPRESENTATION_CONTEXT('2D SPACE',''
  ) );
#8704 = ORIENTED_EDGE('',*,*,#8705,.F.);
#8705 = EDGE_CURVE('',#8678,#8678,#8706,.T.);
#8706 = SURFACE_CURVE('',#8707,(#8712,#8719),.PCURVE_S1.);
#8707 = CIRCLE('',#8708,0.35);
#8708 = AXIS2_PLACEMENT_3D('',#8709,#8710,#8711);
#8709 = CARTESIAN_POINT('',(-7.62,0.,1.44));
#8710 = DIRECTION('',(0.,0.,1.));
#8711 = DIRECTION('',(1.,0.,0.));
#8712 = PCURVE('',#8686,#8713);
#8713 = DEFINITIONAL_REPRESENTATION('',(#8714),#8718);
#8714 = LINE('',#8715,#8716);
#8715 = CARTESIAN_POINT('',(0.,4.54));
#8716 = VECTOR('',#8717,1.);
#8717 = DIRECTION('',(1.,0.));
#8718 = ( GEOMETRIC_REPRESENTATION_CONTEXT(2) 
PARAMETRIC_REPRESENTATION_CONTEXT() REPRESENTATION_CONTEXT('2D SPACE',''
  ) );
#8719 = PCURVE('',#8720,#8725);
#8720 = PLANE('',#8721);
#8721 = AXIS2_PLACEMENT_3D('',#8722,#8723,#8724);
#8722 = CARTESIAN_POINT('',(-7.62,0.,1.44));
#8723 = DIRECTION('',(0.,0.,1.));
#8724 = DIRECTION('',(1.,0.,0.));
#8725 = DEFINITIONAL_REPRESENTATION('',(#8726),#8730);
#8726 = CIRCLE('',#8727,0.35);
#8727 = AXIS2_PLACEMENT_2D('',#8728,#8729);
#8728 = CARTESIAN_POINT('',(0.,0.));
#8729 = DIRECTION('',(1.,0.));
#8730 = ( GEOMETRIC_REPRESENTATION_CONTEXT(2) 
PARAMETRIC_REPRESENTATION_CONTEXT() REPRESENTATION_CONTEXT('2D SPACE',''
  ) );
#8731 = ORIENTED_EDGE('',*,*,#8675,.F.);
#8732 = ORIENTED_EDGE('',*,*,#8733,.T.);
#8733 = EDGE_CURVE('',#8676,#8676,#8734,.T.);
#8734 = SURFACE_CURVE('',#8735,(#8740,#8747),.PCURVE_S1.);
#8735 = CIRCLE('',#8736,0.35);
#8736 = AXIS2_PLACEMENT_3D('',#8737,#8738,#8739);
#8737 = CARTESIAN_POINT('',(-7.62,0.,-2.82));
#8738 = DIRECTION('',(0.,0.,1.));
#8739 = DIRECTION('',(1.,0.,0.));
#8740 = PCURVE('',#8686,#8741);
#8741 = DEFINITIONAL_REPRESENTATION('',(#8742),#8746);
#8742 = LINE('',#8743,#8744);
#8743 = CARTESIAN_POINT('',(0.,0.28));
#8744 = VECTOR('',#8745,1.);
#8745 = DIRECTION('',(1.,0.));
#8746 = ( GEOMETRIC_REPRESENTATION_CONTEXT(2) 
PARAMETRIC_REPRESENTATION_CONTEXT() REPRESENTATION_CONTEXT('2D SPACE',''
  ) );
#8747 = PCURVE('',#8748,#8753);
#8748 = CONICAL_SURFACE('',#8749,0.35,0.785398163397);
#8749 = AXIS2_PLACEMENT_3D('',#8750,#8751,#8752);
#8750 = CARTESIAN_POINT('',(-7.62,0.,-2.82));
#8751 = DIRECTION('',(0.,0.,1.));
#8752 = DIRECTION('',(1.,0.,0.));
#8753 = DEFINITIONAL_REPRESENTATION('',(#8754),#8758);
#8754 = LINE('',#8755,#8756);
#8755 = CARTESIAN_POINT('',(0.,-0.));
#8756 = VECTOR('',#8757,1.);
#8757 = DIRECTION('',(1.,-0.));
#8758 = ( GEOMETRIC_REPRESENTATION_CONTEXT(2) 
PARAMETRIC_REPRESENTATION_CONTEXT() REPRESENTATION_CONTEXT('2D SPACE',''
  ) );
#8759 = ADVANCED_FACE('',(#8760),#8748,.T.);
#8760 = FACE_BOUND('',#8761,.F.);
#8761 = EDGE_LOOP('',(#8762,#8783,#8784,#8785));
#8762 = ORIENTED_EDGE('',*,*,#8763,.F.);
#8763 = EDGE_CURVE('',#8676,#8764,#8766,.T.);
#8764 = VERTEX_POINT('',#8765);
#8765 = CARTESIAN_POINT('',(-7.55,0.,-3.1));
#8766 = SEAM_CURVE('',#8767,(#8771,#8777),.PCURVE_S1.);
#8767 = LINE('',#8768,#8769);
#8768 = CARTESIAN_POINT('',(-7.27,0.,-2.82));
#8769 = VECTOR('',#8770,1.);
#8770 = DIRECTION('',(-0.707106781187,-0.,-0.707106781187));
#8771 = PCURVE('',#8748,#8772);
#8772 = DEFINITIONAL_REPRESENTATION('',(#8773),#8776);
#8773 = B_SPLINE_CURVE_WITH_KNOTS('',1,(#8774,#8775),.UNSPECIFIED.,.F.,
  .F.,(2,2),(0.,0.395979797464),.PIECEWISE_BEZIER_KNOTS.);
#8774 = CARTESIAN_POINT('',(0.,0.));
#8775 = CARTESIAN_POINT('',(0.,-0.28));
#8776 = ( GEOMETRIC_REPRESENTATION_CONTEXT(2) 
PARAMETRIC_REPRESENTATION_CONTEXT() REPRESENTATION_CONTEXT('2D SPACE',''
  ) );
#8777 = PCURVE('',#8748,#8778);
#8778 = DEFINITIONAL_REPRESENTATION('',(#8779),#8782);
#8779 = B_SPLINE_CURVE_WITH_KNOTS('',1,(#8780,#8781),.UNSPECIFIED.,.F.,
  .F.,(2,2),(0.,0.395979797464),.PIECEWISE_BEZIER_KNOTS.);
#8780 = CARTESIAN_POINT('',(6.28318530718,0.));
#8781 = CARTESIAN_POINT('',(6.28318530718,-0.28));
#8782 = ( GEOMETRIC_REPRESENTATION_CONTEXT(2) 
PARAMETRIC_REPRESENTATION_CONTEXT() REPRESENTATION_CONTEXT('2D SPACE',''
  ) );
#8783 = ORIENTED_EDGE('',*,*,#8733,.T.);
#8784 = ORIENTED_EDGE('',*,*,#8763,.T.);
#8785 = ORIENTED_EDGE('',*,*,#8786,.F.);
#8786 = EDGE_CURVE('',#8764,#8764,#8787,.T.);
#8787 = SURFACE_CURVE('',#8788,(#8793,#8800),.PCURVE_S1.);
#8788 = CIRCLE('',#8789,7.E-02);
#8789 = AXIS2_PLACEMENT_3D('',#8790,#8791,#8792);
#8790 = CARTESIAN_POINT('',(-7.62,0.,-3.1));
#8791 = DIRECTION('',(0.,0.,1.));
#8792 = DIRECTION('',(1.,0.,0.));
#8793 = PCURVE('',#8748,#8794);
#8794 = DEFINITIONAL_REPRESENTATION('',(#8795),#8799);
#8795 = LINE('',#8796,#8797);
#8796 = CARTESIAN_POINT('',(0.,-0.28));
#8797 = VECTOR('',#8798,1.);
#8798 = DIRECTION('',(1.,-0.));
#8799 = ( GEOMETRIC_REPRESENTATION_CONTEXT(2) 
PARAMETRIC_REPRESENTATION_CONTEXT() REPRESENTATION_CONTEXT('2D SPACE',''
  ) );
#8800 = PCURVE('',#8801,#8806);
#8801 = PLANE('',#8802);
#8802 = AXIS2_PLACEMENT_3D('',#8803,#8804,#8805);
#8803 = CARTESIAN_POINT('',(-7.62,0.,-3.1));
#8804 = DIRECTION('',(0.,0.,1.));
#8805 = DIRECTION('',(1.,0.,0.));
#8806 = DEFINITIONAL_REPRESENTATION('',(#8807),#8811);
#8807 = CIRCLE('',#8808,7.E-02);
#8808 = AXIS2_PLACEMENT_2D('',#8809,#8810);
#8809 = CARTESIAN_POINT('',(0.,0.));
#8810 = DIRECTION('',(1.,0.));
#8811 = ( GEOMETRIC_REPRESENTATION_CONTEXT(2) 
PARAMETRIC_REPRESENTATION_CONTEXT() REPRESENTATION_CONTEXT('2D SPACE',''
  ) );
#8812 = ADVANCED_FACE('',(#8813),#8720,.T.);
#8813 = FACE_BOUND('',#8814,.T.);
#8814 = EDGE_LOOP('',(#8815));
#8815 = ORIENTED_EDGE('',*,*,#8705,.T.);
#8816 = ADVANCED_FACE('',(#8817),#8801,.F.);
#8817 = FACE_BOUND('',#8818,.F.);
#8818 = EDGE_LOOP('',(#8819));
#8819 = ORIENTED_EDGE('',*,*,#8786,.T.);
#8820 = MANIFOLD_SOLID_BREP('',#8821);
#8821 = CLOSED_SHELL('',(#8822,#8910,#8963,#8967));
#8822 = ADVANCED_FACE('',(#8823),#8837,.T.);
#8823 = FACE_BOUND('',#8824,.T.);
#8824 = EDGE_LOOP('',(#8825,#8855,#8882,#8883));
#8825 = ORIENTED_EDGE('',*,*,#8826,.T.);
#8826 = EDGE_CURVE('',#8827,#8829,#8831,.T.);
#8827 = VERTEX_POINT('',#8828);
#8828 = CARTESIAN_POINT('',(-7.27,2.54,-2.82));
#8829 = VERTEX_POINT('',#8830);
#8830 = CARTESIAN_POINT('',(-7.27,2.54,1.44));
#8831 = SEAM_CURVE('',#8832,(#8836,#8848),.PCURVE_S1.);
#8832 = LINE('',#8833,#8834);
#8833 = CARTESIAN_POINT('',(-7.27,2.54,-3.1));
#8834 = VECTOR('',#8835,1.);
#8835 = DIRECTION('',(0.,0.,1.));
#8836 = PCURVE('',#8837,#8842);
#8837 = CYLINDRICAL_SURFACE('',#8838,0.35);
#8838 = AXIS2_PLACEMENT_3D('',#8839,#8840,#8841);
#8839 = CARTESIAN_POINT('',(-7.62,2.54,-3.1));
#8840 = DIRECTION('',(0.,0.,1.));
#8841 = DIRECTION('',(1.,0.,0.));
#8842 = DEFINITIONAL_REPRESENTATION('',(#8843),#8847);
#8843 = LINE('',#8844,#8845);
#8844 = CARTESIAN_POINT('',(6.28318530718,-0.));
#8845 = VECTOR('',#8846,1.);
#8846 = DIRECTION('',(0.,1.));
#8847 = ( GEOMETRIC_REPRESENTATION_CONTEXT(2) 
PARAMETRIC_REPRESENTATION_CONTEXT() REPRESENTATION_CONTEXT('2D SPACE',''
  ) );
#8848 = PCURVE('',#8837,#8849);
#8849 = DEFINITIONAL_REPRESENTATION('',(#8850),#8854);
#8850 = LINE('',#8851,#8852);
#8851 = CARTESIAN_POINT('',(0.,-0.));
#8852 = VECTOR('',#8853,1.);
#8853 = DIRECTION('',(0.,1.));
#8854 = ( GEOMETRIC_REPRESENTATION_CONTEXT(2) 
PARAMETRIC_REPRESENTATION_CONTEXT() REPRESENTATION_CONTEXT('2D SPACE',''
  ) );
#8855 = ORIENTED_EDGE('',*,*,#8856,.F.);
#8856 = EDGE_CURVE('',#8829,#8829,#8857,.T.);
#8857 = SURFACE_CURVE('',#8858,(#8863,#8870),.PCURVE_S1.);
#8858 = CIRCLE('',#8859,0.35);
#8859 = AXIS2_PLACEMENT_3D('',#8860,#8861,#8862);
#8860 = CARTESIAN_POINT('',(-7.62,2.54,1.44));
#8861 = DIRECTION('',(0.,0.,1.));
#8862 = DIRECTION('',(1.,0.,0.));
#8863 = PCURVE('',#8837,#8864);
#8864 = DEFINITIONAL_REPRESENTATION('',(#8865),#8869);
#8865 = LINE('',#8866,#8867);
#8866 = CARTESIAN_POINT('',(0.,4.54));
#8867 = VECTOR('',#8868,1.);
#8868 = DIRECTION('',(1.,0.));
#8869 = ( GEOMETRIC_REPRESENTATION_CONTEXT(2) 
PARAMETRIC_REPRESENTATION_CONTEXT() REPRESENTATION_CONTEXT('2D SPACE',''
  ) );
#8870 = PCURVE('',#8871,#8876);
#8871 = PLANE('',#8872);
#8872 = AXIS2_PLACEMENT_3D('',#8873,#8874,#8875);
#8873 = CARTESIAN_POINT('',(-7.62,2.54,1.44));
#8874 = DIRECTION('',(0.,0.,1.));
#8875 = DIRECTION('',(1.,0.,0.));
#8876 = DEFINITIONAL_REPRESENTATION('',(#8877),#8881);
#8877 = CIRCLE('',#8878,0.35);
#8878 = AXIS2_PLACEMENT_2D('',#8879,#8880);
#8879 = CARTESIAN_POINT('',(0.,0.));
#8880 = DIRECTION('',(1.,0.));
#8881 = ( GEOMETRIC_REPRESENTATION_CONTEXT(2) 
PARAMETRIC_REPRESENTATION_CONTEXT() REPRESENTATION_CONTEXT('2D SPACE',''
  ) );
#8882 = ORIENTED_EDGE('',*,*,#8826,.F.);
#8883 = ORIENTED_EDGE('',*,*,#8884,.T.);
#8884 = EDGE_CURVE('',#8827,#8827,#8885,.T.);
#8885 = SURFACE_CURVE('',#8886,(#8891,#8898),.PCURVE_S1.);
#8886 = CIRCLE('',#8887,0.35);
#8887 = AXIS2_PLACEMENT_3D('',#8888,#8889,#8890);
#8888 = CARTESIAN_POINT('',(-7.62,2.54,-2.82));
#8889 = DIRECTION('',(0.,0.,1.));
#8890 = DIRECTION('',(1.,0.,0.));
#8891 = PCURVE('',#8837,#8892);
#8892 = DEFINITIONAL_REPRESENTATION('',(#8893),#8897);
#8893 = LINE('',#8894,#8895);
#8894 = CARTESIAN_POINT('',(0.,0.28));
#8895 = VECTOR('',#8896,1.);
#8896 = DIRECTION('',(1.,0.));
#8897 = ( GEOMETRIC_REPRESENTATION_CONTEXT(2) 
PARAMETRIC_REPRESENTATION_CONTEXT() REPRESENTATION_CONTEXT('2D SPACE',''
  ) );
#8898 = PCURVE('',#8899,#8904);
#8899 = CONICAL_SURFACE('',#8900,0.35,0.785398163397);
#8900 = AXIS2_PLACEMENT_3D('',#8901,#8902,#8903);
#8901 = CARTESIAN_POINT('',(-7.62,2.54,-2.82));
#8902 = DIRECTION('',(0.,0.,1.));
#8903 = DIRECTION('',(1.,0.,0.));
#8904 = DEFINITIONAL_REPRESENTATION('',(#8905),#8909);
#8905 = LINE('',#8906,#8907);
#8906 = CARTESIAN_POINT('',(0.,-0.));
#8907 = VECTOR('',#8908,1.);
#8908 = DIRECTION('',(1.,-0.));
#8909 = ( GEOMETRIC_REPRESENTATION_CONTEXT(2) 
PARAMETRIC_REPRESENTATION_CONTEXT() REPRESENTATION_CONTEXT('2D SPACE',''
  ) );
#8910 = ADVANCED_FACE('',(#8911),#8899,.T.);
#8911 = FACE_BOUND('',#8912,.F.);
#8912 = EDGE_LOOP('',(#8913,#8934,#8935,#8936));
#8913 = ORIENTED_EDGE('',*,*,#8914,.F.);
#8914 = EDGE_CURVE('',#8827,#8915,#8917,.T.);
#8915 = VERTEX_POINT('',#8916);
#8916 = CARTESIAN_POINT('',(-7.55,2.54,-3.1));
#8917 = SEAM_CURVE('',#8918,(#8922,#8928),.PCURVE_S1.);
#8918 = LINE('',#8919,#8920);
#8919 = CARTESIAN_POINT('',(-7.27,2.54,-2.82));
#8920 = VECTOR('',#8921,1.);
#8921 = DIRECTION('',(-0.707106781187,-0.,-0.707106781187));
#8922 = PCURVE('',#8899,#8923);
#8923 = DEFINITIONAL_REPRESENTATION('',(#8924),#8927);
#8924 = B_SPLINE_CURVE_WITH_KNOTS('',1,(#8925,#8926),.UNSPECIFIED.,.F.,
  .F.,(2,2),(0.,0.395979797464),.PIECEWISE_BEZIER_KNOTS.);
#8925 = CARTESIAN_POINT('',(0.,0.));
#8926 = CARTESIAN_POINT('',(0.,-0.28));
#8927 = ( GEOMETRIC_REPRESENTATION_CONTEXT(2) 
PARAMETRIC_REPRESENTATION_CONTEXT() REPRESENTATION_CONTEXT('2D SPACE',''
  ) );
#8928 = PCURVE('',#8899,#8929);
#8929 = DEFINITIONAL_REPRESENTATION('',(#8930),#8933);
#8930 = B_SPLINE_CURVE_WITH_KNOTS('',1,(#8931,#8932),.UNSPECIFIED.,.F.,
  .F.,(2,2),(0.,0.395979797464),.PIECEWISE_BEZIER_KNOTS.);
#8931 = CARTESIAN_POINT('',(6.28318530718,0.));
#8932 = CARTESIAN_POINT('',(6.28318530718,-0.28));
#8933 = ( GEOMETRIC_REPRESENTATION_CONTEXT(2) 
PARAMETRIC_REPRESENTATION_CONTEXT() REPRESENTATION_CONTEXT('2D SPACE',''
  ) );
#8934 = ORIENTED_EDGE('',*,*,#8884,.T.);
#8935 = ORIENTED_EDGE('',*,*,#8914,.T.);
#8936 = ORIENTED_EDGE('',*,*,#8937,.F.);
#8937 = EDGE_CURVE('',#8915,#8915,#8938,.T.);
#8938 = SURFACE_CURVE('',#8939,(#8944,#8951),.PCURVE_S1.);
#8939 = CIRCLE('',#8940,7.E-02);
#8940 = AXIS2_PLACEMENT_3D('',#8941,#8942,#8943);
#8941 = CARTESIAN_POINT('',(-7.62,2.54,-3.1));
#8942 = DIRECTION('',(0.,0.,1.));
#8943 = DIRECTION('',(1.,0.,0.));
#8944 = PCURVE('',#8899,#8945);
#8945 = DEFINITIONAL_REPRESENTATION('',(#8946),#8950);
#8946 = LINE('',#8947,#8948);
#8947 = CARTESIAN_POINT('',(0.,-0.28));
#8948 = VECTOR('',#8949,1.);
#8949 = DIRECTION('',(1.,-0.));
#8950 = ( GEOMETRIC_REPRESENTATION_CONTEXT(2) 
PARAMETRIC_REPRESENTATION_CONTEXT() REPRESENTATION_CONTEXT('2D SPACE',''
  ) );
#8951 = PCURVE('',#8952,#8957);
#8952 = PLANE('',#8953);
#8953 = AXIS2_PLACEMENT_3D('',#8954,#8955,#8956);
#8954 = CARTESIAN_POINT('',(-7.62,2.54,-3.1));
#8955 = DIRECTION('',(0.,0.,1.));
#8956 = DIRECTION('',(1.,0.,0.));
#8957 = DEFINITIONAL_REPRESENTATION('',(#8958),#8962);
#8958 = CIRCLE('',#8959,7.E-02);
#8959 = AXIS2_PLACEMENT_2D('',#8960,#8961);
#8960 = CARTESIAN_POINT('',(0.,0.));
#8961 = DIRECTION('',(1.,0.));
#8962 = ( GEOMETRIC_REPRESENTATION_CONTEXT(2) 
PARAMETRIC_REPRESENTATION_CONTEXT() REPRESENTATION_CONTEXT('2D SPACE',''
  ) );
#8963 = ADVANCED_FACE('',(#8964),#8871,.T.);
#8964 = FACE_BOUND('',#8965,.T.);
#8965 = EDGE_LOOP('',(#8966));
#8966 = ORIENTED_EDGE('',*,*,#8856,.T.);
#8967 = ADVANCED_FACE('',(#8968),#8952,.F.);
#8968 = FACE_BOUND('',#8969,.F.);
#8969 = EDGE_LOOP('',(#8970));
#8970 = ORIENTED_EDGE('',*,*,#8937,.T.);
#8971 = MANIFOLD_SOLID_BREP('',#8972);
#8972 = CLOSED_SHELL('',(#8973,#9061,#9114,#9118));
#8973 = ADVANCED_FACE('',(#8974),#8988,.T.);
#8974 = FACE_BOUND('',#8975,.T.);
#8975 = EDGE_LOOP('',(#8976,#9006,#9033,#9034));
#8976 = ORIENTED_EDGE('',*,*,#8977,.T.);
#8977 = EDGE_CURVE('',#8978,#8980,#8982,.T.);
#8978 = VERTEX_POINT('',#8979);
#8979 = CARTESIAN_POINT('',(-9.81,0.,-2.82));
#8980 = VERTEX_POINT('',#8981);
#8981 = CARTESIAN_POINT('',(-9.81,-8.572527594031E-17,1.44));
#8982 = SEAM_CURVE('',#8983,(#8987,#8999),.PCURVE_S1.);
#8983 = LINE('',#8984,#8985);
#8984 = CARTESIAN_POINT('',(-9.81,-8.572527594031E-17,-3.1));
#8985 = VECTOR('',#8986,1.);
#8986 = DIRECTION('',(0.,0.,1.));
#8987 = PCURVE('',#8988,#8993);
#8988 = CYLINDRICAL_SURFACE('',#8989,0.35);
#8989 = AXIS2_PLACEMENT_3D('',#8990,#8991,#8992);
#8990 = CARTESIAN_POINT('',(-10.16,0.,-3.1));
#8991 = DIRECTION('',(0.,0.,1.));
#8992 = DIRECTION('',(1.,0.,0.));
#8993 = DEFINITIONAL_REPRESENTATION('',(#8994),#8998);
#8994 = LINE('',#8995,#8996);
#8995 = CARTESIAN_POINT('',(6.28318530718,-0.));
#8996 = VECTOR('',#8997,1.);
#8997 = DIRECTION('',(0.,1.));
#8998 = ( GEOMETRIC_REPRESENTATION_CONTEXT(2) 
PARAMETRIC_REPRESENTATION_CONTEXT() REPRESENTATION_CONTEXT('2D SPACE',''
  ) );
#8999 = PCURVE('',#8988,#9000);
#9000 = DEFINITIONAL_REPRESENTATION('',(#9001),#9005);
#9001 = LINE('',#9002,#9003);
#9002 = CARTESIAN_POINT('',(0.,-0.));
#9003 = VECTOR('',#9004,1.);
#9004 = DIRECTION('',(0.,1.));
#9005 = ( GEOMETRIC_REPRESENTATION_CONTEXT(2) 
PARAMETRIC_REPRESENTATION_CONTEXT() REPRESENTATION_CONTEXT('2D SPACE',''
  ) );
#9006 = ORIENTED_EDGE('',*,*,#9007,.F.);
#9007 = EDGE_CURVE('',#8980,#8980,#9008,.T.);
#9008 = SURFACE_CURVE('',#9009,(#9014,#9021),.PCURVE_S1.);
#9009 = CIRCLE('',#9010,0.35);
#9010 = AXIS2_PLACEMENT_3D('',#9011,#9012,#9013);
#9011 = CARTESIAN_POINT('',(-10.16,0.,1.44));
#9012 = DIRECTION('',(0.,0.,1.));
#9013 = DIRECTION('',(1.,0.,0.));
#9014 = PCURVE('',#8988,#9015);
#9015 = DEFINITIONAL_REPRESENTATION('',(#9016),#9020);
#9016 = LINE('',#9017,#9018);
#9017 = CARTESIAN_POINT('',(0.,4.54));
#9018 = VECTOR('',#9019,1.);
#9019 = DIRECTION('',(1.,0.));
#9020 = ( GEOMETRIC_REPRESENTATION_CONTEXT(2) 
PARAMETRIC_REPRESENTATION_CONTEXT() REPRESENTATION_CONTEXT('2D SPACE',''
  ) );
#9021 = PCURVE('',#9022,#9027);
#9022 = PLANE('',#9023);
#9023 = AXIS2_PLACEMENT_3D('',#9024,#9025,#9026);
#9024 = CARTESIAN_POINT('',(-10.16,0.,1.44));
#9025 = DIRECTION('',(0.,0.,1.));
#9026 = DIRECTION('',(1.,0.,0.));
#9027 = DEFINITIONAL_REPRESENTATION('',(#9028),#9032);
#9028 = CIRCLE('',#9029,0.35);
#9029 = AXIS2_PLACEMENT_2D('',#9030,#9031);
#9030 = CARTESIAN_POINT('',(0.,0.));
#9031 = DIRECTION('',(1.,0.));
#9032 = ( GEOMETRIC_REPRESENTATION_CONTEXT(2) 
PARAMETRIC_REPRESENTATION_CONTEXT() REPRESENTATION_CONTEXT('2D SPACE',''
  ) );
#9033 = ORIENTED_EDGE('',*,*,#8977,.F.);
#9034 = ORIENTED_EDGE('',*,*,#9035,.T.);
#9035 = EDGE_CURVE('',#8978,#8978,#9036,.T.);
#9036 = SURFACE_CURVE('',#9037,(#9042,#9049),.PCURVE_S1.);
#9037 = CIRCLE('',#9038,0.35);
#9038 = AXIS2_PLACEMENT_3D('',#9039,#9040,#9041);
#9039 = CARTESIAN_POINT('',(-10.16,0.,-2.82));
#9040 = DIRECTION('',(0.,0.,1.));
#9041 = DIRECTION('',(1.,0.,0.));
#9042 = PCURVE('',#8988,#9043);
#9043 = DEFINITIONAL_REPRESENTATION('',(#9044),#9048);
#9044 = LINE('',#9045,#9046);
#9045 = CARTESIAN_POINT('',(0.,0.28));
#9046 = VECTOR('',#9047,1.);
#9047 = DIRECTION('',(1.,0.));
#9048 = ( GEOMETRIC_REPRESENTATION_CONTEXT(2) 
PARAMETRIC_REPRESENTATION_CONTEXT() REPRESENTATION_CONTEXT('2D SPACE',''
  ) );
#9049 = PCURVE('',#9050,#9055);
#9050 = CONICAL_SURFACE('',#9051,0.35,0.785398163397);
#9051 = AXIS2_PLACEMENT_3D('',#9052,#9053,#9054);
#9052 = CARTESIAN_POINT('',(-10.16,0.,-2.82));
#9053 = DIRECTION('',(0.,0.,1.));
#9054 = DIRECTION('',(1.,0.,0.));
#9055 = DEFINITIONAL_REPRESENTATION('',(#9056),#9060);
#9056 = LINE('',#9057,#9058);
#9057 = CARTESIAN_POINT('',(0.,-0.));
#9058 = VECTOR('',#9059,1.);
#9059 = DIRECTION('',(1.,-0.));
#9060 = ( GEOMETRIC_REPRESENTATION_CONTEXT(2) 
PARAMETRIC_REPRESENTATION_CONTEXT() REPRESENTATION_CONTEXT('2D SPACE',''
  ) );
#9061 = ADVANCED_FACE('',(#9062),#9050,.T.);
#9062 = FACE_BOUND('',#9063,.F.);
#9063 = EDGE_LOOP('',(#9064,#9085,#9086,#9087));
#9064 = ORIENTED_EDGE('',*,*,#9065,.F.);
#9065 = EDGE_CURVE('',#8978,#9066,#9068,.T.);
#9066 = VERTEX_POINT('',#9067);
#9067 = CARTESIAN_POINT('',(-10.09,0.,-3.1));
#9068 = SEAM_CURVE('',#9069,(#9073,#9079),.PCURVE_S1.);
#9069 = LINE('',#9070,#9071);
#9070 = CARTESIAN_POINT('',(-9.81,0.,-2.82));
#9071 = VECTOR('',#9072,1.);
#9072 = DIRECTION('',(-0.707106781187,-0.,-0.707106781187));
#9073 = PCURVE('',#9050,#9074);
#9074 = DEFINITIONAL_REPRESENTATION('',(#9075),#9078);
#9075 = B_SPLINE_CURVE_WITH_KNOTS('',1,(#9076,#9077),.UNSPECIFIED.,.F.,
  .F.,(2,2),(0.,0.395979797464),.PIECEWISE_BEZIER_KNOTS.);
#9076 = CARTESIAN_POINT('',(0.,0.));
#9077 = CARTESIAN_POINT('',(0.,-0.28));
#9078 = ( GEOMETRIC_REPRESENTATION_CONTEXT(2) 
PARAMETRIC_REPRESENTATION_CONTEXT() REPRESENTATION_CONTEXT('2D SPACE',''
  ) );
#9079 = PCURVE('',#9050,#9080);
#9080 = DEFINITIONAL_REPRESENTATION('',(#9081),#9084);
#9081 = B_SPLINE_CURVE_WITH_KNOTS('',1,(#9082,#9083),.UNSPECIFIED.,.F.,
  .F.,(2,2),(0.,0.395979797464),.PIECEWISE_BEZIER_KNOTS.);
#9082 = CARTESIAN_POINT('',(6.28318530718,0.));
#9083 = CARTESIAN_POINT('',(6.28318530718,-0.28));
#9084 = ( GEOMETRIC_REPRESENTATION_CONTEXT(2) 
PARAMETRIC_REPRESENTATION_CONTEXT() REPRESENTATION_CONTEXT('2D SPACE',''
  ) );
#9085 = ORIENTED_EDGE('',*,*,#9035,.T.);
#9086 = ORIENTED_EDGE('',*,*,#9065,.T.);
#9087 = ORIENTED_EDGE('',*,*,#9088,.F.);
#9088 = EDGE_CURVE('',#9066,#9066,#9089,.T.);
#9089 = SURFACE_CURVE('',#9090,(#9095,#9102),.PCURVE_S1.);
#9090 = CIRCLE('',#9091,7.E-02);
#9091 = AXIS2_PLACEMENT_3D('',#9092,#9093,#9094);
#9092 = CARTESIAN_POINT('',(-10.16,0.,-3.1));
#9093 = DIRECTION('',(0.,0.,1.));
#9094 = DIRECTION('',(1.,0.,0.));
#9095 = PCURVE('',#9050,#9096);
#9096 = DEFINITIONAL_REPRESENTATION('',(#9097),#9101);
#9097 = LINE('',#9098,#9099);
#9098 = CARTESIAN_POINT('',(0.,-0.28));
#9099 = VECTOR('',#9100,1.);
#9100 = DIRECTION('',(1.,-0.));
#9101 = ( GEOMETRIC_REPRESENTATION_CONTEXT(2) 
PARAMETRIC_REPRESENTATION_CONTEXT() REPRESENTATION_CONTEXT('2D SPACE',''
  ) );
#9102 = PCURVE('',#9103,#9108);
#9103 = PLANE('',#9104);
#9104 = AXIS2_PLACEMENT_3D('',#9105,#9106,#9107);
#9105 = CARTESIAN_POINT('',(-10.16,0.,-3.1));
#9106 = DIRECTION('',(0.,0.,1.));
#9107 = DIRECTION('',(1.,0.,0.));
#9108 = DEFINITIONAL_REPRESENTATION('',(#9109),#9113);
#9109 = CIRCLE('',#9110,7.E-02);
#9110 = AXIS2_PLACEMENT_2D('',#9111,#9112);
#9111 = CARTESIAN_POINT('',(0.,0.));
#9112 = DIRECTION('',(1.,0.));
#9113 = ( GEOMETRIC_REPRESENTATION_CONTEXT(2) 
PARAMETRIC_REPRESENTATION_CONTEXT() REPRESENTATION_CONTEXT('2D SPACE',''
  ) );
#9114 = ADVANCED_FACE('',(#9115),#9022,.T.);
#9115 = FACE_BOUND('',#9116,.T.);
#9116 = EDGE_LOOP('',(#9117));
#9117 = ORIENTED_EDGE('',*,*,#9007,.T.);
#9118 = ADVANCED_FACE('',(#9119),#9103,.F.);
#9119 = FACE_BOUND('',#9120,.F.);
#9120 = EDGE_LOOP('',(#9121));
#9121 = ORIENTED_EDGE('',*,*,#9088,.T.);
#9122 = MANIFOLD_SOLID_BREP('',#9123);
#9123 = CLOSED_SHELL('',(#9124,#9212,#9265,#9269));
#9124 = ADVANCED_FACE('',(#9125),#9139,.T.);
#9125 = FACE_BOUND('',#9126,.T.);
#9126 = EDGE_LOOP('',(#9127,#9157,#9184,#9185));
#9127 = ORIENTED_EDGE('',*,*,#9128,.T.);
#9128 = EDGE_CURVE('',#9129,#9131,#9133,.T.);
#9129 = VERTEX_POINT('',#9130);
#9130 = CARTESIAN_POINT('',(-9.81,2.54,-2.82));
#9131 = VERTEX_POINT('',#9132);
#9132 = CARTESIAN_POINT('',(-9.81,2.54,1.44));
#9133 = SEAM_CURVE('',#9134,(#9138,#9150),.PCURVE_S1.);
#9134 = LINE('',#9135,#9136);
#9135 = CARTESIAN_POINT('',(-9.81,2.54,-3.1));
#9136 = VECTOR('',#9137,1.);
#9137 = DIRECTION('',(0.,0.,1.));
#9138 = PCURVE('',#9139,#9144);
#9139 = CYLINDRICAL_SURFACE('',#9140,0.35);
#9140 = AXIS2_PLACEMENT_3D('',#9141,#9142,#9143);
#9141 = CARTESIAN_POINT('',(-10.16,2.54,-3.1));
#9142 = DIRECTION('',(0.,0.,1.));
#9143 = DIRECTION('',(1.,0.,0.));
#9144 = DEFINITIONAL_REPRESENTATION('',(#9145),#9149);
#9145 = LINE('',#9146,#9147);
#9146 = CARTESIAN_POINT('',(6.28318530718,-0.));
#9147 = VECTOR('',#9148,1.);
#9148 = DIRECTION('',(0.,1.));
#9149 = ( GEOMETRIC_REPRESENTATION_CONTEXT(2) 
PARAMETRIC_REPRESENTATION_CONTEXT() REPRESENTATION_CONTEXT('2D SPACE',''
  ) );
#9150 = PCURVE('',#9139,#9151);
#9151 = DEFINITIONAL_REPRESENTATION('',(#9152),#9156);
#9152 = LINE('',#9153,#9154);
#9153 = CARTESIAN_POINT('',(0.,-0.));
#9154 = VECTOR('',#9155,1.);
#9155 = DIRECTION('',(0.,1.));
#9156 = ( GEOMETRIC_REPRESENTATION_CONTEXT(2) 
PARAMETRIC_REPRESENTATION_CONTEXT() REPRESENTATION_CONTEXT('2D SPACE',''
  ) );
#9157 = ORIENTED_EDGE('',*,*,#9158,.F.);
#9158 = EDGE_CURVE('',#9131,#9131,#9159,.T.);
#9159 = SURFACE_CURVE('',#9160,(#9165,#9172),.PCURVE_S1.);
#9160 = CIRCLE('',#9161,0.35);
#9161 = AXIS2_PLACEMENT_3D('',#9162,#9163,#9164);
#9162 = CARTESIAN_POINT('',(-10.16,2.54,1.44));
#9163 = DIRECTION('',(0.,0.,1.));
#9164 = DIRECTION('',(1.,0.,0.));
#9165 = PCURVE('',#9139,#9166);
#9166 = DEFINITIONAL_REPRESENTATION('',(#9167),#9171);
#9167 = LINE('',#9168,#9169);
#9168 = CARTESIAN_POINT('',(0.,4.54));
#9169 = VECTOR('',#9170,1.);
#9170 = DIRECTION('',(1.,0.));
#9171 = ( GEOMETRIC_REPRESENTATION_CONTEXT(2) 
PARAMETRIC_REPRESENTATION_CONTEXT() REPRESENTATION_CONTEXT('2D SPACE',''
  ) );
#9172 = PCURVE('',#9173,#9178);
#9173 = PLANE('',#9174);
#9174 = AXIS2_PLACEMENT_3D('',#9175,#9176,#9177);
#9175 = CARTESIAN_POINT('',(-10.16,2.54,1.44));
#9176 = DIRECTION('',(0.,0.,1.));
#9177 = DIRECTION('',(1.,0.,0.));
#9178 = DEFINITIONAL_REPRESENTATION('',(#9179),#9183);
#9179 = CIRCLE('',#9180,0.35);
#9180 = AXIS2_PLACEMENT_2D('',#9181,#9182);
#9181 = CARTESIAN_POINT('',(0.,0.));
#9182 = DIRECTION('',(1.,0.));
#9183 = ( GEOMETRIC_REPRESENTATION_CONTEXT(2) 
PARAMETRIC_REPRESENTATION_CONTEXT() REPRESENTATION_CONTEXT('2D SPACE',''
  ) );
#9184 = ORIENTED_EDGE('',*,*,#9128,.F.);
#9185 = ORIENTED_EDGE('',*,*,#9186,.T.);
#9186 = EDGE_CURVE('',#9129,#9129,#9187,.T.);
#9187 = SURFACE_CURVE('',#9188,(#9193,#9200),.PCURVE_S1.);
#9188 = CIRCLE('',#9189,0.35);
#9189 = AXIS2_PLACEMENT_3D('',#9190,#9191,#9192);
#9190 = CARTESIAN_POINT('',(-10.16,2.54,-2.82));
#9191 = DIRECTION('',(0.,0.,1.));
#9192 = DIRECTION('',(1.,0.,0.));
#9193 = PCURVE('',#9139,#9194);
#9194 = DEFINITIONAL_REPRESENTATION('',(#9195),#9199);
#9195 = LINE('',#9196,#9197);
#9196 = CARTESIAN_POINT('',(0.,0.28));
#9197 = VECTOR('',#9198,1.);
#9198 = DIRECTION('',(1.,0.));
#9199 = ( GEOMETRIC_REPRESENTATION_CONTEXT(2) 
PARAMETRIC_REPRESENTATION_CONTEXT() REPRESENTATION_CONTEXT('2D SPACE',''
  ) );
#9200 = PCURVE('',#9201,#9206);
#9201 = CONICAL_SURFACE('',#9202,0.35,0.785398163397);
#9202 = AXIS2_PLACEMENT_3D('',#9203,#9204,#9205);
#9203 = CARTESIAN_POINT('',(-10.16,2.54,-2.82));
#9204 = DIRECTION('',(0.,0.,1.));
#9205 = DIRECTION('',(1.,0.,0.));
#9206 = DEFINITIONAL_REPRESENTATION('',(#9207),#9211);
#9207 = LINE('',#9208,#9209);
#9208 = CARTESIAN_POINT('',(0.,-0.));
#9209 = VECTOR('',#9210,1.);
#9210 = DIRECTION('',(1.,-0.));
#9211 = ( GEOMETRIC_REPRESENTATION_CONTEXT(2) 
PARAMETRIC_REPRESENTATION_CONTEXT() REPRESENTATION_CONTEXT('2D SPACE',''
  ) );
#9212 = ADVANCED_FACE('',(#9213),#9201,.T.);
#9213 = FACE_BOUND('',#9214,.F.);
#9214 = EDGE_LOOP('',(#9215,#9236,#9237,#9238));
#9215 = ORIENTED_EDGE('',*,*,#9216,.F.);
#9216 = EDGE_CURVE('',#9129,#9217,#9219,.T.);
#9217 = VERTEX_POINT('',#9218);
#9218 = CARTESIAN_POINT('',(-10.09,2.54,-3.1));
#9219 = SEAM_CURVE('',#9220,(#9224,#9230),.PCURVE_S1.);
#9220 = LINE('',#9221,#9222);
#9221 = CARTESIAN_POINT('',(-9.81,2.54,-2.82));
#9222 = VECTOR('',#9223,1.);
#9223 = DIRECTION('',(-0.707106781187,-0.,-0.707106781187));
#9224 = PCURVE('',#9201,#9225);
#9225 = DEFINITIONAL_REPRESENTATION('',(#9226),#9229);
#9226 = B_SPLINE_CURVE_WITH_KNOTS('',1,(#9227,#9228),.UNSPECIFIED.,.F.,
  .F.,(2,2),(0.,0.395979797464),.PIECEWISE_BEZIER_KNOTS.);
#9227 = CARTESIAN_POINT('',(0.,0.));
#9228 = CARTESIAN_POINT('',(0.,-0.28));
#9229 = ( GEOMETRIC_REPRESENTATION_CONTEXT(2) 
PARAMETRIC_REPRESENTATION_CONTEXT() REPRESENTATION_CONTEXT('2D SPACE',''
  ) );
#9230 = PCURVE('',#9201,#9231);
#9231 = DEFINITIONAL_REPRESENTATION('',(#9232),#9235);
#9232 = B_SPLINE_CURVE_WITH_KNOTS('',1,(#9233,#9234),.UNSPECIFIED.,.F.,
  .F.,(2,2),(0.,0.395979797464),.PIECEWISE_BEZIER_KNOTS.);
#9233 = CARTESIAN_POINT('',(6.28318530718,0.));
#9234 = CARTESIAN_POINT('',(6.28318530718,-0.28));
#9235 = ( GEOMETRIC_REPRESENTATION_CONTEXT(2) 
PARAMETRIC_REPRESENTATION_CONTEXT() REPRESENTATION_CONTEXT('2D SPACE',''
  ) );
#9236 = ORIENTED_EDGE('',*,*,#9186,.T.);
#9237 = ORIENTED_EDGE('',*,*,#9216,.T.);
#9238 = ORIENTED_EDGE('',*,*,#9239,.F.);
#9239 = EDGE_CURVE('',#9217,#9217,#9240,.T.);
#9240 = SURFACE_CURVE('',#9241,(#9246,#9253),.PCURVE_S1.);
#9241 = CIRCLE('',#9242,7.E-02);
#9242 = AXIS2_PLACEMENT_3D('',#9243,#9244,#9245);
#9243 = CARTESIAN_POINT('',(-10.16,2.54,-3.1));
#9244 = DIRECTION('',(0.,0.,1.));
#9245 = DIRECTION('',(1.,0.,0.));
#9246 = PCURVE('',#9201,#9247);
#9247 = DEFINITIONAL_REPRESENTATION('',(#9248),#9252);
#9248 = LINE('',#9249,#9250);
#9249 = CARTESIAN_POINT('',(0.,-0.28));
#9250 = VECTOR('',#9251,1.);
#9251 = DIRECTION('',(1.,-0.));
#9252 = ( GEOMETRIC_REPRESENTATION_CONTEXT(2) 
PARAMETRIC_REPRESENTATION_CONTEXT() REPRESENTATION_CONTEXT('2D SPACE',''
  ) );
#9253 = PCURVE('',#9254,#9259);
#9254 = PLANE('',#9255);
#9255 = AXIS2_PLACEMENT_3D('',#9256,#9257,#9258);
#9256 = CARTESIAN_POINT('',(-10.16,2.54,-3.1));
#9257 = DIRECTION('',(0.,0.,1.));
#9258 = DIRECTION('',(1.,0.,0.));
#9259 = DEFINITIONAL_REPRESENTATION('',(#9260),#9264);
#9260 = CIRCLE('',#9261,7.E-02);
#9261 = AXIS2_PLACEMENT_2D('',#9262,#9263);
#9262 = CARTESIAN_POINT('',(0.,0.));
#9263 = DIRECTION('',(1.,0.));
#9264 = ( GEOMETRIC_REPRESENTATION_CONTEXT(2) 
PARAMETRIC_REPRESENTATION_CONTEXT() REPRESENTATION_CONTEXT('2D SPACE',''
  ) );
#9265 = ADVANCED_FACE('',(#9266),#9173,.T.);
#9266 = FACE_BOUND('',#9267,.T.);
#9267 = EDGE_LOOP('',(#9268));
#9268 = ORIENTED_EDGE('',*,*,#9158,.T.);
#9269 = ADVANCED_FACE('',(#9270),#9254,.F.);
#9270 = FACE_BOUND('',#9271,.F.);
#9271 = EDGE_LOOP('',(#9272));
#9272 = ORIENTED_EDGE('',*,*,#9239,.T.);
#9273 = MANIFOLD_SOLID_BREP('',#9274);
#9274 = CLOSED_SHELL('',(#9275,#9363,#9416,#9420));
#9275 = ADVANCED_FACE('',(#9276),#9290,.T.);
#9276 = FACE_BOUND('',#9277,.T.);
#9277 = EDGE_LOOP('',(#9278,#9308,#9335,#9336));
#9278 = ORIENTED_EDGE('',*,*,#9279,.T.);
#9279 = EDGE_CURVE('',#9280,#9282,#9284,.T.);
#9280 = VERTEX_POINT('',#9281);
#9281 = CARTESIAN_POINT('',(-12.35,0.,-2.82));
#9282 = VERTEX_POINT('',#9283);
#9283 = CARTESIAN_POINT('',(-12.35,-8.572527594031E-17,1.44));
#9284 = SEAM_CURVE('',#9285,(#9289,#9301),.PCURVE_S1.);
#9285 = LINE('',#9286,#9287);
#9286 = CARTESIAN_POINT('',(-12.35,-8.572527594031E-17,-3.1));
#9287 = VECTOR('',#9288,1.);
#9288 = DIRECTION('',(0.,0.,1.));
#9289 = PCURVE('',#9290,#9295);
#9290 = CYLINDRICAL_SURFACE('',#9291,0.35);
#9291 = AXIS2_PLACEMENT_3D('',#9292,#9293,#9294);
#9292 = CARTESIAN_POINT('',(-12.7,0.,-3.1));
#9293 = DIRECTION('',(0.,0.,1.));
#9294 = DIRECTION('',(1.,0.,0.));
#9295 = DEFINITIONAL_REPRESENTATION('',(#9296),#9300);
#9296 = LINE('',#9297,#9298);
#9297 = CARTESIAN_POINT('',(6.28318530718,-0.));
#9298 = VECTOR('',#9299,1.);
#9299 = DIRECTION('',(0.,1.));
#9300 = ( GEOMETRIC_REPRESENTATION_CONTEXT(2) 
PARAMETRIC_REPRESENTATION_CONTEXT() REPRESENTATION_CONTEXT('2D SPACE',''
  ) );
#9301 = PCURVE('',#9290,#9302);
#9302 = DEFINITIONAL_REPRESENTATION('',(#9303),#9307);
#9303 = LINE('',#9304,#9305);
#9304 = CARTESIAN_POINT('',(0.,-0.));
#9305 = VECTOR('',#9306,1.);
#9306 = DIRECTION('',(0.,1.));
#9307 = ( GEOMETRIC_REPRESENTATION_CONTEXT(2) 
PARAMETRIC_REPRESENTATION_CONTEXT() REPRESENTATION_CONTEXT('2D SPACE',''
  ) );
#9308 = ORIENTED_EDGE('',*,*,#9309,.F.);
#9309 = EDGE_CURVE('',#9282,#9282,#9310,.T.);
#9310 = SURFACE_CURVE('',#9311,(#9316,#9323),.PCURVE_S1.);
#9311 = CIRCLE('',#9312,0.35);
#9312 = AXIS2_PLACEMENT_3D('',#9313,#9314,#9315);
#9313 = CARTESIAN_POINT('',(-12.7,0.,1.44));
#9314 = DIRECTION('',(0.,0.,1.));
#9315 = DIRECTION('',(1.,0.,0.));
#9316 = PCURVE('',#9290,#9317);
#9317 = DEFINITIONAL_REPRESENTATION('',(#9318),#9322);
#9318 = LINE('',#9319,#9320);
#9319 = CARTESIAN_POINT('',(0.,4.54));
#9320 = VECTOR('',#9321,1.);
#9321 = DIRECTION('',(1.,0.));
#9322 = ( GEOMETRIC_REPRESENTATION_CONTEXT(2) 
PARAMETRIC_REPRESENTATION_CONTEXT() REPRESENTATION_CONTEXT('2D SPACE',''
  ) );
#9323 = PCURVE('',#9324,#9329);
#9324 = PLANE('',#9325);
#9325 = AXIS2_PLACEMENT_3D('',#9326,#9327,#9328);
#9326 = CARTESIAN_POINT('',(-12.7,0.,1.44));
#9327 = DIRECTION('',(0.,0.,1.));
#9328 = DIRECTION('',(1.,0.,0.));
#9329 = DEFINITIONAL_REPRESENTATION('',(#9330),#9334);
#9330 = CIRCLE('',#9331,0.35);
#9331 = AXIS2_PLACEMENT_2D('',#9332,#9333);
#9332 = CARTESIAN_POINT('',(0.,0.));
#9333 = DIRECTION('',(1.,0.));
#9334 = ( GEOMETRIC_REPRESENTATION_CONTEXT(2) 
PARAMETRIC_REPRESENTATION_CONTEXT() REPRESENTATION_CONTEXT('2D SPACE',''
  ) );
#9335 = ORIENTED_EDGE('',*,*,#9279,.F.);
#9336 = ORIENTED_EDGE('',*,*,#9337,.T.);
#9337 = EDGE_CURVE('',#9280,#9280,#9338,.T.);
#9338 = SURFACE_CURVE('',#9339,(#9344,#9351),.PCURVE_S1.);
#9339 = CIRCLE('',#9340,0.35);
#9340 = AXIS2_PLACEMENT_3D('',#9341,#9342,#9343);
#9341 = CARTESIAN_POINT('',(-12.7,0.,-2.82));
#9342 = DIRECTION('',(0.,0.,1.));
#9343 = DIRECTION('',(1.,0.,0.));
#9344 = PCURVE('',#9290,#9345);
#9345 = DEFINITIONAL_REPRESENTATION('',(#9346),#9350);
#9346 = LINE('',#9347,#9348);
#9347 = CARTESIAN_POINT('',(0.,0.28));
#9348 = VECTOR('',#9349,1.);
#9349 = DIRECTION('',(1.,0.));
#9350 = ( GEOMETRIC_REPRESENTATION_CONTEXT(2) 
PARAMETRIC_REPRESENTATION_CONTEXT() REPRESENTATION_CONTEXT('2D SPACE',''
  ) );
#9351 = PCURVE('',#9352,#9357);
#9352 = CONICAL_SURFACE('',#9353,0.35,0.785398163397);
#9353 = AXIS2_PLACEMENT_3D('',#9354,#9355,#9356);
#9354 = CARTESIAN_POINT('',(-12.7,0.,-2.82));
#9355 = DIRECTION('',(0.,0.,1.));
#9356 = DIRECTION('',(1.,0.,0.));
#9357 = DEFINITIONAL_REPRESENTATION('',(#9358),#9362);
#9358 = LINE('',#9359,#9360);
#9359 = CARTESIAN_POINT('',(0.,-0.));
#9360 = VECTOR('',#9361,1.);
#9361 = DIRECTION('',(1.,-0.));
#9362 = ( GEOMETRIC_REPRESENTATION_CONTEXT(2) 
PARAMETRIC_REPRESENTATION_CONTEXT() REPRESENTATION_CONTEXT('2D SPACE',''
  ) );
#9363 = ADVANCED_FACE('',(#9364),#9352,.T.);
#9364 = FACE_BOUND('',#9365,.F.);
#9365 = EDGE_LOOP('',(#9366,#9387,#9388,#9389));
#9366 = ORIENTED_EDGE('',*,*,#9367,.F.);
#9367 = EDGE_CURVE('',#9280,#9368,#9370,.T.);
#9368 = VERTEX_POINT('',#9369);
#9369 = CARTESIAN_POINT('',(-12.63,0.,-3.1));
#9370 = SEAM_CURVE('',#9371,(#9375,#9381),.PCURVE_S1.);
#9371 = LINE('',#9372,#9373);
#9372 = CARTESIAN_POINT('',(-12.35,0.,-2.82));
#9373 = VECTOR('',#9374,1.);
#9374 = DIRECTION('',(-0.707106781187,-0.,-0.707106781187));
#9375 = PCURVE('',#9352,#9376);
#9376 = DEFINITIONAL_REPRESENTATION('',(#9377),#9380);
#9377 = B_SPLINE_CURVE_WITH_KNOTS('',1,(#9378,#9379),.UNSPECIFIED.,.F.,
  .F.,(2,2),(0.,0.395979797464),.PIECEWISE_BEZIER_KNOTS.);
#9378 = CARTESIAN_POINT('',(0.,0.));
#9379 = CARTESIAN_POINT('',(0.,-0.28));
#9380 = ( GEOMETRIC_REPRESENTATION_CONTEXT(2) 
PARAMETRIC_REPRESENTATION_CONTEXT() REPRESENTATION_CONTEXT('2D SPACE',''
  ) );
#9381 = PCURVE('',#9352,#9382);
#9382 = DEFINITIONAL_REPRESENTATION('',(#9383),#9386);
#9383 = B_SPLINE_CURVE_WITH_KNOTS('',1,(#9384,#9385),.UNSPECIFIED.,.F.,
  .F.,(2,2),(0.,0.395979797464),.PIECEWISE_BEZIER_KNOTS.);
#9384 = CARTESIAN_POINT('',(6.28318530718,0.));
#9385 = CARTESIAN_POINT('',(6.28318530718,-0.28));
#9386 = ( GEOMETRIC_REPRESENTATION_CONTEXT(2) 
PARAMETRIC_REPRESENTATION_CONTEXT() REPRESENTATION_CONTEXT('2D SPACE',''
  ) );
#9387 = ORIENTED_EDGE('',*,*,#9337,.T.);
#9388 = ORIENTED_EDGE('',*,*,#9367,.T.);
#9389 = ORIENTED_EDGE('',*,*,#9390,.F.);
#9390 = EDGE_CURVE('',#9368,#9368,#9391,.T.);
#9391 = SURFACE_CURVE('',#9392,(#9397,#9404),.PCURVE_S1.);
#9392 = CIRCLE('',#9393,7.E-02);
#9393 = AXIS2_PLACEMENT_3D('',#9394,#9395,#9396);
#9394 = CARTESIAN_POINT('',(-12.7,0.,-3.1));
#9395 = DIRECTION('',(0.,0.,1.));
#9396 = DIRECTION('',(1.,0.,0.));
#9397 = PCURVE('',#9352,#9398);
#9398 = DEFINITIONAL_REPRESENTATION('',(#9399),#9403);
#9399 = LINE('',#9400,#9401);
#9400 = CARTESIAN_POINT('',(0.,-0.28));
#9401 = VECTOR('',#9402,1.);
#9402 = DIRECTION('',(1.,-0.));
#9403 = ( GEOMETRIC_REPRESENTATION_CONTEXT(2) 
PARAMETRIC_REPRESENTATION_CONTEXT() REPRESENTATION_CONTEXT('2D SPACE',''
  ) );
#9404 = PCURVE('',#9405,#9410);
#9405 = PLANE('',#9406);
#9406 = AXIS2_PLACEMENT_3D('',#9407,#9408,#9409);
#9407 = CARTESIAN_POINT('',(-12.7,0.,-3.1));
#9408 = DIRECTION('',(0.,0.,1.));
#9409 = DIRECTION('',(1.,0.,0.));
#9410 = DEFINITIONAL_REPRESENTATION('',(#9411),#9415);
#9411 = CIRCLE('',#9412,7.E-02);
#9412 = AXIS2_PLACEMENT_2D('',#9413,#9414);
#9413 = CARTESIAN_POINT('',(0.,0.));
#9414 = DIRECTION('',(1.,0.));
#9415 = ( GEOMETRIC_REPRESENTATION_CONTEXT(2) 
PARAMETRIC_REPRESENTATION_CONTEXT() REPRESENTATION_CONTEXT('2D SPACE',''
  ) );
#9416 = ADVANCED_FACE('',(#9417),#9324,.T.);
#9417 = FACE_BOUND('',#9418,.T.);
#9418 = EDGE_LOOP('',(#9419));
#9419 = ORIENTED_EDGE('',*,*,#9309,.T.);
#9420 = ADVANCED_FACE('',(#9421),#9405,.F.);
#9421 = FACE_BOUND('',#9422,.F.);
#9422 = EDGE_LOOP('',(#9423));
#9423 = ORIENTED_EDGE('',*,*,#9390,.T.);
#9424 = MANIFOLD_SOLID_BREP('',#9425);
#9425 = CLOSED_SHELL('',(#9426,#9514,#9567,#9571));
#9426 = ADVANCED_FACE('',(#9427),#9441,.T.);
#9427 = FACE_BOUND('',#9428,.T.);
#9428 = EDGE_LOOP('',(#9429,#9459,#9486,#9487));
#9429 = ORIENTED_EDGE('',*,*,#9430,.T.);
#9430 = EDGE_CURVE('',#9431,#9433,#9435,.T.);
#9431 = VERTEX_POINT('',#9432);
#9432 = CARTESIAN_POINT('',(-12.35,2.54,-2.82));
#9433 = VERTEX_POINT('',#9434);
#9434 = CARTESIAN_POINT('',(-12.35,2.54,1.44));
#9435 = SEAM_CURVE('',#9436,(#9440,#9452),.PCURVE_S1.);
#9436 = LINE('',#9437,#9438);
#9437 = CARTESIAN_POINT('',(-12.35,2.54,-3.1));
#9438 = VECTOR('',#9439,1.);
#9439 = DIRECTION('',(0.,0.,1.));
#9440 = PCURVE('',#9441,#9446);
#9441 = CYLINDRICAL_SURFACE('',#9442,0.35);
#9442 = AXIS2_PLACEMENT_3D('',#9443,#9444,#9445);
#9443 = CARTESIAN_POINT('',(-12.7,2.54,-3.1));
#9444 = DIRECTION('',(0.,0.,1.));
#9445 = DIRECTION('',(1.,0.,0.));
#9446 = DEFINITIONAL_REPRESENTATION('',(#9447),#9451);
#9447 = LINE('',#9448,#9449);
#9448 = CARTESIAN_POINT('',(6.28318530718,-0.));
#9449 = VECTOR('',#9450,1.);
#9450 = DIRECTION('',(0.,1.));
#9451 = ( GEOMETRIC_REPRESENTATION_CONTEXT(2) 
PARAMETRIC_REPRESENTATION_CONTEXT() REPRESENTATION_CONTEXT('2D SPACE',''
  ) );
#9452 = PCURVE('',#9441,#9453);
#9453 = DEFINITIONAL_REPRESENTATION('',(#9454),#9458);
#9454 = LINE('',#9455,#9456);
#9455 = CARTESIAN_POINT('',(0.,-0.));
#9456 = VECTOR('',#9457,1.);
#9457 = DIRECTION('',(0.,1.));
#9458 = ( GEOMETRIC_REPRESENTATION_CONTEXT(2) 
PARAMETRIC_REPRESENTATION_CONTEXT() REPRESENTATION_CONTEXT('2D SPACE',''
  ) );
#9459 = ORIENTED_EDGE('',*,*,#9460,.F.);
#9460 = EDGE_CURVE('',#9433,#9433,#9461,.T.);
#9461 = SURFACE_CURVE('',#9462,(#9467,#9474),.PCURVE_S1.);
#9462 = CIRCLE('',#9463,0.35);
#9463 = AXIS2_PLACEMENT_3D('',#9464,#9465,#9466);
#9464 = CARTESIAN_POINT('',(-12.7,2.54,1.44));
#9465 = DIRECTION('',(0.,0.,1.));
#9466 = DIRECTION('',(1.,0.,0.));
#9467 = PCURVE('',#9441,#9468);
#9468 = DEFINITIONAL_REPRESENTATION('',(#9469),#9473);
#9469 = LINE('',#9470,#9471);
#9470 = CARTESIAN_POINT('',(0.,4.54));
#9471 = VECTOR('',#9472,1.);
#9472 = DIRECTION('',(1.,0.));
#9473 = ( GEOMETRIC_REPRESENTATION_CONTEXT(2) 
PARAMETRIC_REPRESENTATION_CONTEXT() REPRESENTATION_CONTEXT('2D SPACE',''
  ) );
#9474 = PCURVE('',#9475,#9480);
#9475 = PLANE('',#9476);
#9476 = AXIS2_PLACEMENT_3D('',#9477,#9478,#9479);
#9477 = CARTESIAN_POINT('',(-12.7,2.54,1.44));
#9478 = DIRECTION('',(0.,0.,1.));
#9479 = DIRECTION('',(1.,0.,0.));
#9480 = DEFINITIONAL_REPRESENTATION('',(#9481),#9485);
#9481 = CIRCLE('',#9482,0.35);
#9482 = AXIS2_PLACEMENT_2D('',#9483,#9484);
#9483 = CARTESIAN_POINT('',(0.,0.));
#9484 = DIRECTION('',(1.,0.));
#9485 = ( GEOMETRIC_REPRESENTATION_CONTEXT(2) 
PARAMETRIC_REPRESENTATION_CONTEXT() REPRESENTATION_CONTEXT('2D SPACE',''
  ) );
#9486 = ORIENTED_EDGE('',*,*,#9430,.F.);
#9487 = ORIENTED_EDGE('',*,*,#9488,.T.);
#9488 = EDGE_CURVE('',#9431,#9431,#9489,.T.);
#9489 = SURFACE_CURVE('',#9490,(#9495,#9502),.PCURVE_S1.);
#9490 = CIRCLE('',#9491,0.35);
#9491 = AXIS2_PLACEMENT_3D('',#9492,#9493,#9494);
#9492 = CARTESIAN_POINT('',(-12.7,2.54,-2.82));
#9493 = DIRECTION('',(0.,0.,1.));
#9494 = DIRECTION('',(1.,0.,0.));
#9495 = PCURVE('',#9441,#9496);
#9496 = DEFINITIONAL_REPRESENTATION('',(#9497),#9501);
#9497 = LINE('',#9498,#9499);
#9498 = CARTESIAN_POINT('',(0.,0.28));
#9499 = VECTOR('',#9500,1.);
#9500 = DIRECTION('',(1.,0.));
#9501 = ( GEOMETRIC_REPRESENTATION_CONTEXT(2) 
PARAMETRIC_REPRESENTATION_CONTEXT() REPRESENTATION_CONTEXT('2D SPACE',''
  ) );
#9502 = PCURVE('',#9503,#9508);
#9503 = CONICAL_SURFACE('',#9504,0.35,0.785398163397);
#9504 = AXIS2_PLACEMENT_3D('',#9505,#9506,#9507);
#9505 = CARTESIAN_POINT('',(-12.7,2.54,-2.82));
#9506 = DIRECTION('',(0.,0.,1.));
#9507 = DIRECTION('',(1.,0.,0.));
#9508 = DEFINITIONAL_REPRESENTATION('',(#9509),#9513);
#9509 = LINE('',#9510,#9511);
#9510 = CARTESIAN_POINT('',(0.,-0.));
#9511 = VECTOR('',#9512,1.);
#9512 = DIRECTION('',(1.,-0.));
#9513 = ( GEOMETRIC_REPRESENTATION_CONTEXT(2) 
PARAMETRIC_REPRESENTATION_CONTEXT() REPRESENTATION_CONTEXT('2D SPACE',''
  ) );
#9514 = ADVANCED_FACE('',(#9515),#9503,.T.);
#9515 = FACE_BOUND('',#9516,.F.);
#9516 = EDGE_LOOP('',(#9517,#9538,#9539,#9540));
#9517 = ORIENTED_EDGE('',*,*,#9518,.F.);
#9518 = EDGE_CURVE('',#9431,#9519,#9521,.T.);
#9519 = VERTEX_POINT('',#9520);
#9520 = CARTESIAN_POINT('',(-12.63,2.54,-3.1));
#9521 = SEAM_CURVE('',#9522,(#9526,#9532),.PCURVE_S1.);
#9522 = LINE('',#9523,#9524);
#9523 = CARTESIAN_POINT('',(-12.35,2.54,-2.82));
#9524 = VECTOR('',#9525,1.);
#9525 = DIRECTION('',(-0.707106781187,-0.,-0.707106781187));
#9526 = PCURVE('',#9503,#9527);
#9527 = DEFINITIONAL_REPRESENTATION('',(#9528),#9531);
#9528 = B_SPLINE_CURVE_WITH_KNOTS('',1,(#9529,#9530),.UNSPECIFIED.,.F.,
  .F.,(2,2),(0.,0.395979797464),.PIECEWISE_BEZIER_KNOTS.);
#9529 = CARTESIAN_POINT('',(0.,0.));
#9530 = CARTESIAN_POINT('',(0.,-0.28));
#9531 = ( GEOMETRIC_REPRESENTATION_CONTEXT(2) 
PARAMETRIC_REPRESENTATION_CONTEXT() REPRESENTATION_CONTEXT('2D SPACE',''
  ) );
#9532 = PCURVE('',#9503,#9533);
#9533 = DEFINITIONAL_REPRESENTATION('',(#9534),#9537);
#9534 = B_SPLINE_CURVE_WITH_KNOTS('',1,(#9535,#9536),.UNSPECIFIED.,.F.,
  .F.,(2,2),(0.,0.395979797464),.PIECEWISE_BEZIER_KNOTS.);
#9535 = CARTESIAN_POINT('',(6.28318530718,0.));
#9536 = CARTESIAN_POINT('',(6.28318530718,-0.28));
#9537 = ( GEOMETRIC_REPRESENTATION_CONTEXT(2) 
PARAMETRIC_REPRESENTATION_CONTEXT() REPRESENTATION_CONTEXT('2D SPACE',''
  ) );
#9538 = ORIENTED_EDGE('',*,*,#9488,.T.);
#9539 = ORIENTED_EDGE('',*,*,#9518,.T.);
#9540 = ORIENTED_EDGE('',*,*,#9541,.F.);
#9541 = EDGE_CURVE('',#9519,#9519,#9542,.T.);
#9542 = SURFACE_CURVE('',#9543,(#9548,#9555),.PCURVE_S1.);
#9543 = CIRCLE('',#9544,7.E-02);
#9544 = AXIS2_PLACEMENT_3D('',#9545,#9546,#9547);
#9545 = CARTESIAN_POINT('',(-12.7,2.54,-3.1));
#9546 = DIRECTION('',(0.,0.,1.));
#9547 = DIRECTION('',(1.,0.,0.));
#9548 = PCURVE('',#9503,#9549);
#9549 = DEFINITIONAL_REPRESENTATION('',(#9550),#9554);
#9550 = LINE('',#9551,#9552);
#9551 = CARTESIAN_POINT('',(0.,-0.28));
#9552 = VECTOR('',#9553,1.);
#9553 = DIRECTION('',(1.,-0.));
#9554 = ( GEOMETRIC_REPRESENTATION_CONTEXT(2) 
PARAMETRIC_REPRESENTATION_CONTEXT() REPRESENTATION_CONTEXT('2D SPACE',''
  ) );
#9555 = PCURVE('',#9556,#9561);
#9556 = PLANE('',#9557);
#9557 = AXIS2_PLACEMENT_3D('',#9558,#9559,#9560);
#9558 = CARTESIAN_POINT('',(-12.7,2.54,-3.1));
#9559 = DIRECTION('',(0.,0.,1.));
#9560 = DIRECTION('',(1.,0.,0.));
#9561 = DEFINITIONAL_REPRESENTATION('',(#9562),#9566);
#9562 = CIRCLE('',#9563,7.E-02);
#9563 = AXIS2_PLACEMENT_2D('',#9564,#9565);
#9564 = CARTESIAN_POINT('',(0.,0.));
#9565 = DIRECTION('',(1.,0.));
#9566 = ( GEOMETRIC_REPRESENTATION_CONTEXT(2) 
PARAMETRIC_REPRESENTATION_CONTEXT() REPRESENTATION_CONTEXT('2D SPACE',''
  ) );
#9567 = ADVANCED_FACE('',(#9568),#9475,.T.);
#9568 = FACE_BOUND('',#9569,.T.);
#9569 = EDGE_LOOP('',(#9570));
#9570 = ORIENTED_EDGE('',*,*,#9460,.T.);
#9571 = ADVANCED_FACE('',(#9572),#9556,.F.);
#9572 = FACE_BOUND('',#9573,.F.);
#9573 = EDGE_LOOP('',(#9574));
#9574 = ORIENTED_EDGE('',*,*,#9541,.T.);
#9575 = MANIFOLD_SOLID_BREP('',#9576);
#9576 = CLOSED_SHELL('',(#9577,#9665,#9718,#9722));
#9577 = ADVANCED_FACE('',(#9578),#9592,.T.);
#9578 = FACE_BOUND('',#9579,.T.);
#9579 = EDGE_LOOP('',(#9580,#9610,#9637,#9638));
#9580 = ORIENTED_EDGE('',*,*,#9581,.T.);
#9581 = EDGE_CURVE('',#9582,#9584,#9586,.T.);
#9582 = VERTEX_POINT('',#9583);
#9583 = CARTESIAN_POINT('',(-14.89,0.,-2.82));
#9584 = VERTEX_POINT('',#9585);
#9585 = CARTESIAN_POINT('',(-14.89,-8.572527594031E-17,1.44));
#9586 = SEAM_CURVE('',#9587,(#9591,#9603),.PCURVE_S1.);
#9587 = LINE('',#9588,#9589);
#9588 = CARTESIAN_POINT('',(-14.89,-8.572527594031E-17,-3.1));
#9589 = VECTOR('',#9590,1.);
#9590 = DIRECTION('',(0.,0.,1.));
#9591 = PCURVE('',#9592,#9597);
#9592 = CYLINDRICAL_SURFACE('',#9593,0.35);
#9593 = AXIS2_PLACEMENT_3D('',#9594,#9595,#9596);
#9594 = CARTESIAN_POINT('',(-15.24,0.,-3.1));
#9595 = DIRECTION('',(0.,0.,1.));
#9596 = DIRECTION('',(1.,0.,0.));
#9597 = DEFINITIONAL_REPRESENTATION('',(#9598),#9602);
#9598 = LINE('',#9599,#9600);
#9599 = CARTESIAN_POINT('',(6.28318530718,-0.));
#9600 = VECTOR('',#9601,1.);
#9601 = DIRECTION('',(0.,1.));
#9602 = ( GEOMETRIC_REPRESENTATION_CONTEXT(2) 
PARAMETRIC_REPRESENTATION_CONTEXT() REPRESENTATION_CONTEXT('2D SPACE',''
  ) );
#9603 = PCURVE('',#9592,#9604);
#9604 = DEFINITIONAL_REPRESENTATION('',(#9605),#9609);
#9605 = LINE('',#9606,#9607);
#9606 = CARTESIAN_POINT('',(0.,-0.));
#9607 = VECTOR('',#9608,1.);
#9608 = DIRECTION('',(0.,1.));
#9609 = ( GEOMETRIC_REPRESENTATION_CONTEXT(2) 
PARAMETRIC_REPRESENTATION_CONTEXT() REPRESENTATION_CONTEXT('2D SPACE',''
  ) );
#9610 = ORIENTED_EDGE('',*,*,#9611,.F.);
#9611 = EDGE_CURVE('',#9584,#9584,#9612,.T.);
#9612 = SURFACE_CURVE('',#9613,(#9618,#9625),.PCURVE_S1.);
#9613 = CIRCLE('',#9614,0.35);
#9614 = AXIS2_PLACEMENT_3D('',#9615,#9616,#9617);
#9615 = CARTESIAN_POINT('',(-15.24,0.,1.44));
#9616 = DIRECTION('',(0.,0.,1.));
#9617 = DIRECTION('',(1.,0.,0.));
#9618 = PCURVE('',#9592,#9619);
#9619 = DEFINITIONAL_REPRESENTATION('',(#9620),#9624);
#9620 = LINE('',#9621,#9622);
#9621 = CARTESIAN_POINT('',(0.,4.54));
#9622 = VECTOR('',#9623,1.);
#9623 = DIRECTION('',(1.,0.));
#9624 = ( GEOMETRIC_REPRESENTATION_CONTEXT(2) 
PARAMETRIC_REPRESENTATION_CONTEXT() REPRESENTATION_CONTEXT('2D SPACE',''
  ) );
#9625 = PCURVE('',#9626,#9631);
#9626 = PLANE('',#9627);
#9627 = AXIS2_PLACEMENT_3D('',#9628,#9629,#9630);
#9628 = CARTESIAN_POINT('',(-15.24,0.,1.44));
#9629 = DIRECTION('',(0.,0.,1.));
#9630 = DIRECTION('',(1.,0.,0.));
#9631 = DEFINITIONAL_REPRESENTATION('',(#9632),#9636);
#9632 = CIRCLE('',#9633,0.35);
#9633 = AXIS2_PLACEMENT_2D('',#9634,#9635);
#9634 = CARTESIAN_POINT('',(0.,0.));
#9635 = DIRECTION('',(1.,0.));
#9636 = ( GEOMETRIC_REPRESENTATION_CONTEXT(2) 
PARAMETRIC_REPRESENTATION_CONTEXT() REPRESENTATION_CONTEXT('2D SPACE',''
  ) );
#9637 = ORIENTED_EDGE('',*,*,#9581,.F.);
#9638 = ORIENTED_EDGE('',*,*,#9639,.T.);
#9639 = EDGE_CURVE('',#9582,#9582,#9640,.T.);
#9640 = SURFACE_CURVE('',#9641,(#9646,#9653),.PCURVE_S1.);
#9641 = CIRCLE('',#9642,0.35);
#9642 = AXIS2_PLACEMENT_3D('',#9643,#9644,#9645);
#9643 = CARTESIAN_POINT('',(-15.24,0.,-2.82));
#9644 = DIRECTION('',(0.,0.,1.));
#9645 = DIRECTION('',(1.,0.,0.));
#9646 = PCURVE('',#9592,#9647);
#9647 = DEFINITIONAL_REPRESENTATION('',(#9648),#9652);
#9648 = LINE('',#9649,#9650);
#9649 = CARTESIAN_POINT('',(0.,0.28));
#9650 = VECTOR('',#9651,1.);
#9651 = DIRECTION('',(1.,0.));
#9652 = ( GEOMETRIC_REPRESENTATION_CONTEXT(2) 
PARAMETRIC_REPRESENTATION_CONTEXT() REPRESENTATION_CONTEXT('2D SPACE',''
  ) );
#9653 = PCURVE('',#9654,#9659);
#9654 = CONICAL_SURFACE('',#9655,0.35,0.785398163397);
#9655 = AXIS2_PLACEMENT_3D('',#9656,#9657,#9658);
#9656 = CARTESIAN_POINT('',(-15.24,0.,-2.82));
#9657 = DIRECTION('',(0.,0.,1.));
#9658 = DIRECTION('',(1.,0.,0.));
#9659 = DEFINITIONAL_REPRESENTATION('',(#9660),#9664);
#9660 = LINE('',#9661,#9662);
#9661 = CARTESIAN_POINT('',(0.,-0.));
#9662 = VECTOR('',#9663,1.);
#9663 = DIRECTION('',(1.,-0.));
#9664 = ( GEOMETRIC_REPRESENTATION_CONTEXT(2) 
PARAMETRIC_REPRESENTATION_CONTEXT() REPRESENTATION_CONTEXT('2D SPACE',''
  ) );
#9665 = ADVANCED_FACE('',(#9666),#9654,.T.);
#9666 = FACE_BOUND('',#9667,.F.);
#9667 = EDGE_LOOP('',(#9668,#9689,#9690,#9691));
#9668 = ORIENTED_EDGE('',*,*,#9669,.F.);
#9669 = EDGE_CURVE('',#9582,#9670,#9672,.T.);
#9670 = VERTEX_POINT('',#9671);
#9671 = CARTESIAN_POINT('',(-15.17,0.,-3.1));
#9672 = SEAM_CURVE('',#9673,(#9677,#9683),.PCURVE_S1.);
#9673 = LINE('',#9674,#9675);
#9674 = CARTESIAN_POINT('',(-14.89,0.,-2.82));
#9675 = VECTOR('',#9676,1.);
#9676 = DIRECTION('',(-0.707106781187,-0.,-0.707106781187));
#9677 = PCURVE('',#9654,#9678);
#9678 = DEFINITIONAL_REPRESENTATION('',(#9679),#9682);
#9679 = B_SPLINE_CURVE_WITH_KNOTS('',1,(#9680,#9681),.UNSPECIFIED.,.F.,
  .F.,(2,2),(0.,0.395979797464),.PIECEWISE_BEZIER_KNOTS.);
#9680 = CARTESIAN_POINT('',(0.,0.));
#9681 = CARTESIAN_POINT('',(0.,-0.28));
#9682 = ( GEOMETRIC_REPRESENTATION_CONTEXT(2) 
PARAMETRIC_REPRESENTATION_CONTEXT() REPRESENTATION_CONTEXT('2D SPACE',''
  ) );
#9683 = PCURVE('',#9654,#9684);
#9684 = DEFINITIONAL_REPRESENTATION('',(#9685),#9688);
#9685 = B_SPLINE_CURVE_WITH_KNOTS('',1,(#9686,#9687),.UNSPECIFIED.,.F.,
  .F.,(2,2),(0.,0.395979797464),.PIECEWISE_BEZIER_KNOTS.);
#9686 = CARTESIAN_POINT('',(6.28318530718,0.));
#9687 = CARTESIAN_POINT('',(6.28318530718,-0.28));
#9688 = ( GEOMETRIC_REPRESENTATION_CONTEXT(2) 
PARAMETRIC_REPRESENTATION_CONTEXT() REPRESENTATION_CONTEXT('2D SPACE',''
  ) );
#9689 = ORIENTED_EDGE('',*,*,#9639,.T.);
#9690 = ORIENTED_EDGE('',*,*,#9669,.T.);
#9691 = ORIENTED_EDGE('',*,*,#9692,.F.);
#9692 = EDGE_CURVE('',#9670,#9670,#9693,.T.);
#9693 = SURFACE_CURVE('',#9694,(#9699,#9706),.PCURVE_S1.);
#9694 = CIRCLE('',#9695,7.E-02);
#9695 = AXIS2_PLACEMENT_3D('',#9696,#9697,#9698);
#9696 = CARTESIAN_POINT('',(-15.24,0.,-3.1));
#9697 = DIRECTION('',(0.,0.,1.));
#9698 = DIRECTION('',(1.,0.,0.));
#9699 = PCURVE('',#9654,#9700);
#9700 = DEFINITIONAL_REPRESENTATION('',(#9701),#9705);
#9701 = LINE('',#9702,#9703);
#9702 = CARTESIAN_POINT('',(0.,-0.28));
#9703 = VECTOR('',#9704,1.);
#9704 = DIRECTION('',(1.,-0.));
#9705 = ( GEOMETRIC_REPRESENTATION_CONTEXT(2) 
PARAMETRIC_REPRESENTATION_CONTEXT() REPRESENTATION_CONTEXT('2D SPACE',''
  ) );
#9706 = PCURVE('',#9707,#9712);
#9707 = PLANE('',#9708);
#9708 = AXIS2_PLACEMENT_3D('',#9709,#9710,#9711);
#9709 = CARTESIAN_POINT('',(-15.24,0.,-3.1));
#9710 = DIRECTION('',(0.,0.,1.));
#9711 = DIRECTION('',(1.,0.,0.));
#9712 = DEFINITIONAL_REPRESENTATION('',(#9713),#9717);
#9713 = CIRCLE('',#9714,7.E-02);
#9714 = AXIS2_PLACEMENT_2D('',#9715,#9716);
#9715 = CARTESIAN_POINT('',(0.,0.));
#9716 = DIRECTION('',(1.,0.));
#9717 = ( GEOMETRIC_REPRESENTATION_CONTEXT(2) 
PARAMETRIC_REPRESENTATION_CONTEXT() REPRESENTATION_CONTEXT('2D SPACE',''
  ) );
#9718 = ADVANCED_FACE('',(#9719),#9626,.T.);
#9719 = FACE_BOUND('',#9720,.T.);
#9720 = EDGE_LOOP('',(#9721));
#9721 = ORIENTED_EDGE('',*,*,#9611,.T.);
#9722 = ADVANCED_FACE('',(#9723),#9707,.F.);
#9723 = FACE_BOUND('',#9724,.F.);
#9724 = EDGE_LOOP('',(#9725));
#9725 = ORIENTED_EDGE('',*,*,#9692,.T.);
#9726 = MANIFOLD_SOLID_BREP('',#9727);
#9727 = CLOSED_SHELL('',(#9728,#9816,#9869,#9873));
#9728 = ADVANCED_FACE('',(#9729),#9743,.T.);
#9729 = FACE_BOUND('',#9730,.T.);
#9730 = EDGE_LOOP('',(#9731,#9761,#9788,#9789));
#9731 = ORIENTED_EDGE('',*,*,#9732,.T.);
#9732 = EDGE_CURVE('',#9733,#9735,#9737,.T.);
#9733 = VERTEX_POINT('',#9734);
#9734 = CARTESIAN_POINT('',(-14.89,2.54,-2.82));
#9735 = VERTEX_POINT('',#9736);
#9736 = CARTESIAN_POINT('',(-14.89,2.54,1.44));
#9737 = SEAM_CURVE('',#9738,(#9742,#9754),.PCURVE_S1.);
#9738 = LINE('',#9739,#9740);
#9739 = CARTESIAN_POINT('',(-14.89,2.54,-3.1));
#9740 = VECTOR('',#9741,1.);
#9741 = DIRECTION('',(0.,0.,1.));
#9742 = PCURVE('',#9743,#9748);
#9743 = CYLINDRICAL_SURFACE('',#9744,0.35);
#9744 = AXIS2_PLACEMENT_3D('',#9745,#9746,#9747);
#9745 = CARTESIAN_POINT('',(-15.24,2.54,-3.1));
#9746 = DIRECTION('',(0.,0.,1.));
#9747 = DIRECTION('',(1.,0.,0.));
#9748 = DEFINITIONAL_REPRESENTATION('',(#9749),#9753);
#9749 = LINE('',#9750,#9751);
#9750 = CARTESIAN_POINT('',(6.28318530718,-0.));
#9751 = VECTOR('',#9752,1.);
#9752 = DIRECTION('',(0.,1.));
#9753 = ( GEOMETRIC_REPRESENTATION_CONTEXT(2) 
PARAMETRIC_REPRESENTATION_CONTEXT() REPRESENTATION_CONTEXT('2D SPACE',''
  ) );
#9754 = PCURVE('',#9743,#9755);
#9755 = DEFINITIONAL_REPRESENTATION('',(#9756),#9760);
#9756 = LINE('',#9757,#9758);
#9757 = CARTESIAN_POINT('',(0.,-0.));
#9758 = VECTOR('',#9759,1.);
#9759 = DIRECTION('',(0.,1.));
#9760 = ( GEOMETRIC_REPRESENTATION_CONTEXT(2) 
PARAMETRIC_REPRESENTATION_CONTEXT() REPRESENTATION_CONTEXT('2D SPACE',''
  ) );
#9761 = ORIENTED_EDGE('',*,*,#9762,.F.);
#9762 = EDGE_CURVE('',#9735,#9735,#9763,.T.);
#9763 = SURFACE_CURVE('',#9764,(#9769,#9776),.PCURVE_S1.);
#9764 = CIRCLE('',#9765,0.35);
#9765 = AXIS2_PLACEMENT_3D('',#9766,#9767,#9768);
#9766 = CARTESIAN_POINT('',(-15.24,2.54,1.44));
#9767 = DIRECTION('',(0.,0.,1.));
#9768 = DIRECTION('',(1.,0.,0.));
#9769 = PCURVE('',#9743,#9770);
#9770 = DEFINITIONAL_REPRESENTATION('',(#9771),#9775);
#9771 = LINE('',#9772,#9773);
#9772 = CARTESIAN_POINT('',(0.,4.54));
#9773 = VECTOR('',#9774,1.);
#9774 = DIRECTION('',(1.,0.));
#9775 = ( GEOMETRIC_REPRESENTATION_CONTEXT(2) 
PARAMETRIC_REPRESENTATION_CONTEXT() REPRESENTATION_CONTEXT('2D SPACE',''
  ) );
#9776 = PCURVE('',#9777,#9782);
#9777 = PLANE('',#9778);
#9778 = AXIS2_PLACEMENT_3D('',#9779,#9780,#9781);
#9779 = CARTESIAN_POINT('',(-15.24,2.54,1.44));
#9780 = DIRECTION('',(0.,0.,1.));
#9781 = DIRECTION('',(1.,0.,0.));
#9782 = DEFINITIONAL_REPRESENTATION('',(#9783),#9787);
#9783 = CIRCLE('',#9784,0.35);
#9784 = AXIS2_PLACEMENT_2D('',#9785,#9786);
#9785 = CARTESIAN_POINT('',(0.,0.));
#9786 = DIRECTION('',(1.,0.));
#9787 = ( GEOMETRIC_REPRESENTATION_CONTEXT(2) 
PARAMETRIC_REPRESENTATION_CONTEXT() REPRESENTATION_CONTEXT('2D SPACE',''
  ) );
#9788 = ORIENTED_EDGE('',*,*,#9732,.F.);
#9789 = ORIENTED_EDGE('',*,*,#9790,.T.);
#9790 = EDGE_CURVE('',#9733,#9733,#9791,.T.);
#9791 = SURFACE_CURVE('',#9792,(#9797,#9804),.PCURVE_S1.);
#9792 = CIRCLE('',#9793,0.35);
#9793 = AXIS2_PLACEMENT_3D('',#9794,#9795,#9796);
#9794 = CARTESIAN_POINT('',(-15.24,2.54,-2.82));
#9795 = DIRECTION('',(0.,0.,1.));
#9796 = DIRECTION('',(1.,0.,0.));
#9797 = PCURVE('',#9743,#9798);
#9798 = DEFINITIONAL_REPRESENTATION('',(#9799),#9803);
#9799 = LINE('',#9800,#9801);
#9800 = CARTESIAN_POINT('',(0.,0.28));
#9801 = VECTOR('',#9802,1.);
#9802 = DIRECTION('',(1.,0.));
#9803 = ( GEOMETRIC_REPRESENTATION_CONTEXT(2) 
PARAMETRIC_REPRESENTATION_CONTEXT() REPRESENTATION_CONTEXT('2D SPACE',''
  ) );
#9804 = PCURVE('',#9805,#9810);
#9805 = CONICAL_SURFACE('',#9806,0.35,0.785398163397);
#9806 = AXIS2_PLACEMENT_3D('',#9807,#9808,#9809);
#9807 = CARTESIAN_POINT('',(-15.24,2.54,-2.82));
#9808 = DIRECTION('',(0.,0.,1.));
#9809 = DIRECTION('',(1.,0.,0.));
#9810 = DEFINITIONAL_REPRESENTATION('',(#9811),#9815);
#9811 = LINE('',#9812,#9813);
#9812 = CARTESIAN_POINT('',(0.,-0.));
#9813 = VECTOR('',#9814,1.);
#9814 = DIRECTION('',(1.,-0.));
#9815 = ( GEOMETRIC_REPRESENTATION_CONTEXT(2) 
PARAMETRIC_REPRESENTATION_CONTEXT() REPRESENTATION_CONTEXT('2D SPACE',''
  ) );
#9816 = ADVANCED_FACE('',(#9817),#9805,.T.);
#9817 = FACE_BOUND('',#9818,.F.);
#9818 = EDGE_LOOP('',(#9819,#9840,#9841,#9842));
#9819 = ORIENTED_EDGE('',*,*,#9820,.F.);
#9820 = EDGE_CURVE('',#9733,#9821,#9823,.T.);
#9821 = VERTEX_POINT('',#9822);
#9822 = CARTESIAN_POINT('',(-15.17,2.54,-3.1));
#9823 = SEAM_CURVE('',#9824,(#9828,#9834),.PCURVE_S1.);
#9824 = LINE('',#9825,#9826);
#9825 = CARTESIAN_POINT('',(-14.89,2.54,-2.82));
#9826 = VECTOR('',#9827,1.);
#9827 = DIRECTION('',(-0.707106781187,-0.,-0.707106781187));
#9828 = PCURVE('',#9805,#9829);
#9829 = DEFINITIONAL_REPRESENTATION('',(#9830),#9833);
#9830 = B_SPLINE_CURVE_WITH_KNOTS('',1,(#9831,#9832),.UNSPECIFIED.,.F.,
  .F.,(2,2),(0.,0.395979797464),.PIECEWISE_BEZIER_KNOTS.);
#9831 = CARTESIAN_POINT('',(0.,0.));
#9832 = CARTESIAN_POINT('',(0.,-0.28));
#9833 = ( GEOMETRIC_REPRESENTATION_CONTEXT(2) 
PARAMETRIC_REPRESENTATION_CONTEXT() REPRESENTATION_CONTEXT('2D SPACE',''
  ) );
#9834 = PCURVE('',#9805,#9835);
#9835 = DEFINITIONAL_REPRESENTATION('',(#9836),#9839);
#9836 = B_SPLINE_CURVE_WITH_KNOTS('',1,(#9837,#9838),.UNSPECIFIED.,.F.,
  .F.,(2,2),(0.,0.395979797464),.PIECEWISE_BEZIER_KNOTS.);
#9837 = CARTESIAN_POINT('',(6.28318530718,0.));
#9838 = CARTESIAN_POINT('',(6.28318530718,-0.28));
#9839 = ( GEOMETRIC_REPRESENTATION_CONTEXT(2) 
PARAMETRIC_REPRESENTATION_CONTEXT() REPRESENTATION_CONTEXT('2D SPACE',''
  ) );
#9840 = ORIENTED_EDGE('',*,*,#9790,.T.);
#9841 = ORIENTED_EDGE('',*,*,#9820,.T.);
#9842 = ORIENTED_EDGE('',*,*,#9843,.F.);
#9843 = EDGE_CURVE('',#9821,#9821,#9844,.T.);
#9844 = SURFACE_CURVE('',#9845,(#9850,#9857),.PCURVE_S1.);
#9845 = CIRCLE('',#9846,7.E-02);
#9846 = AXIS2_PLACEMENT_3D('',#9847,#9848,#9849);
#9847 = CARTESIAN_POINT('',(-15.24,2.54,-3.1));
#9848 = DIRECTION('',(0.,0.,1.));
#9849 = DIRECTION('',(1.,0.,0.));
#9850 = PCURVE('',#9805,#9851);
#9851 = DEFINITIONAL_REPRESENTATION('',(#9852),#9856);
#9852 = LINE('',#9853,#9854);
#9853 = CARTESIAN_POINT('',(0.,-0.28));
#9854 = VECTOR('',#9855,1.);
#9855 = DIRECTION('',(1.,-0.));
#9856 = ( GEOMETRIC_REPRESENTATION_CONTEXT(2) 
PARAMETRIC_REPRESENTATION_CONTEXT() REPRESENTATION_CONTEXT('2D SPACE',''
  ) );
#9857 = PCURVE('',#9858,#9863);
#9858 = PLANE('',#9859);
#9859 = AXIS2_PLACEMENT_3D('',#9860,#9861,#9862);
#9860 = CARTESIAN_POINT('',(-15.24,2.54,-3.1));
#9861 = DIRECTION('',(0.,0.,1.));
#9862 = DIRECTION('',(1.,0.,0.));
#9863 = DEFINITIONAL_REPRESENTATION('',(#9864),#9868);
#9864 = CIRCLE('',#9865,7.E-02);
#9865 = AXIS2_PLACEMENT_2D('',#9866,#9867);
#9866 = CARTESIAN_POINT('',(0.,0.));
#9867 = DIRECTION('',(1.,0.));
#9868 = ( GEOMETRIC_REPRESENTATION_CONTEXT(2) 
PARAMETRIC_REPRESENTATION_CONTEXT() REPRESENTATION_CONTEXT('2D SPACE',''
  ) );
#9869 = ADVANCED_FACE('',(#9870),#9777,.T.);
#9870 = FACE_BOUND('',#9871,.T.);
#9871 = EDGE_LOOP('',(#9872));
#9872 = ORIENTED_EDGE('',*,*,#9762,.T.);
#9873 = ADVANCED_FACE('',(#9874),#9858,.F.);
#9874 = FACE_BOUND('',#9875,.F.);
#9875 = EDGE_LOOP('',(#9876));
#9876 = ORIENTED_EDGE('',*,*,#9843,.T.);
#9877 = MANIFOLD_SOLID_BREP('',#9878);
#9878 = CLOSED_SHELL('',(#9879,#9967,#10020,#10024));
#9879 = ADVANCED_FACE('',(#9880),#9894,.T.);
#9880 = FACE_BOUND('',#9881,.T.);
#9881 = EDGE_LOOP('',(#9882,#9912,#9939,#9940));
#9882 = ORIENTED_EDGE('',*,*,#9883,.T.);
#9883 = EDGE_CURVE('',#9884,#9886,#9888,.T.);
#9884 = VERTEX_POINT('',#9885);
#9885 = CARTESIAN_POINT('',(-17.43,0.,-2.82));
#9886 = VERTEX_POINT('',#9887);
#9887 = CARTESIAN_POINT('',(-17.43,-8.572527594031E-17,1.44));
#9888 = SEAM_CURVE('',#9889,(#9893,#9905),.PCURVE_S1.);
#9889 = LINE('',#9890,#9891);
#9890 = CARTESIAN_POINT('',(-17.43,-8.572527594031E-17,-3.1));
#9891 = VECTOR('',#9892,1.);
#9892 = DIRECTION('',(0.,0.,1.));
#9893 = PCURVE('',#9894,#9899);
#9894 = CYLINDRICAL_SURFACE('',#9895,0.35);
#9895 = AXIS2_PLACEMENT_3D('',#9896,#9897,#9898);
#9896 = CARTESIAN_POINT('',(-17.78,0.,-3.1));
#9897 = DIRECTION('',(0.,0.,1.));
#9898 = DIRECTION('',(1.,0.,0.));
#9899 = DEFINITIONAL_REPRESENTATION('',(#9900),#9904);
#9900 = LINE('',#9901,#9902);
#9901 = CARTESIAN_POINT('',(6.28318530718,-0.));
#9902 = VECTOR('',#9903,1.);
#9903 = DIRECTION('',(0.,1.));
#9904 = ( GEOMETRIC_REPRESENTATION_CONTEXT(2) 
PARAMETRIC_REPRESENTATION_CONTEXT() REPRESENTATION_CONTEXT('2D SPACE',''
  ) );
#9905 = PCURVE('',#9894,#9906);
#9906 = DEFINITIONAL_REPRESENTATION('',(#9907),#9911);
#9907 = LINE('',#9908,#9909);
#9908 = CARTESIAN_POINT('',(0.,-0.));
#9909 = VECTOR('',#9910,1.);
#9910 = DIRECTION('',(0.,1.));
#9911 = ( GEOMETRIC_REPRESENTATION_CONTEXT(2) 
PARAMETRIC_REPRESENTATION_CONTEXT() REPRESENTATION_CONTEXT('2D SPACE',''
  ) );
#9912 = ORIENTED_EDGE('',*,*,#9913,.F.);
#9913 = EDGE_CURVE('',#9886,#9886,#9914,.T.);
#9914 = SURFACE_CURVE('',#9915,(#9920,#9927),.PCURVE_S1.);
#9915 = CIRCLE('',#9916,0.35);
#9916 = AXIS2_PLACEMENT_3D('',#9917,#9918,#9919);
#9917 = CARTESIAN_POINT('',(-17.78,0.,1.44));
#9918 = DIRECTION('',(0.,0.,1.));
#9919 = DIRECTION('',(1.,0.,0.));
#9920 = PCURVE('',#9894,#9921);
#9921 = DEFINITIONAL_REPRESENTATION('',(#9922),#9926);
#9922 = LINE('',#9923,#9924);
#9923 = CARTESIAN_POINT('',(0.,4.54));
#9924 = VECTOR('',#9925,1.);
#9925 = DIRECTION('',(1.,0.));
#9926 = ( GEOMETRIC_REPRESENTATION_CONTEXT(2) 
PARAMETRIC_REPRESENTATION_CONTEXT() REPRESENTATION_CONTEXT('2D SPACE',''
  ) );
#9927 = PCURVE('',#9928,#9933);
#9928 = PLANE('',#9929);
#9929 = AXIS2_PLACEMENT_3D('',#9930,#9931,#9932);
#9930 = CARTESIAN_POINT('',(-17.78,0.,1.44));
#9931 = DIRECTION('',(0.,0.,1.));
#9932 = DIRECTION('',(1.,0.,0.));
#9933 = DEFINITIONAL_REPRESENTATION('',(#9934),#9938);
#9934 = CIRCLE('',#9935,0.35);
#9935 = AXIS2_PLACEMENT_2D('',#9936,#9937);
#9936 = CARTESIAN_POINT('',(0.,0.));
#9937 = DIRECTION('',(1.,0.));
#9938 = ( GEOMETRIC_REPRESENTATION_CONTEXT(2) 
PARAMETRIC_REPRESENTATION_CONTEXT() REPRESENTATION_CONTEXT('2D SPACE',''
  ) );
#9939 = ORIENTED_EDGE('',*,*,#9883,.F.);
#9940 = ORIENTED_EDGE('',*,*,#9941,.T.);
#9941 = EDGE_CURVE('',#9884,#9884,#9942,.T.);
#9942 = SURFACE_CURVE('',#9943,(#9948,#9955),.PCURVE_S1.);
#9943 = CIRCLE('',#9944,0.35);
#9944 = AXIS2_PLACEMENT_3D('',#9945,#9946,#9947);
#9945 = CARTESIAN_POINT('',(-17.78,0.,-2.82));
#9946 = DIRECTION('',(0.,0.,1.));
#9947 = DIRECTION('',(1.,0.,0.));
#9948 = PCURVE('',#9894,#9949);
#9949 = DEFINITIONAL_REPRESENTATION('',(#9950),#9954);
#9950 = LINE('',#9951,#9952);
#9951 = CARTESIAN_POINT('',(0.,0.28));
#9952 = VECTOR('',#9953,1.);
#9953 = DIRECTION('',(1.,0.));
#9954 = ( GEOMETRIC_REPRESENTATION_CONTEXT(2) 
PARAMETRIC_REPRESENTATION_CONTEXT() REPRESENTATION_CONTEXT('2D SPACE',''
  ) );
#9955 = PCURVE('',#9956,#9961);
#9956 = CONICAL_SURFACE('',#9957,0.35,0.785398163397);
#9957 = AXIS2_PLACEMENT_3D('',#9958,#9959,#9960);
#9958 = CARTESIAN_POINT('',(-17.78,0.,-2.82));
#9959 = DIRECTION('',(0.,0.,1.));
#9960 = DIRECTION('',(1.,0.,0.));
#9961 = DEFINITIONAL_REPRESENTATION('',(#9962),#9966);
#9962 = LINE('',#9963,#9964);
#9963 = CARTESIAN_POINT('',(0.,-0.));
#9964 = VECTOR('',#9965,1.);
#9965 = DIRECTION('',(1.,-0.));
#9966 = ( GEOMETRIC_REPRESENTATION_CONTEXT(2) 
PARAMETRIC_REPRESENTATION_CONTEXT() REPRESENTATION_CONTEXT('2D SPACE',''
  ) );
#9967 = ADVANCED_FACE('',(#9968),#9956,.T.);
#9968 = FACE_BOUND('',#9969,.F.);
#9969 = EDGE_LOOP('',(#9970,#9991,#9992,#9993));
#9970 = ORIENTED_EDGE('',*,*,#9971,.F.);
#9971 = EDGE_CURVE('',#9884,#9972,#9974,.T.);
#9972 = VERTEX_POINT('',#9973);
#9973 = CARTESIAN_POINT('',(-17.71,0.,-3.1));
#9974 = SEAM_CURVE('',#9975,(#9979,#9985),.PCURVE_S1.);
#9975 = LINE('',#9976,#9977);
#9976 = CARTESIAN_POINT('',(-17.43,0.,-2.82));
#9977 = VECTOR('',#9978,1.);
#9978 = DIRECTION('',(-0.707106781187,-0.,-0.707106781187));
#9979 = PCURVE('',#9956,#9980);
#9980 = DEFINITIONAL_REPRESENTATION('',(#9981),#9984);
#9981 = B_SPLINE_CURVE_WITH_KNOTS('',1,(#9982,#9983),.UNSPECIFIED.,.F.,
  .F.,(2,2),(0.,0.395979797464),.PIECEWISE_BEZIER_KNOTS.);
#9982 = CARTESIAN_POINT('',(0.,0.));
#9983 = CARTESIAN_POINT('',(0.,-0.28));
#9984 = ( GEOMETRIC_REPRESENTATION_CONTEXT(2) 
PARAMETRIC_REPRESENTATION_CONTEXT() REPRESENTATION_CONTEXT('2D SPACE',''
  ) );
#9985 = PCURVE('',#9956,#9986);
#9986 = DEFINITIONAL_REPRESENTATION('',(#9987),#9990);
#9987 = B_SPLINE_CURVE_WITH_KNOTS('',1,(#9988,#9989),.UNSPECIFIED.,.F.,
  .F.,(2,2),(0.,0.395979797464),.PIECEWISE_BEZIER_KNOTS.);
#9988 = CARTESIAN_POINT('',(6.28318530718,0.));
#9989 = CARTESIAN_POINT('',(6.28318530718,-0.28));
#9990 = ( GEOMETRIC_REPRESENTATION_CONTEXT(2) 
PARAMETRIC_REPRESENTATION_CONTEXT() REPRESENTATION_CONTEXT('2D SPACE',''
  ) );
#9991 = ORIENTED_EDGE('',*,*,#9941,.T.);
#9992 = ORIENTED_EDGE('',*,*,#9971,.T.);
#9993 = ORIENTED_EDGE('',*,*,#9994,.F.);
#9994 = EDGE_CURVE('',#9972,#9972,#9995,.T.);
#9995 = SURFACE_CURVE('',#9996,(#10001,#10008),.PCURVE_S1.);
#9996 = CIRCLE('',#9997,7.E-02);
#9997 = AXIS2_PLACEMENT_3D('',#9998,#9999,#10000);
#9998 = CARTESIAN_POINT('',(-17.78,0.,-3.1));
#9999 = DIRECTION('',(0.,0.,1.));
#10000 = DIRECTION('',(1.,0.,0.));
#10001 = PCURVE('',#9956,#10002);
#10002 = DEFINITIONAL_REPRESENTATION('',(#10003),#10007);
#10003 = LINE('',#10004,#10005);
#10004 = CARTESIAN_POINT('',(0.,-0.28));
#10005 = VECTOR('',#10006,1.);
#10006 = DIRECTION('',(1.,-0.));
#10007 = ( GEOMETRIC_REPRESENTATION_CONTEXT(2) 
PARAMETRIC_REPRESENTATION_CONTEXT() REPRESENTATION_CONTEXT('2D SPACE',''
  ) );
#10008 = PCURVE('',#10009,#10014);
#10009 = PLANE('',#10010);
#10010 = AXIS2_PLACEMENT_3D('',#10011,#10012,#10013);
#10011 = CARTESIAN_POINT('',(-17.78,0.,-3.1));
#10012 = DIRECTION('',(0.,0.,1.));
#10013 = DIRECTION('',(1.,0.,0.));
#10014 = DEFINITIONAL_REPRESENTATION('',(#10015),#10019);
#10015 = CIRCLE('',#10016,7.E-02);
#10016 = AXIS2_PLACEMENT_2D('',#10017,#10018);
#10017 = CARTESIAN_POINT('',(0.,0.));
#10018 = DIRECTION('',(1.,0.));
#10019 = ( GEOMETRIC_REPRESENTATION_CONTEXT(2) 
PARAMETRIC_REPRESENTATION_CONTEXT() REPRESENTATION_CONTEXT('2D SPACE',''
  ) );
#10020 = ADVANCED_FACE('',(#10021),#9928,.T.);
#10021 = FACE_BOUND('',#10022,.T.);
#10022 = EDGE_LOOP('',(#10023));
#10023 = ORIENTED_EDGE('',*,*,#9913,.T.);
#10024 = ADVANCED_FACE('',(#10025),#10009,.F.);
#10025 = FACE_BOUND('',#10026,.F.);
#10026 = EDGE_LOOP('',(#10027));
#10027 = ORIENTED_EDGE('',*,*,#9994,.T.);
#10028 = MANIFOLD_SOLID_BREP('',#10029);
#10029 = CLOSED_SHELL('',(#10030,#10118,#10171,#10175));
#10030 = ADVANCED_FACE('',(#10031),#10045,.T.);
#10031 = FACE_BOUND('',#10032,.T.);
#10032 = EDGE_LOOP('',(#10033,#10063,#10090,#10091));
#10033 = ORIENTED_EDGE('',*,*,#10034,.T.);
#10034 = EDGE_CURVE('',#10035,#10037,#10039,.T.);
#10035 = VERTEX_POINT('',#10036);
#10036 = CARTESIAN_POINT('',(-17.43,2.54,-2.82));
#10037 = VERTEX_POINT('',#10038);
#10038 = CARTESIAN_POINT('',(-17.43,2.54,1.44));
#10039 = SEAM_CURVE('',#10040,(#10044,#10056),.PCURVE_S1.);
#10040 = LINE('',#10041,#10042);
#10041 = CARTESIAN_POINT('',(-17.43,2.54,-3.1));
#10042 = VECTOR('',#10043,1.);
#10043 = DIRECTION('',(0.,0.,1.));
#10044 = PCURVE('',#10045,#10050);
#10045 = CYLINDRICAL_SURFACE('',#10046,0.35);
#10046 = AXIS2_PLACEMENT_3D('',#10047,#10048,#10049);
#10047 = CARTESIAN_POINT('',(-17.78,2.54,-3.1));
#10048 = DIRECTION('',(0.,0.,1.));
#10049 = DIRECTION('',(1.,0.,0.));
#10050 = DEFINITIONAL_REPRESENTATION('',(#10051),#10055);
#10051 = LINE('',#10052,#10053);
#10052 = CARTESIAN_POINT('',(6.28318530718,-0.));
#10053 = VECTOR('',#10054,1.);
#10054 = DIRECTION('',(0.,1.));
#10055 = ( GEOMETRIC_REPRESENTATION_CONTEXT(2) 
PARAMETRIC_REPRESENTATION_CONTEXT() REPRESENTATION_CONTEXT('2D SPACE',''
  ) );
#10056 = PCURVE('',#10045,#10057);
#10057 = DEFINITIONAL_REPRESENTATION('',(#10058),#10062);
#10058 = LINE('',#10059,#10060);
#10059 = CARTESIAN_POINT('',(0.,-0.));
#10060 = VECTOR('',#10061,1.);
#10061 = DIRECTION('',(0.,1.));
#10062 = ( GEOMETRIC_REPRESENTATION_CONTEXT(2) 
PARAMETRIC_REPRESENTATION_CONTEXT() REPRESENTATION_CONTEXT('2D SPACE',''
  ) );
#10063 = ORIENTED_EDGE('',*,*,#10064,.F.);
#10064 = EDGE_CURVE('',#10037,#10037,#10065,.T.);
#10065 = SURFACE_CURVE('',#10066,(#10071,#10078),.PCURVE_S1.);
#10066 = CIRCLE('',#10067,0.35);
#10067 = AXIS2_PLACEMENT_3D('',#10068,#10069,#10070);
#10068 = CARTESIAN_POINT('',(-17.78,2.54,1.44));
#10069 = DIRECTION('',(0.,0.,1.));
#10070 = DIRECTION('',(1.,0.,0.));
#10071 = PCURVE('',#10045,#10072);
#10072 = DEFINITIONAL_REPRESENTATION('',(#10073),#10077);
#10073 = LINE('',#10074,#10075);
#10074 = CARTESIAN_POINT('',(0.,4.54));
#10075 = VECTOR('',#10076,1.);
#10076 = DIRECTION('',(1.,0.));
#10077 = ( GEOMETRIC_REPRESENTATION_CONTEXT(2) 
PARAMETRIC_REPRESENTATION_CONTEXT() REPRESENTATION_CONTEXT('2D SPACE',''
  ) );
#10078 = PCURVE('',#10079,#10084);
#10079 = PLANE('',#10080);
#10080 = AXIS2_PLACEMENT_3D('',#10081,#10082,#10083);
#10081 = CARTESIAN_POINT('',(-17.78,2.54,1.44));
#10082 = DIRECTION('',(0.,0.,1.));
#10083 = DIRECTION('',(1.,0.,0.));
#10084 = DEFINITIONAL_REPRESENTATION('',(#10085),#10089);
#10085 = CIRCLE('',#10086,0.35);
#10086 = AXIS2_PLACEMENT_2D('',#10087,#10088);
#10087 = CARTESIAN_POINT('',(0.,0.));
#10088 = DIRECTION('',(1.,0.));
#10089 = ( GEOMETRIC_REPRESENTATION_CONTEXT(2) 
PARAMETRIC_REPRESENTATION_CONTEXT() REPRESENTATION_CONTEXT('2D SPACE',''
  ) );
#10090 = ORIENTED_EDGE('',*,*,#10034,.F.);
#10091 = ORIENTED_EDGE('',*,*,#10092,.T.);
#10092 = EDGE_CURVE('',#10035,#10035,#10093,.T.);
#10093 = SURFACE_CURVE('',#10094,(#10099,#10106),.PCURVE_S1.);
#10094 = CIRCLE('',#10095,0.35);
#10095 = AXIS2_PLACEMENT_3D('',#10096,#10097,#10098);
#10096 = CARTESIAN_POINT('',(-17.78,2.54,-2.82));
#10097 = DIRECTION('',(0.,0.,1.));
#10098 = DIRECTION('',(1.,0.,0.));
#10099 = PCURVE('',#10045,#10100);
#10100 = DEFINITIONAL_REPRESENTATION('',(#10101),#10105);
#10101 = LINE('',#10102,#10103);
#10102 = CARTESIAN_POINT('',(0.,0.28));
#10103 = VECTOR('',#10104,1.);
#10104 = DIRECTION('',(1.,0.));
#10105 = ( GEOMETRIC_REPRESENTATION_CONTEXT(2) 
PARAMETRIC_REPRESENTATION_CONTEXT() REPRESENTATION_CONTEXT('2D SPACE',''
  ) );
#10106 = PCURVE('',#10107,#10112);
#10107 = CONICAL_SURFACE('',#10108,0.35,0.785398163397);
#10108 = AXIS2_PLACEMENT_3D('',#10109,#10110,#10111);
#10109 = CARTESIAN_POINT('',(-17.78,2.54,-2.82));
#10110 = DIRECTION('',(0.,0.,1.));
#10111 = DIRECTION('',(1.,0.,0.));
#10112 = DEFINITIONAL_REPRESENTATION('',(#10113),#10117);
#10113 = LINE('',#10114,#10115);
#10114 = CARTESIAN_POINT('',(0.,-0.));
#10115 = VECTOR('',#10116,1.);
#10116 = DIRECTION('',(1.,-0.));
#10117 = ( GEOMETRIC_REPRESENTATION_CONTEXT(2) 
PARAMETRIC_REPRESENTATION_CONTEXT() REPRESENTATION_CONTEXT('2D SPACE',''
  ) );
#10118 = ADVANCED_FACE('',(#10119),#10107,.T.);
#10119 = FACE_BOUND('',#10120,.F.);
#10120 = EDGE_LOOP('',(#10121,#10142,#10143,#10144));
#10121 = ORIENTED_EDGE('',*,*,#10122,.F.);
#10122 = EDGE_CURVE('',#10035,#10123,#10125,.T.);
#10123 = VERTEX_POINT('',#10124);
#10124 = CARTESIAN_POINT('',(-17.71,2.54,-3.1));
#10125 = SEAM_CURVE('',#10126,(#10130,#10136),.PCURVE_S1.);
#10126 = LINE('',#10127,#10128);
#10127 = CARTESIAN_POINT('',(-17.43,2.54,-2.82));
#10128 = VECTOR('',#10129,1.);
#10129 = DIRECTION('',(-0.707106781187,-0.,-0.707106781187));
#10130 = PCURVE('',#10107,#10131);
#10131 = DEFINITIONAL_REPRESENTATION('',(#10132),#10135);
#10132 = B_SPLINE_CURVE_WITH_KNOTS('',1,(#10133,#10134),.UNSPECIFIED.,
  .F.,.F.,(2,2),(0.,0.395979797464),.PIECEWISE_BEZIER_KNOTS.);
#10133 = CARTESIAN_POINT('',(0.,0.));
#10134 = CARTESIAN_POINT('',(0.,-0.28));
#10135 = ( GEOMETRIC_REPRESENTATION_CONTEXT(2) 
PARAMETRIC_REPRESENTATION_CONTEXT() REPRESENTATION_CONTEXT('2D SPACE',''
  ) );
#10136 = PCURVE('',#10107,#10137);
#10137 = DEFINITIONAL_REPRESENTATION('',(#10138),#10141);
#10138 = B_SPLINE_CURVE_WITH_KNOTS('',1,(#10139,#10140),.UNSPECIFIED.,
  .F.,.F.,(2,2),(0.,0.395979797464),.PIECEWISE_BEZIER_KNOTS.);
#10139 = CARTESIAN_POINT('',(6.28318530718,0.));
#10140 = CARTESIAN_POINT('',(6.28318530718,-0.28));
#10141 = ( GEOMETRIC_REPRESENTATION_CONTEXT(2) 
PARAMETRIC_REPRESENTATION_CONTEXT() REPRESENTATION_CONTEXT('2D SPACE',''
  ) );
#10142 = ORIENTED_EDGE('',*,*,#10092,.T.);
#10143 = ORIENTED_EDGE('',*,*,#10122,.T.);
#10144 = ORIENTED_EDGE('',*,*,#10145,.F.);
#10145 = EDGE_CURVE('',#10123,#10123,#10146,.T.);
#10146 = SURFACE_CURVE('',#10147,(#10152,#10159),.PCURVE_S1.);
#10147 = CIRCLE('',#10148,7.E-02);
#10148 = AXIS2_PLACEMENT_3D('',#10149,#10150,#10151);
#10149 = CARTESIAN_POINT('',(-17.78,2.54,-3.1));
#10150 = DIRECTION('',(0.,0.,1.));
#10151 = DIRECTION('',(1.,0.,0.));
#10152 = PCURVE('',#10107,#10153);
#10153 = DEFINITIONAL_REPRESENTATION('',(#10154),#10158);
#10154 = LINE('',#10155,#10156);
#10155 = CARTESIAN_POINT('',(0.,-0.28));
#10156 = VECTOR('',#10157,1.);
#10157 = DIRECTION('',(1.,-0.));
#10158 = ( GEOMETRIC_REPRESENTATION_CONTEXT(2) 
PARAMETRIC_REPRESENTATION_CONTEXT() REPRESENTATION_CONTEXT('2D SPACE',''
  ) );
#10159 = PCURVE('',#10160,#10165);
#10160 = PLANE('',#10161);
#10161 = AXIS2_PLACEMENT_3D('',#10162,#10163,#10164);
#10162 = CARTESIAN_POINT('',(-17.78,2.54,-3.1));
#10163 = DIRECTION('',(0.,0.,1.));
#10164 = DIRECTION('',(1.,0.,0.));
#10165 = DEFINITIONAL_REPRESENTATION('',(#10166),#10170);
#10166 = CIRCLE('',#10167,7.E-02);
#10167 = AXIS2_PLACEMENT_2D('',#10168,#10169);
#10168 = CARTESIAN_POINT('',(0.,0.));
#10169 = DIRECTION('',(1.,0.));
#10170 = ( GEOMETRIC_REPRESENTATION_CONTEXT(2) 
PARAMETRIC_REPRESENTATION_CONTEXT() REPRESENTATION_CONTEXT('2D SPACE',''
  ) );
#10171 = ADVANCED_FACE('',(#10172),#10079,.T.);
#10172 = FACE_BOUND('',#10173,.T.);
#10173 = EDGE_LOOP('',(#10174));
#10174 = ORIENTED_EDGE('',*,*,#10064,.T.);
#10175 = ADVANCED_FACE('',(#10176),#10160,.F.);
#10176 = FACE_BOUND('',#10177,.F.);
#10177 = EDGE_LOOP('',(#10178));
#10178 = ORIENTED_EDGE('',*,*,#10145,.T.);
#10179 = MANIFOLD_SOLID_BREP('',#10180);
#10180 = CLOSED_SHELL('',(#10181,#10269,#10322,#10326));
#10181 = ADVANCED_FACE('',(#10182),#10196,.T.);
#10182 = FACE_BOUND('',#10183,.T.);
#10183 = EDGE_LOOP('',(#10184,#10214,#10241,#10242));
#10184 = ORIENTED_EDGE('',*,*,#10185,.T.);
#10185 = EDGE_CURVE('',#10186,#10188,#10190,.T.);
#10186 = VERTEX_POINT('',#10187);
#10187 = CARTESIAN_POINT('',(-19.97,0.,-2.82));
#10188 = VERTEX_POINT('',#10189);
#10189 = CARTESIAN_POINT('',(-19.97,-8.572527594031E-17,1.44));
#10190 = SEAM_CURVE('',#10191,(#10195,#10207),.PCURVE_S1.);
#10191 = LINE('',#10192,#10193);
#10192 = CARTESIAN_POINT('',(-19.97,-8.572527594031E-17,-3.1));
#10193 = VECTOR('',#10194,1.);
#10194 = DIRECTION('',(0.,0.,1.));
#10195 = PCURVE('',#10196,#10201);
#10196 = CYLINDRICAL_SURFACE('',#10197,0.35);
#10197 = AXIS2_PLACEMENT_3D('',#10198,#10199,#10200);
#10198 = CARTESIAN_POINT('',(-20.32,0.,-3.1));
#10199 = DIRECTION('',(0.,0.,1.));
#10200 = DIRECTION('',(1.,0.,0.));
#10201 = DEFINITIONAL_REPRESENTATION('',(#10202),#10206);
#10202 = LINE('',#10203,#10204);
#10203 = CARTESIAN_POINT('',(6.28318530718,-0.));
#10204 = VECTOR('',#10205,1.);
#10205 = DIRECTION('',(0.,1.));
#10206 = ( GEOMETRIC_REPRESENTATION_CONTEXT(2) 
PARAMETRIC_REPRESENTATION_CONTEXT() REPRESENTATION_CONTEXT('2D SPACE',''
  ) );
#10207 = PCURVE('',#10196,#10208);
#10208 = DEFINITIONAL_REPRESENTATION('',(#10209),#10213);
#10209 = LINE('',#10210,#10211);
#10210 = CARTESIAN_POINT('',(0.,-0.));
#10211 = VECTOR('',#10212,1.);
#10212 = DIRECTION('',(0.,1.));
#10213 = ( GEOMETRIC_REPRESENTATION_CONTEXT(2) 
PARAMETRIC_REPRESENTATION_CONTEXT() REPRESENTATION_CONTEXT('2D SPACE',''
  ) );
#10214 = ORIENTED_EDGE('',*,*,#10215,.F.);
#10215 = EDGE_CURVE('',#10188,#10188,#10216,.T.);
#10216 = SURFACE_CURVE('',#10217,(#10222,#10229),.PCURVE_S1.);
#10217 = CIRCLE('',#10218,0.35);
#10218 = AXIS2_PLACEMENT_3D('',#10219,#10220,#10221);
#10219 = CARTESIAN_POINT('',(-20.32,0.,1.44));
#10220 = DIRECTION('',(0.,0.,1.));
#10221 = DIRECTION('',(1.,0.,0.));
#10222 = PCURVE('',#10196,#10223);
#10223 = DEFINITIONAL_REPRESENTATION('',(#10224),#10228);
#10224 = LINE('',#10225,#10226);
#10225 = CARTESIAN_POINT('',(0.,4.54));
#10226 = VECTOR('',#10227,1.);
#10227 = DIRECTION('',(1.,0.));
#10228 = ( GEOMETRIC_REPRESENTATION_CONTEXT(2) 
PARAMETRIC_REPRESENTATION_CONTEXT() REPRESENTATION_CONTEXT('2D SPACE',''
  ) );
#10229 = PCURVE('',#10230,#10235);
#10230 = PLANE('',#10231);
#10231 = AXIS2_PLACEMENT_3D('',#10232,#10233,#10234);
#10232 = CARTESIAN_POINT('',(-20.32,0.,1.44));
#10233 = DIRECTION('',(0.,0.,1.));
#10234 = DIRECTION('',(1.,0.,0.));
#10235 = DEFINITIONAL_REPRESENTATION('',(#10236),#10240);
#10236 = CIRCLE('',#10237,0.35);
#10237 = AXIS2_PLACEMENT_2D('',#10238,#10239);
#10238 = CARTESIAN_POINT('',(0.,0.));
#10239 = DIRECTION('',(1.,0.));
#10240 = ( GEOMETRIC_REPRESENTATION_CONTEXT(2) 
PARAMETRIC_REPRESENTATION_CONTEXT() REPRESENTATION_CONTEXT('2D SPACE',''
  ) );
#10241 = ORIENTED_EDGE('',*,*,#10185,.F.);
#10242 = ORIENTED_EDGE('',*,*,#10243,.T.);
#10243 = EDGE_CURVE('',#10186,#10186,#10244,.T.);
#10244 = SURFACE_CURVE('',#10245,(#10250,#10257),.PCURVE_S1.);
#10245 = CIRCLE('',#10246,0.35);
#10246 = AXIS2_PLACEMENT_3D('',#10247,#10248,#10249);
#10247 = CARTESIAN_POINT('',(-20.32,0.,-2.82));
#10248 = DIRECTION('',(0.,0.,1.));
#10249 = DIRECTION('',(1.,0.,0.));
#10250 = PCURVE('',#10196,#10251);
#10251 = DEFINITIONAL_REPRESENTATION('',(#10252),#10256);
#10252 = LINE('',#10253,#10254);
#10253 = CARTESIAN_POINT('',(0.,0.28));
#10254 = VECTOR('',#10255,1.);
#10255 = DIRECTION('',(1.,0.));
#10256 = ( GEOMETRIC_REPRESENTATION_CONTEXT(2) 
PARAMETRIC_REPRESENTATION_CONTEXT() REPRESENTATION_CONTEXT('2D SPACE',''
  ) );
#10257 = PCURVE('',#10258,#10263);
#10258 = CONICAL_SURFACE('',#10259,0.35,0.785398163397);
#10259 = AXIS2_PLACEMENT_3D('',#10260,#10261,#10262);
#10260 = CARTESIAN_POINT('',(-20.32,0.,-2.82));
#10261 = DIRECTION('',(0.,0.,1.));
#10262 = DIRECTION('',(1.,0.,0.));
#10263 = DEFINITIONAL_REPRESENTATION('',(#10264),#10268);
#10264 = LINE('',#10265,#10266);
#10265 = CARTESIAN_POINT('',(0.,-0.));
#10266 = VECTOR('',#10267,1.);
#10267 = DIRECTION('',(1.,-0.));
#10268 = ( GEOMETRIC_REPRESENTATION_CONTEXT(2) 
PARAMETRIC_REPRESENTATION_CONTEXT() REPRESENTATION_CONTEXT('2D SPACE',''
  ) );
#10269 = ADVANCED_FACE('',(#10270),#10258,.T.);
#10270 = FACE_BOUND('',#10271,.F.);
#10271 = EDGE_LOOP('',(#10272,#10293,#10294,#10295));
#10272 = ORIENTED_EDGE('',*,*,#10273,.F.);
#10273 = EDGE_CURVE('',#10186,#10274,#10276,.T.);
#10274 = VERTEX_POINT('',#10275);
#10275 = CARTESIAN_POINT('',(-20.25,0.,-3.1));
#10276 = SEAM_CURVE('',#10277,(#10281,#10287),.PCURVE_S1.);
#10277 = LINE('',#10278,#10279);
#10278 = CARTESIAN_POINT('',(-19.97,0.,-2.82));
#10279 = VECTOR('',#10280,1.);
#10280 = DIRECTION('',(-0.707106781187,-0.,-0.707106781187));
#10281 = PCURVE('',#10258,#10282);
#10282 = DEFINITIONAL_REPRESENTATION('',(#10283),#10286);
#10283 = B_SPLINE_CURVE_WITH_KNOTS('',1,(#10284,#10285),.UNSPECIFIED.,
  .F.,.F.,(2,2),(0.,0.395979797464),.PIECEWISE_BEZIER_KNOTS.);
#10284 = CARTESIAN_POINT('',(0.,0.));
#10285 = CARTESIAN_POINT('',(0.,-0.28));
#10286 = ( GEOMETRIC_REPRESENTATION_CONTEXT(2) 
PARAMETRIC_REPRESENTATION_CONTEXT() REPRESENTATION_CONTEXT('2D SPACE',''
  ) );
#10287 = PCURVE('',#10258,#10288);
#10288 = DEFINITIONAL_REPRESENTATION('',(#10289),#10292);
#10289 = B_SPLINE_CURVE_WITH_KNOTS('',1,(#10290,#10291),.UNSPECIFIED.,
  .F.,.F.,(2,2),(0.,0.395979797464),.PIECEWISE_BEZIER_KNOTS.);
#10290 = CARTESIAN_POINT('',(6.28318530718,0.));
#10291 = CARTESIAN_POINT('',(6.28318530718,-0.28));
#10292 = ( GEOMETRIC_REPRESENTATION_CONTEXT(2) 
PARAMETRIC_REPRESENTATION_CONTEXT() REPRESENTATION_CONTEXT('2D SPACE',''
  ) );
#10293 = ORIENTED_EDGE('',*,*,#10243,.T.);
#10294 = ORIENTED_EDGE('',*,*,#10273,.T.);
#10295 = ORIENTED_EDGE('',*,*,#10296,.F.);
#10296 = EDGE_CURVE('',#10274,#10274,#10297,.T.);
#10297 = SURFACE_CURVE('',#10298,(#10303,#10310),.PCURVE_S1.);
#10298 = CIRCLE('',#10299,7.E-02);
#10299 = AXIS2_PLACEMENT_3D('',#10300,#10301,#10302);
#10300 = CARTESIAN_POINT('',(-20.32,0.,-3.1));
#10301 = DIRECTION('',(0.,0.,1.));
#10302 = DIRECTION('',(1.,0.,0.));
#10303 = PCURVE('',#10258,#10304);
#10304 = DEFINITIONAL_REPRESENTATION('',(#10305),#10309);
#10305 = LINE('',#10306,#10307);
#10306 = CARTESIAN_POINT('',(0.,-0.28));
#10307 = VECTOR('',#10308,1.);
#10308 = DIRECTION('',(1.,-0.));
#10309 = ( GEOMETRIC_REPRESENTATION_CONTEXT(2) 
PARAMETRIC_REPRESENTATION_CONTEXT() REPRESENTATION_CONTEXT('2D SPACE',''
  ) );
#10310 = PCURVE('',#10311,#10316);
#10311 = PLANE('',#10312);
#10312 = AXIS2_PLACEMENT_3D('',#10313,#10314,#10315);
#10313 = CARTESIAN_POINT('',(-20.32,0.,-3.1));
#10314 = DIRECTION('',(0.,0.,1.));
#10315 = DIRECTION('',(1.,0.,0.));
#10316 = DEFINITIONAL_REPRESENTATION('',(#10317),#10321);
#10317 = CIRCLE('',#10318,7.E-02);
#10318 = AXIS2_PLACEMENT_2D('',#10319,#10320);
#10319 = CARTESIAN_POINT('',(0.,0.));
#10320 = DIRECTION('',(1.,0.));
#10321 = ( GEOMETRIC_REPRESENTATION_CONTEXT(2) 
PARAMETRIC_REPRESENTATION_CONTEXT() REPRESENTATION_CONTEXT('2D SPACE',''
  ) );
#10322 = ADVANCED_FACE('',(#10323),#10230,.T.);
#10323 = FACE_BOUND('',#10324,.T.);
#10324 = EDGE_LOOP('',(#10325));
#10325 = ORIENTED_EDGE('',*,*,#10215,.T.);
#10326 = ADVANCED_FACE('',(#10327),#10311,.F.);
#10327 = FACE_BOUND('',#10328,.F.);
#10328 = EDGE_LOOP('',(#10329));
#10329 = ORIENTED_EDGE('',*,*,#10296,.T.);
#10330 = MANIFOLD_SOLID_BREP('',#10331);
#10331 = CLOSED_SHELL('',(#10332,#10420,#10473,#10477));
#10332 = ADVANCED_FACE('',(#10333),#10347,.T.);
#10333 = FACE_BOUND('',#10334,.T.);
#10334 = EDGE_LOOP('',(#10335,#10365,#10392,#10393));
#10335 = ORIENTED_EDGE('',*,*,#10336,.T.);
#10336 = EDGE_CURVE('',#10337,#10339,#10341,.T.);
#10337 = VERTEX_POINT('',#10338);
#10338 = CARTESIAN_POINT('',(-19.97,2.54,-2.82));
#10339 = VERTEX_POINT('',#10340);
#10340 = CARTESIAN_POINT('',(-19.97,2.54,1.44));
#10341 = SEAM_CURVE('',#10342,(#10346,#10358),.PCURVE_S1.);
#10342 = LINE('',#10343,#10344);
#10343 = CARTESIAN_POINT('',(-19.97,2.54,-3.1));
#10344 = VECTOR('',#10345,1.);
#10345 = DIRECTION('',(0.,0.,1.));
#10346 = PCURVE('',#10347,#10352);
#10347 = CYLINDRICAL_SURFACE('',#10348,0.35);
#10348 = AXIS2_PLACEMENT_3D('',#10349,#10350,#10351);
#10349 = CARTESIAN_POINT('',(-20.32,2.54,-3.1));
#10350 = DIRECTION('',(0.,0.,1.));
#10351 = DIRECTION('',(1.,0.,0.));
#10352 = DEFINITIONAL_REPRESENTATION('',(#10353),#10357);
#10353 = LINE('',#10354,#10355);
#10354 = CARTESIAN_POINT('',(6.28318530718,-0.));
#10355 = VECTOR('',#10356,1.);
#10356 = DIRECTION('',(0.,1.));
#10357 = ( GEOMETRIC_REPRESENTATION_CONTEXT(2) 
PARAMETRIC_REPRESENTATION_CONTEXT() REPRESENTATION_CONTEXT('2D SPACE',''
  ) );
#10358 = PCURVE('',#10347,#10359);
#10359 = DEFINITIONAL_REPRESENTATION('',(#10360),#10364);
#10360 = LINE('',#10361,#10362);
#10361 = CARTESIAN_POINT('',(0.,-0.));
#10362 = VECTOR('',#10363,1.);
#10363 = DIRECTION('',(0.,1.));
#10364 = ( GEOMETRIC_REPRESENTATION_CONTEXT(2) 
PARAMETRIC_REPRESENTATION_CONTEXT() REPRESENTATION_CONTEXT('2D SPACE',''
  ) );
#10365 = ORIENTED_EDGE('',*,*,#10366,.F.);
#10366 = EDGE_CURVE('',#10339,#10339,#10367,.T.);
#10367 = SURFACE_CURVE('',#10368,(#10373,#10380),.PCURVE_S1.);
#10368 = CIRCLE('',#10369,0.35);
#10369 = AXIS2_PLACEMENT_3D('',#10370,#10371,#10372);
#10370 = CARTESIAN_POINT('',(-20.32,2.54,1.44));
#10371 = DIRECTION('',(0.,0.,1.));
#10372 = DIRECTION('',(1.,0.,0.));
#10373 = PCURVE('',#10347,#10374);
#10374 = DEFINITIONAL_REPRESENTATION('',(#10375),#10379);
#10375 = LINE('',#10376,#10377);
#10376 = CARTESIAN_POINT('',(0.,4.54));
#10377 = VECTOR('',#10378,1.);
#10378 = DIRECTION('',(1.,0.));
#10379 = ( GEOMETRIC_REPRESENTATION_CONTEXT(2) 
PARAMETRIC_REPRESENTATION_CONTEXT() REPRESENTATION_CONTEXT('2D SPACE',''
  ) );
#10380 = PCURVE('',#10381,#10386);
#10381 = PLANE('',#10382);
#10382 = AXIS2_PLACEMENT_3D('',#10383,#10384,#10385);
#10383 = CARTESIAN_POINT('',(-20.32,2.54,1.44));
#10384 = DIRECTION('',(0.,0.,1.));
#10385 = DIRECTION('',(1.,0.,0.));
#10386 = DEFINITIONAL_REPRESENTATION('',(#10387),#10391);
#10387 = CIRCLE('',#10388,0.35);
#10388 = AXIS2_PLACEMENT_2D('',#10389,#10390);
#10389 = CARTESIAN_POINT('',(0.,0.));
#10390 = DIRECTION('',(1.,0.));
#10391 = ( GEOMETRIC_REPRESENTATION_CONTEXT(2) 
PARAMETRIC_REPRESENTATION_CONTEXT() REPRESENTATION_CONTEXT('2D SPACE',''
  ) );
#10392 = ORIENTED_EDGE('',*,*,#10336,.F.);
#10393 = ORIENTED_EDGE('',*,*,#10394,.T.);
#10394 = EDGE_CURVE('',#10337,#10337,#10395,.T.);
#10395 = SURFACE_CURVE('',#10396,(#10401,#10408),.PCURVE_S1.);
#10396 = CIRCLE('',#10397,0.35);
#10397 = AXIS2_PLACEMENT_3D('',#10398,#10399,#10400);
#10398 = CARTESIAN_POINT('',(-20.32,2.54,-2.82));
#10399 = DIRECTION('',(0.,0.,1.));
#10400 = DIRECTION('',(1.,0.,0.));
#10401 = PCURVE('',#10347,#10402);
#10402 = DEFINITIONAL_REPRESENTATION('',(#10403),#10407);
#10403 = LINE('',#10404,#10405);
#10404 = CARTESIAN_POINT('',(0.,0.28));
#10405 = VECTOR('',#10406,1.);
#10406 = DIRECTION('',(1.,0.));
#10407 = ( GEOMETRIC_REPRESENTATION_CONTEXT(2) 
PARAMETRIC_REPRESENTATION_CONTEXT() REPRESENTATION_CONTEXT('2D SPACE',''
  ) );
#10408 = PCURVE('',#10409,#10414);
#10409 = CONICAL_SURFACE('',#10410,0.35,0.785398163397);
#10410 = AXIS2_PLACEMENT_3D('',#10411,#10412,#10413);
#10411 = CARTESIAN_POINT('',(-20.32,2.54,-2.82));
#10412 = DIRECTION('',(0.,0.,1.));
#10413 = DIRECTION('',(1.,0.,0.));
#10414 = DEFINITIONAL_REPRESENTATION('',(#10415),#10419);
#10415 = LINE('',#10416,#10417);
#10416 = CARTESIAN_POINT('',(0.,-0.));
#10417 = VECTOR('',#10418,1.);
#10418 = DIRECTION('',(1.,-0.));
#10419 = ( GEOMETRIC_REPRESENTATION_CONTEXT(2) 
PARAMETRIC_REPRESENTATION_CONTEXT() REPRESENTATION_CONTEXT('2D SPACE',''
  ) );
#10420 = ADVANCED_FACE('',(#10421),#10409,.T.);
#10421 = FACE_BOUND('',#10422,.F.);
#10422 = EDGE_LOOP('',(#10423,#10444,#10445,#10446));
#10423 = ORIENTED_EDGE('',*,*,#10424,.F.);
#10424 = EDGE_CURVE('',#10337,#10425,#10427,.T.);
#10425 = VERTEX_POINT('',#10426);
#10426 = CARTESIAN_POINT('',(-20.25,2.54,-3.1));
#10427 = SEAM_CURVE('',#10428,(#10432,#10438),.PCURVE_S1.);
#10428 = LINE('',#10429,#10430);
#10429 = CARTESIAN_POINT('',(-19.97,2.54,-2.82));
#10430 = VECTOR('',#10431,1.);
#10431 = DIRECTION('',(-0.707106781187,-0.,-0.707106781187));
#10432 = PCURVE('',#10409,#10433);
#10433 = DEFINITIONAL_REPRESENTATION('',(#10434),#10437);
#10434 = B_SPLINE_CURVE_WITH_KNOTS('',1,(#10435,#10436),.UNSPECIFIED.,
  .F.,.F.,(2,2),(0.,0.395979797464),.PIECEWISE_BEZIER_KNOTS.);
#10435 = CARTESIAN_POINT('',(0.,0.));
#10436 = CARTESIAN_POINT('',(0.,-0.28));
#10437 = ( GEOMETRIC_REPRESENTATION_CONTEXT(2) 
PARAMETRIC_REPRESENTATION_CONTEXT() REPRESENTATION_CONTEXT('2D SPACE',''
  ) );
#10438 = PCURVE('',#10409,#10439);
#10439 = DEFINITIONAL_REPRESENTATION('',(#10440),#10443);
#10440 = B_SPLINE_CURVE_WITH_KNOTS('',1,(#10441,#10442),.UNSPECIFIED.,
  .F.,.F.,(2,2),(0.,0.395979797464),.PIECEWISE_BEZIER_KNOTS.);
#10441 = CARTESIAN_POINT('',(6.28318530718,0.));
#10442 = CARTESIAN_POINT('',(6.28318530718,-0.28));
#10443 = ( GEOMETRIC_REPRESENTATION_CONTEXT(2) 
PARAMETRIC_REPRESENTATION_CONTEXT() REPRESENTATION_CONTEXT('2D SPACE',''
  ) );
#10444 = ORIENTED_EDGE('',*,*,#10394,.T.);
#10445 = ORIENTED_EDGE('',*,*,#10424,.T.);
#10446 = ORIENTED_EDGE('',*,*,#10447,.F.);
#10447 = EDGE_CURVE('',#10425,#10425,#10448,.T.);
#10448 = SURFACE_CURVE('',#10449,(#10454,#10461),.PCURVE_S1.);
#10449 = CIRCLE('',#10450,7.E-02);
#10450 = AXIS2_PLACEMENT_3D('',#10451,#10452,#10453);
#10451 = CARTESIAN_POINT('',(-20.32,2.54,-3.1));
#10452 = DIRECTION('',(0.,0.,1.));
#10453 = DIRECTION('',(1.,0.,0.));
#10454 = PCURVE('',#10409,#10455);
#10455 = DEFINITIONAL_REPRESENTATION('',(#10456),#10460);
#10456 = LINE('',#10457,#10458);
#10457 = CARTESIAN_POINT('',(0.,-0.28));
#10458 = VECTOR('',#10459,1.);
#10459 = DIRECTION('',(1.,-0.));
#10460 = ( GEOMETRIC_REPRESENTATION_CONTEXT(2) 
PARAMETRIC_REPRESENTATION_CONTEXT() REPRESENTATION_CONTEXT('2D SPACE',''
  ) );
#10461 = PCURVE('',#10462,#10467);
#10462 = PLANE('',#10463);
#10463 = AXIS2_PLACEMENT_3D('',#10464,#10465,#10466);
#10464 = CARTESIAN_POINT('',(-20.32,2.54,-3.1));
#10465 = DIRECTION('',(0.,0.,1.));
#10466 = DIRECTION('',(1.,0.,0.));
#10467 = DEFINITIONAL_REPRESENTATION('',(#10468),#10472);
#10468 = CIRCLE('',#10469,7.E-02);
#10469 = AXIS2_PLACEMENT_2D('',#10470,#10471);
#10470 = CARTESIAN_POINT('',(0.,0.));
#10471 = DIRECTION('',(1.,0.));
#10472 = ( GEOMETRIC_REPRESENTATION_CONTEXT(2) 
PARAMETRIC_REPRESENTATION_CONTEXT() REPRESENTATION_CONTEXT('2D SPACE',''
  ) );
#10473 = ADVANCED_FACE('',(#10474),#10381,.T.);
#10474 = FACE_BOUND('',#10475,.T.);
#10475 = EDGE_LOOP('',(#10476));
#10476 = ORIENTED_EDGE('',*,*,#10366,.T.);
#10477 = ADVANCED_FACE('',(#10478),#10462,.F.);
#10478 = FACE_BOUND('',#10479,.F.);
#10479 = EDGE_LOOP('',(#10480));
#10480 = ORIENTED_EDGE('',*,*,#10447,.T.);
#10481 = MANIFOLD_SOLID_BREP('',#10482);
#10482 = CLOSED_SHELL('',(#10483,#10571,#10624,#10628));
#10483 = ADVANCED_FACE('',(#10484),#10498,.T.);
#10484 = FACE_BOUND('',#10485,.T.);
#10485 = EDGE_LOOP('',(#10486,#10516,#10543,#10544));
#10486 = ORIENTED_EDGE('',*,*,#10487,.T.);
#10487 = EDGE_CURVE('',#10488,#10490,#10492,.T.);
#10488 = VERTEX_POINT('',#10489);
#10489 = CARTESIAN_POINT('',(-22.51,0.,-2.82));
#10490 = VERTEX_POINT('',#10491);
#10491 = CARTESIAN_POINT('',(-22.51,-8.572527594031E-17,1.44));
#10492 = SEAM_CURVE('',#10493,(#10497,#10509),.PCURVE_S1.);
#10493 = LINE('',#10494,#10495);
#10494 = CARTESIAN_POINT('',(-22.51,-8.572527594031E-17,-3.1));
#10495 = VECTOR('',#10496,1.);
#10496 = DIRECTION('',(0.,0.,1.));
#10497 = PCURVE('',#10498,#10503);
#10498 = CYLINDRICAL_SURFACE('',#10499,0.35);
#10499 = AXIS2_PLACEMENT_3D('',#10500,#10501,#10502);
#10500 = CARTESIAN_POINT('',(-22.86,0.,-3.1));
#10501 = DIRECTION('',(0.,0.,1.));
#10502 = DIRECTION('',(1.,0.,0.));
#10503 = DEFINITIONAL_REPRESENTATION('',(#10504),#10508);
#10504 = LINE('',#10505,#10506);
#10505 = CARTESIAN_POINT('',(6.28318530718,-0.));
#10506 = VECTOR('',#10507,1.);
#10507 = DIRECTION('',(0.,1.));
#10508 = ( GEOMETRIC_REPRESENTATION_CONTEXT(2) 
PARAMETRIC_REPRESENTATION_CONTEXT() REPRESENTATION_CONTEXT('2D SPACE',''
  ) );
#10509 = PCURVE('',#10498,#10510);
#10510 = DEFINITIONAL_REPRESENTATION('',(#10511),#10515);
#10511 = LINE('',#10512,#10513);
#10512 = CARTESIAN_POINT('',(0.,-0.));
#10513 = VECTOR('',#10514,1.);
#10514 = DIRECTION('',(0.,1.));
#10515 = ( GEOMETRIC_REPRESENTATION_CONTEXT(2) 
PARAMETRIC_REPRESENTATION_CONTEXT() REPRESENTATION_CONTEXT('2D SPACE',''
  ) );
#10516 = ORIENTED_EDGE('',*,*,#10517,.F.);
#10517 = EDGE_CURVE('',#10490,#10490,#10518,.T.);
#10518 = SURFACE_CURVE('',#10519,(#10524,#10531),.PCURVE_S1.);
#10519 = CIRCLE('',#10520,0.35);
#10520 = AXIS2_PLACEMENT_3D('',#10521,#10522,#10523);
#10521 = CARTESIAN_POINT('',(-22.86,0.,1.44));
#10522 = DIRECTION('',(0.,0.,1.));
#10523 = DIRECTION('',(1.,0.,0.));
#10524 = PCURVE('',#10498,#10525);
#10525 = DEFINITIONAL_REPRESENTATION('',(#10526),#10530);
#10526 = LINE('',#10527,#10528);
#10527 = CARTESIAN_POINT('',(0.,4.54));
#10528 = VECTOR('',#10529,1.);
#10529 = DIRECTION('',(1.,0.));
#10530 = ( GEOMETRIC_REPRESENTATION_CONTEXT(2) 
PARAMETRIC_REPRESENTATION_CONTEXT() REPRESENTATION_CONTEXT('2D SPACE',''
  ) );
#10531 = PCURVE('',#10532,#10537);
#10532 = PLANE('',#10533);
#10533 = AXIS2_PLACEMENT_3D('',#10534,#10535,#10536);
#10534 = CARTESIAN_POINT('',(-22.86,0.,1.44));
#10535 = DIRECTION('',(0.,0.,1.));
#10536 = DIRECTION('',(1.,0.,0.));
#10537 = DEFINITIONAL_REPRESENTATION('',(#10538),#10542);
#10538 = CIRCLE('',#10539,0.35);
#10539 = AXIS2_PLACEMENT_2D('',#10540,#10541);
#10540 = CARTESIAN_POINT('',(0.,0.));
#10541 = DIRECTION('',(1.,0.));
#10542 = ( GEOMETRIC_REPRESENTATION_CONTEXT(2) 
PARAMETRIC_REPRESENTATION_CONTEXT() REPRESENTATION_CONTEXT('2D SPACE',''
  ) );
#10543 = ORIENTED_EDGE('',*,*,#10487,.F.);
#10544 = ORIENTED_EDGE('',*,*,#10545,.T.);
#10545 = EDGE_CURVE('',#10488,#10488,#10546,.T.);
#10546 = SURFACE_CURVE('',#10547,(#10552,#10559),.PCURVE_S1.);
#10547 = CIRCLE('',#10548,0.35);
#10548 = AXIS2_PLACEMENT_3D('',#10549,#10550,#10551);
#10549 = CARTESIAN_POINT('',(-22.86,0.,-2.82));
#10550 = DIRECTION('',(0.,0.,1.));
#10551 = DIRECTION('',(1.,0.,0.));
#10552 = PCURVE('',#10498,#10553);
#10553 = DEFINITIONAL_REPRESENTATION('',(#10554),#10558);
#10554 = LINE('',#10555,#10556);
#10555 = CARTESIAN_POINT('',(0.,0.28));
#10556 = VECTOR('',#10557,1.);
#10557 = DIRECTION('',(1.,0.));
#10558 = ( GEOMETRIC_REPRESENTATION_CONTEXT(2) 
PARAMETRIC_REPRESENTATION_CONTEXT() REPRESENTATION_CONTEXT('2D SPACE',''
  ) );
#10559 = PCURVE('',#10560,#10565);
#10560 = CONICAL_SURFACE('',#10561,0.35,0.785398163397);
#10561 = AXIS2_PLACEMENT_3D('',#10562,#10563,#10564);
#10562 = CARTESIAN_POINT('',(-22.86,0.,-2.82));
#10563 = DIRECTION('',(0.,0.,1.));
#10564 = DIRECTION('',(1.,0.,0.));
#10565 = DEFINITIONAL_REPRESENTATION('',(#10566),#10570);
#10566 = LINE('',#10567,#10568);
#10567 = CARTESIAN_POINT('',(0.,-0.));
#10568 = VECTOR('',#10569,1.);
#10569 = DIRECTION('',(1.,-0.));
#10570 = ( GEOMETRIC_REPRESENTATION_CONTEXT(2) 
PARAMETRIC_REPRESENTATION_CONTEXT() REPRESENTATION_CONTEXT('2D SPACE',''
  ) );
#10571 = ADVANCED_FACE('',(#10572),#10560,.T.);
#10572 = FACE_BOUND('',#10573,.F.);
#10573 = EDGE_LOOP('',(#10574,#10595,#10596,#10597));
#10574 = ORIENTED_EDGE('',*,*,#10575,.F.);
#10575 = EDGE_CURVE('',#10488,#10576,#10578,.T.);
#10576 = VERTEX_POINT('',#10577);
#10577 = CARTESIAN_POINT('',(-22.79,0.,-3.1));
#10578 = SEAM_CURVE('',#10579,(#10583,#10589),.PCURVE_S1.);
#10579 = LINE('',#10580,#10581);
#10580 = CARTESIAN_POINT('',(-22.51,0.,-2.82));
#10581 = VECTOR('',#10582,1.);
#10582 = DIRECTION('',(-0.707106781187,-0.,-0.707106781187));
#10583 = PCURVE('',#10560,#10584);
#10584 = DEFINITIONAL_REPRESENTATION('',(#10585),#10588);
#10585 = B_SPLINE_CURVE_WITH_KNOTS('',1,(#10586,#10587),.UNSPECIFIED.,
  .F.,.F.,(2,2),(0.,0.395979797464),.PIECEWISE_BEZIER_KNOTS.);
#10586 = CARTESIAN_POINT('',(0.,0.));
#10587 = CARTESIAN_POINT('',(0.,-0.28));
#10588 = ( GEOMETRIC_REPRESENTATION_CONTEXT(2) 
PARAMETRIC_REPRESENTATION_CONTEXT() REPRESENTATION_CONTEXT('2D SPACE',''
  ) );
#10589 = PCURVE('',#10560,#10590);
#10590 = DEFINITIONAL_REPRESENTATION('',(#10591),#10594);
#10591 = B_SPLINE_CURVE_WITH_KNOTS('',1,(#10592,#10593),.UNSPECIFIED.,
  .F.,.F.,(2,2),(0.,0.395979797464),.PIECEWISE_BEZIER_KNOTS.);
#10592 = CARTESIAN_POINT('',(6.28318530718,0.));
#10593 = CARTESIAN_POINT('',(6.28318530718,-0.28));
#10594 = ( GEOMETRIC_REPRESENTATION_CONTEXT(2) 
PARAMETRIC_REPRESENTATION_CONTEXT() REPRESENTATION_CONTEXT('2D SPACE',''
  ) );
#10595 = ORIENTED_EDGE('',*,*,#10545,.T.);
#10596 = ORIENTED_EDGE('',*,*,#10575,.T.);
#10597 = ORIENTED_EDGE('',*,*,#10598,.F.);
#10598 = EDGE_CURVE('',#10576,#10576,#10599,.T.);
#10599 = SURFACE_CURVE('',#10600,(#10605,#10612),.PCURVE_S1.);
#10600 = CIRCLE('',#10601,7.E-02);
#10601 = AXIS2_PLACEMENT_3D('',#10602,#10603,#10604);
#10602 = CARTESIAN_POINT('',(-22.86,0.,-3.1));
#10603 = DIRECTION('',(0.,0.,1.));
#10604 = DIRECTION('',(1.,0.,0.));
#10605 = PCURVE('',#10560,#10606);
#10606 = DEFINITIONAL_REPRESENTATION('',(#10607),#10611);
#10607 = LINE('',#10608,#10609);
#10608 = CARTESIAN_POINT('',(0.,-0.28));
#10609 = VECTOR('',#10610,1.);
#10610 = DIRECTION('',(1.,-0.));
#10611 = ( GEOMETRIC_REPRESENTATION_CONTEXT(2) 
PARAMETRIC_REPRESENTATION_CONTEXT() REPRESENTATION_CONTEXT('2D SPACE',''
  ) );
#10612 = PCURVE('',#10613,#10618);
#10613 = PLANE('',#10614);
#10614 = AXIS2_PLACEMENT_3D('',#10615,#10616,#10617);
#10615 = CARTESIAN_POINT('',(-22.86,0.,-3.1));
#10616 = DIRECTION('',(0.,0.,1.));
#10617 = DIRECTION('',(1.,0.,0.));
#10618 = DEFINITIONAL_REPRESENTATION('',(#10619),#10623);
#10619 = CIRCLE('',#10620,7.E-02);
#10620 = AXIS2_PLACEMENT_2D('',#10621,#10622);
#10621 = CARTESIAN_POINT('',(0.,0.));
#10622 = DIRECTION('',(1.,0.));
#10623 = ( GEOMETRIC_REPRESENTATION_CONTEXT(2) 
PARAMETRIC_REPRESENTATION_CONTEXT() REPRESENTATION_CONTEXT('2D SPACE',''
  ) );
#10624 = ADVANCED_FACE('',(#10625),#10532,.T.);
#10625 = FACE_BOUND('',#10626,.T.);
#10626 = EDGE_LOOP('',(#10627));
#10627 = ORIENTED_EDGE('',*,*,#10517,.T.);
#10628 = ADVANCED_FACE('',(#10629),#10613,.F.);
#10629 = FACE_BOUND('',#10630,.F.);
#10630 = EDGE_LOOP('',(#10631));
#10631 = ORIENTED_EDGE('',*,*,#10598,.T.);
#10632 = MANIFOLD_SOLID_BREP('',#10633);
#10633 = CLOSED_SHELL('',(#10634,#10722,#10775,#10779));
#10634 = ADVANCED_FACE('',(#10635),#10649,.T.);
#10635 = FACE_BOUND('',#10636,.T.);
#10636 = EDGE_LOOP('',(#10637,#10667,#10694,#10695));
#10637 = ORIENTED_EDGE('',*,*,#10638,.T.);
#10638 = EDGE_CURVE('',#10639,#10641,#10643,.T.);
#10639 = VERTEX_POINT('',#10640);
#10640 = CARTESIAN_POINT('',(-22.51,2.54,-2.82));
#10641 = VERTEX_POINT('',#10642);
#10642 = CARTESIAN_POINT('',(-22.51,2.54,1.44));
#10643 = SEAM_CURVE('',#10644,(#10648,#10660),.PCURVE_S1.);
#10644 = LINE('',#10645,#10646);
#10645 = CARTESIAN_POINT('',(-22.51,2.54,-3.1));
#10646 = VECTOR('',#10647,1.);
#10647 = DIRECTION('',(0.,0.,1.));
#10648 = PCURVE('',#10649,#10654);
#10649 = CYLINDRICAL_SURFACE('',#10650,0.35);
#10650 = AXIS2_PLACEMENT_3D('',#10651,#10652,#10653);
#10651 = CARTESIAN_POINT('',(-22.86,2.54,-3.1));
#10652 = DIRECTION('',(0.,0.,1.));
#10653 = DIRECTION('',(1.,0.,0.));
#10654 = DEFINITIONAL_REPRESENTATION('',(#10655),#10659);
#10655 = LINE('',#10656,#10657);
#10656 = CARTESIAN_POINT('',(6.28318530718,-0.));
#10657 = VECTOR('',#10658,1.);
#10658 = DIRECTION('',(0.,1.));
#10659 = ( GEOMETRIC_REPRESENTATION_CONTEXT(2) 
PARAMETRIC_REPRESENTATION_CONTEXT() REPRESENTATION_CONTEXT('2D SPACE',''
  ) );
#10660 = PCURVE('',#10649,#10661);
#10661 = DEFINITIONAL_REPRESENTATION('',(#10662),#10666);
#10662 = LINE('',#10663,#10664);
#10663 = CARTESIAN_POINT('',(0.,-0.));
#10664 = VECTOR('',#10665,1.);
#10665 = DIRECTION('',(0.,1.));
#10666 = ( GEOMETRIC_REPRESENTATION_CONTEXT(2) 
PARAMETRIC_REPRESENTATION_CONTEXT() REPRESENTATION_CONTEXT('2D SPACE',''
  ) );
#10667 = ORIENTED_EDGE('',*,*,#10668,.F.);
#10668 = EDGE_CURVE('',#10641,#10641,#10669,.T.);
#10669 = SURFACE_CURVE('',#10670,(#10675,#10682),.PCURVE_S1.);
#10670 = CIRCLE('',#10671,0.35);
#10671 = AXIS2_PLACEMENT_3D('',#10672,#10673,#10674);
#10672 = CARTESIAN_POINT('',(-22.86,2.54,1.44));
#10673 = DIRECTION('',(0.,0.,1.));
#10674 = DIRECTION('',(1.,0.,0.));
#10675 = PCURVE('',#10649,#10676);
#10676 = DEFINITIONAL_REPRESENTATION('',(#10677),#10681);
#10677 = LINE('',#10678,#10679);
#10678 = CARTESIAN_POINT('',(0.,4.54));
#10679 = VECTOR('',#10680,1.);
#10680 = DIRECTION('',(1.,0.));
#10681 = ( GEOMETRIC_REPRESENTATION_CONTEXT(2) 
PARAMETRIC_REPRESENTATION_CONTEXT() REPRESENTATION_CONTEXT('2D SPACE',''
  ) );
#10682 = PCURVE('',#10683,#10688);
#10683 = PLANE('',#10684);
#10684 = AXIS2_PLACEMENT_3D('',#10685,#10686,#10687);
#10685 = CARTESIAN_POINT('',(-22.86,2.54,1.44));
#10686 = DIRECTION('',(0.,0.,1.));
#10687 = DIRECTION('',(1.,0.,0.));
#10688 = DEFINITIONAL_REPRESENTATION('',(#10689),#10693);
#10689 = CIRCLE('',#10690,0.35);
#10690 = AXIS2_PLACEMENT_2D('',#10691,#10692);
#10691 = CARTESIAN_POINT('',(0.,0.));
#10692 = DIRECTION('',(1.,0.));
#10693 = ( GEOMETRIC_REPRESENTATION_CONTEXT(2) 
PARAMETRIC_REPRESENTATION_CONTEXT() REPRESENTATION_CONTEXT('2D SPACE',''
  ) );
#10694 = ORIENTED_EDGE('',*,*,#10638,.F.);
#10695 = ORIENTED_EDGE('',*,*,#10696,.T.);
#10696 = EDGE_CURVE('',#10639,#10639,#10697,.T.);
#10697 = SURFACE_CURVE('',#10698,(#10703,#10710),.PCURVE_S1.);
#10698 = CIRCLE('',#10699,0.35);
#10699 = AXIS2_PLACEMENT_3D('',#10700,#10701,#10702);
#10700 = CARTESIAN_POINT('',(-22.86,2.54,-2.82));
#10701 = DIRECTION('',(0.,0.,1.));
#10702 = DIRECTION('',(1.,0.,0.));
#10703 = PCURVE('',#10649,#10704);
#10704 = DEFINITIONAL_REPRESENTATION('',(#10705),#10709);
#10705 = LINE('',#10706,#10707);
#10706 = CARTESIAN_POINT('',(0.,0.28));
#10707 = VECTOR('',#10708,1.);
#10708 = DIRECTION('',(1.,0.));
#10709 = ( GEOMETRIC_REPRESENTATION_CONTEXT(2) 
PARAMETRIC_REPRESENTATION_CONTEXT() REPRESENTATION_CONTEXT('2D SPACE',''
  ) );
#10710 = PCURVE('',#10711,#10716);
#10711 = CONICAL_SURFACE('',#10712,0.35,0.785398163397);
#10712 = AXIS2_PLACEMENT_3D('',#10713,#10714,#10715);
#10713 = CARTESIAN_POINT('',(-22.86,2.54,-2.82));
#10714 = DIRECTION('',(0.,0.,1.));
#10715 = DIRECTION('',(1.,0.,0.));
#10716 = DEFINITIONAL_REPRESENTATION('',(#10717),#10721);
#10717 = LINE('',#10718,#10719);
#10718 = CARTESIAN_POINT('',(0.,-0.));
#10719 = VECTOR('',#10720,1.);
#10720 = DIRECTION('',(1.,-0.));
#10721 = ( GEOMETRIC_REPRESENTATION_CONTEXT(2) 
PARAMETRIC_REPRESENTATION_CONTEXT() REPRESENTATION_CONTEXT('2D SPACE',''
  ) );
#10722 = ADVANCED_FACE('',(#10723),#10711,.T.);
#10723 = FACE_BOUND('',#10724,.F.);
#10724 = EDGE_LOOP('',(#10725,#10746,#10747,#10748));
#10725 = ORIENTED_EDGE('',*,*,#10726,.F.);
#10726 = EDGE_CURVE('',#10639,#10727,#10729,.T.);
#10727 = VERTEX_POINT('',#10728);
#10728 = CARTESIAN_POINT('',(-22.79,2.54,-3.1));
#10729 = SEAM_CURVE('',#10730,(#10734,#10740),.PCURVE_S1.);
#10730 = LINE('',#10731,#10732);
#10731 = CARTESIAN_POINT('',(-22.51,2.54,-2.82));
#10732 = VECTOR('',#10733,1.);
#10733 = DIRECTION('',(-0.707106781187,-0.,-0.707106781187));
#10734 = PCURVE('',#10711,#10735);
#10735 = DEFINITIONAL_REPRESENTATION('',(#10736),#10739);
#10736 = B_SPLINE_CURVE_WITH_KNOTS('',1,(#10737,#10738),.UNSPECIFIED.,
  .F.,.F.,(2,2),(0.,0.395979797464),.PIECEWISE_BEZIER_KNOTS.);
#10737 = CARTESIAN_POINT('',(0.,0.));
#10738 = CARTESIAN_POINT('',(0.,-0.28));
#10739 = ( GEOMETRIC_REPRESENTATION_CONTEXT(2) 
PARAMETRIC_REPRESENTATION_CONTEXT() REPRESENTATION_CONTEXT('2D SPACE',''
  ) );
#10740 = PCURVE('',#10711,#10741);
#10741 = DEFINITIONAL_REPRESENTATION('',(#10742),#10745);
#10742 = B_SPLINE_CURVE_WITH_KNOTS('',1,(#10743,#10744),.UNSPECIFIED.,
  .F.,.F.,(2,2),(0.,0.395979797464),.PIECEWISE_BEZIER_KNOTS.);
#10743 = CARTESIAN_POINT('',(6.28318530718,0.));
#10744 = CARTESIAN_POINT('',(6.28318530718,-0.28));
#10745 = ( GEOMETRIC_REPRESENTATION_CONTEXT(2) 
PARAMETRIC_REPRESENTATION_CONTEXT() REPRESENTATION_CONTEXT('2D SPACE',''
  ) );
#10746 = ORIENTED_EDGE('',*,*,#10696,.T.);
#10747 = ORIENTED_EDGE('',*,*,#10726,.T.);
#10748 = ORIENTED_EDGE('',*,*,#10749,.F.);
#10749 = EDGE_CURVE('',#10727,#10727,#10750,.T.);
#10750 = SURFACE_CURVE('',#10751,(#10756,#10763),.PCURVE_S1.);
#10751 = CIRCLE('',#10752,7.E-02);
#10752 = AXIS2_PLACEMENT_3D('',#10753,#10754,#10755);
#10753 = CARTESIAN_POINT('',(-22.86,2.54,-3.1));
#10754 = DIRECTION('',(0.,0.,1.));
#10755 = DIRECTION('',(1.,0.,0.));
#10756 = PCURVE('',#10711,#10757);
#10757 = DEFINITIONAL_REPRESENTATION('',(#10758),#10762);
#10758 = LINE('',#10759,#10760);
#10759 = CARTESIAN_POINT('',(0.,-0.28));
#10760 = VECTOR('',#10761,1.);
#10761 = DIRECTION('',(1.,-0.));
#10762 = ( GEOMETRIC_REPRESENTATION_CONTEXT(2) 
PARAMETRIC_REPRESENTATION_CONTEXT() REPRESENTATION_CONTEXT('2D SPACE',''
  ) );
#10763 = PCURVE('',#10764,#10769);
#10764 = PLANE('',#10765);
#10765 = AXIS2_PLACEMENT_3D('',#10766,#10767,#10768);
#10766 = CARTESIAN_POINT('',(-22.86,2.54,-3.1));
#10767 = DIRECTION('',(0.,0.,1.));
#10768 = DIRECTION('',(1.,0.,0.));
#10769 = DEFINITIONAL_REPRESENTATION('',(#10770),#10774);
#10770 = CIRCLE('',#10771,7.E-02);
#10771 = AXIS2_PLACEMENT_2D('',#10772,#10773);
#10772 = CARTESIAN_POINT('',(0.,0.));
#10773 = DIRECTION('',(1.,0.));
#10774 = ( GEOMETRIC_REPRESENTATION_CONTEXT(2) 
PARAMETRIC_REPRESENTATION_CONTEXT() REPRESENTATION_CONTEXT('2D SPACE',''
  ) );
#10775 = ADVANCED_FACE('',(#10776),#10683,.T.);
#10776 = FACE_BOUND('',#10777,.T.);
#10777 = EDGE_LOOP('',(#10778));
#10778 = ORIENTED_EDGE('',*,*,#10668,.T.);
#10779 = ADVANCED_FACE('',(#10780),#10764,.F.);
#10780 = FACE_BOUND('',#10781,.F.);
#10781 = EDGE_LOOP('',(#10782));
#10782 = ORIENTED_EDGE('',*,*,#10749,.T.);
#10783 = MANIFOLD_SOLID_BREP('',#10784);
#10784 = CLOSED_SHELL('',(#10785,#10873,#10926,#10930));
#10785 = ADVANCED_FACE('',(#10786),#10800,.T.);
#10786 = FACE_BOUND('',#10787,.T.);
#10787 = EDGE_LOOP('',(#10788,#10818,#10845,#10846));
#10788 = ORIENTED_EDGE('',*,*,#10789,.T.);
#10789 = EDGE_CURVE('',#10790,#10792,#10794,.T.);
#10790 = VERTEX_POINT('',#10791);
#10791 = CARTESIAN_POINT('',(-25.05,0.,-2.82));
#10792 = VERTEX_POINT('',#10793);
#10793 = CARTESIAN_POINT('',(-25.05,-8.572527594031E-17,1.44));
#10794 = SEAM_CURVE('',#10795,(#10799,#10811),.PCURVE_S1.);
#10795 = LINE('',#10796,#10797);
#10796 = CARTESIAN_POINT('',(-25.05,-8.572527594031E-17,-3.1));
#10797 = VECTOR('',#10798,1.);
#10798 = DIRECTION('',(0.,0.,1.));
#10799 = PCURVE('',#10800,#10805);
#10800 = CYLINDRICAL_SURFACE('',#10801,0.35);
#10801 = AXIS2_PLACEMENT_3D('',#10802,#10803,#10804);
#10802 = CARTESIAN_POINT('',(-25.4,0.,-3.1));
#10803 = DIRECTION('',(0.,0.,1.));
#10804 = DIRECTION('',(1.,0.,0.));
#10805 = DEFINITIONAL_REPRESENTATION('',(#10806),#10810);
#10806 = LINE('',#10807,#10808);
#10807 = CARTESIAN_POINT('',(6.28318530718,-0.));
#10808 = VECTOR('',#10809,1.);
#10809 = DIRECTION('',(0.,1.));
#10810 = ( GEOMETRIC_REPRESENTATION_CONTEXT(2) 
PARAMETRIC_REPRESENTATION_CONTEXT() REPRESENTATION_CONTEXT('2D SPACE',''
  ) );
#10811 = PCURVE('',#10800,#10812);
#10812 = DEFINITIONAL_REPRESENTATION('',(#10813),#10817);
#10813 = LINE('',#10814,#10815);
#10814 = CARTESIAN_POINT('',(0.,-0.));
#10815 = VECTOR('',#10816,1.);
#10816 = DIRECTION('',(0.,1.));
#10817 = ( GEOMETRIC_REPRESENTATION_CONTEXT(2) 
PARAMETRIC_REPRESENTATION_CONTEXT() REPRESENTATION_CONTEXT('2D SPACE',''
  ) );
#10818 = ORIENTED_EDGE('',*,*,#10819,.F.);
#10819 = EDGE_CURVE('',#10792,#10792,#10820,.T.);
#10820 = SURFACE_CURVE('',#10821,(#10826,#10833),.PCURVE_S1.);
#10821 = CIRCLE('',#10822,0.35);
#10822 = AXIS2_PLACEMENT_3D('',#10823,#10824,#10825);
#10823 = CARTESIAN_POINT('',(-25.4,0.,1.44));
#10824 = DIRECTION('',(0.,0.,1.));
#10825 = DIRECTION('',(1.,0.,0.));
#10826 = PCURVE('',#10800,#10827);
#10827 = DEFINITIONAL_REPRESENTATION('',(#10828),#10832);
#10828 = LINE('',#10829,#10830);
#10829 = CARTESIAN_POINT('',(0.,4.54));
#10830 = VECTOR('',#10831,1.);
#10831 = DIRECTION('',(1.,0.));
#10832 = ( GEOMETRIC_REPRESENTATION_CONTEXT(2) 
PARAMETRIC_REPRESENTATION_CONTEXT() REPRESENTATION_CONTEXT('2D SPACE',''
  ) );
#10833 = PCURVE('',#10834,#10839);
#10834 = PLANE('',#10835);
#10835 = AXIS2_PLACEMENT_3D('',#10836,#10837,#10838);
#10836 = CARTESIAN_POINT('',(-25.4,0.,1.44));
#10837 = DIRECTION('',(0.,0.,1.));
#10838 = DIRECTION('',(1.,0.,0.));
#10839 = DEFINITIONAL_REPRESENTATION('',(#10840),#10844);
#10840 = CIRCLE('',#10841,0.35);
#10841 = AXIS2_PLACEMENT_2D('',#10842,#10843);
#10842 = CARTESIAN_POINT('',(0.,0.));
#10843 = DIRECTION('',(1.,0.));
#10844 = ( GEOMETRIC_REPRESENTATION_CONTEXT(2) 
PARAMETRIC_REPRESENTATION_CONTEXT() REPRESENTATION_CONTEXT('2D SPACE',''
  ) );
#10845 = ORIENTED_EDGE('',*,*,#10789,.F.);
#10846 = ORIENTED_EDGE('',*,*,#10847,.T.);
#10847 = EDGE_CURVE('',#10790,#10790,#10848,.T.);
#10848 = SURFACE_CURVE('',#10849,(#10854,#10861),.PCURVE_S1.);
#10849 = CIRCLE('',#10850,0.35);
#10850 = AXIS2_PLACEMENT_3D('',#10851,#10852,#10853);
#10851 = CARTESIAN_POINT('',(-25.4,0.,-2.82));
#10852 = DIRECTION('',(0.,0.,1.));
#10853 = DIRECTION('',(1.,0.,0.));
#10854 = PCURVE('',#10800,#10855);
#10855 = DEFINITIONAL_REPRESENTATION('',(#10856),#10860);
#10856 = LINE('',#10857,#10858);
#10857 = CARTESIAN_POINT('',(0.,0.28));
#10858 = VECTOR('',#10859,1.);
#10859 = DIRECTION('',(1.,0.));
#10860 = ( GEOMETRIC_REPRESENTATION_CONTEXT(2) 
PARAMETRIC_REPRESENTATION_CONTEXT() REPRESENTATION_CONTEXT('2D SPACE',''
  ) );
#10861 = PCURVE('',#10862,#10867);
#10862 = CONICAL_SURFACE('',#10863,0.35,0.785398163397);
#10863 = AXIS2_PLACEMENT_3D('',#10864,#10865,#10866);
#10864 = CARTESIAN_POINT('',(-25.4,0.,-2.82));
#10865 = DIRECTION('',(0.,0.,1.));
#10866 = DIRECTION('',(1.,0.,0.));
#10867 = DEFINITIONAL_REPRESENTATION('',(#10868),#10872);
#10868 = LINE('',#10869,#10870);
#10869 = CARTESIAN_POINT('',(0.,-0.));
#10870 = VECTOR('',#10871,1.);
#10871 = DIRECTION('',(1.,-0.));
#10872 = ( GEOMETRIC_REPRESENTATION_CONTEXT(2) 
PARAMETRIC_REPRESENTATION_CONTEXT() REPRESENTATION_CONTEXT('2D SPACE',''
  ) );
#10873 = ADVANCED_FACE('',(#10874),#10862,.T.);
#10874 = FACE_BOUND('',#10875,.F.);
#10875 = EDGE_LOOP('',(#10876,#10897,#10898,#10899));
#10876 = ORIENTED_EDGE('',*,*,#10877,.F.);
#10877 = EDGE_CURVE('',#10790,#10878,#10880,.T.);
#10878 = VERTEX_POINT('',#10879);
#10879 = CARTESIAN_POINT('',(-25.33,0.,-3.1));
#10880 = SEAM_CURVE('',#10881,(#10885,#10891),.PCURVE_S1.);
#10881 = LINE('',#10882,#10883);
#10882 = CARTESIAN_POINT('',(-25.05,0.,-2.82));
#10883 = VECTOR('',#10884,1.);
#10884 = DIRECTION('',(-0.707106781187,-0.,-0.707106781187));
#10885 = PCURVE('',#10862,#10886);
#10886 = DEFINITIONAL_REPRESENTATION('',(#10887),#10890);
#10887 = B_SPLINE_CURVE_WITH_KNOTS('',1,(#10888,#10889),.UNSPECIFIED.,
  .F.,.F.,(2,2),(0.,0.395979797464),.PIECEWISE_BEZIER_KNOTS.);
#10888 = CARTESIAN_POINT('',(0.,0.));
#10889 = CARTESIAN_POINT('',(0.,-0.28));
#10890 = ( GEOMETRIC_REPRESENTATION_CONTEXT(2) 
PARAMETRIC_REPRESENTATION_CONTEXT() REPRESENTATION_CONTEXT('2D SPACE',''
  ) );
#10891 = PCURVE('',#10862,#10892);
#10892 = DEFINITIONAL_REPRESENTATION('',(#10893),#10896);
#10893 = B_SPLINE_CURVE_WITH_KNOTS('',1,(#10894,#10895),.UNSPECIFIED.,
  .F.,.F.,(2,2),(0.,0.395979797464),.PIECEWISE_BEZIER_KNOTS.);
#10894 = CARTESIAN_POINT('',(6.28318530718,0.));
#10895 = CARTESIAN_POINT('',(6.28318530718,-0.28));
#10896 = ( GEOMETRIC_REPRESENTATION_CONTEXT(2) 
PARAMETRIC_REPRESENTATION_CONTEXT() REPRESENTATION_CONTEXT('2D SPACE',''
  ) );
#10897 = ORIENTED_EDGE('',*,*,#10847,.T.);
#10898 = ORIENTED_EDGE('',*,*,#10877,.T.);
#10899 = ORIENTED_EDGE('',*,*,#10900,.F.);
#10900 = EDGE_CURVE('',#10878,#10878,#10901,.T.);
#10901 = SURFACE_CURVE('',#10902,(#10907,#10914),.PCURVE_S1.);
#10902 = CIRCLE('',#10903,7.E-02);
#10903 = AXIS2_PLACEMENT_3D('',#10904,#10905,#10906);
#10904 = CARTESIAN_POINT('',(-25.4,0.,-3.1));
#10905 = DIRECTION('',(0.,0.,1.));
#10906 = DIRECTION('',(1.,0.,0.));
#10907 = PCURVE('',#10862,#10908);
#10908 = DEFINITIONAL_REPRESENTATION('',(#10909),#10913);
#10909 = LINE('',#10910,#10911);
#10910 = CARTESIAN_POINT('',(0.,-0.28));
#10911 = VECTOR('',#10912,1.);
#10912 = DIRECTION('',(1.,-0.));
#10913 = ( GEOMETRIC_REPRESENTATION_CONTEXT(2) 
PARAMETRIC_REPRESENTATION_CONTEXT() REPRESENTATION_CONTEXT('2D SPACE',''
  ) );
#10914 = PCURVE('',#10915,#10920);
#10915 = PLANE('',#10916);
#10916 = AXIS2_PLACEMENT_3D('',#10917,#10918,#10919);
#10917 = CARTESIAN_POINT('',(-25.4,0.,-3.1));
#10918 = DIRECTION('',(0.,0.,1.));
#10919 = DIRECTION('',(1.,0.,0.));
#10920 = DEFINITIONAL_REPRESENTATION('',(#10921),#10925);
#10921 = CIRCLE('',#10922,7.E-02);
#10922 = AXIS2_PLACEMENT_2D('',#10923,#10924);
#10923 = CARTESIAN_POINT('',(0.,0.));
#10924 = DIRECTION('',(1.,0.));
#10925 = ( GEOMETRIC_REPRESENTATION_CONTEXT(2) 
PARAMETRIC_REPRESENTATION_CONTEXT() REPRESENTATION_CONTEXT('2D SPACE',''
  ) );
#10926 = ADVANCED_FACE('',(#10927),#10834,.T.);
#10927 = FACE_BOUND('',#10928,.T.);
#10928 = EDGE_LOOP('',(#10929));
#10929 = ORIENTED_EDGE('',*,*,#10819,.T.);
#10930 = ADVANCED_FACE('',(#10931),#10915,.F.);
#10931 = FACE_BOUND('',#10932,.F.);
#10932 = EDGE_LOOP('',(#10933));
#10933 = ORIENTED_EDGE('',*,*,#10900,.T.);
#10934 = MANIFOLD_SOLID_BREP('',#10935);
#10935 = CLOSED_SHELL('',(#10936,#11024,#11077,#11081));
#10936 = ADVANCED_FACE('',(#10937),#10951,.T.);
#10937 = FACE_BOUND('',#10938,.T.);
#10938 = EDGE_LOOP('',(#10939,#10969,#10996,#10997));
#10939 = ORIENTED_EDGE('',*,*,#10940,.T.);
#10940 = EDGE_CURVE('',#10941,#10943,#10945,.T.);
#10941 = VERTEX_POINT('',#10942);
#10942 = CARTESIAN_POINT('',(-25.05,2.54,-2.82));
#10943 = VERTEX_POINT('',#10944);
#10944 = CARTESIAN_POINT('',(-25.05,2.54,1.44));
#10945 = SEAM_CURVE('',#10946,(#10950,#10962),.PCURVE_S1.);
#10946 = LINE('',#10947,#10948);
#10947 = CARTESIAN_POINT('',(-25.05,2.54,-3.1));
#10948 = VECTOR('',#10949,1.);
#10949 = DIRECTION('',(0.,0.,1.));
#10950 = PCURVE('',#10951,#10956);
#10951 = CYLINDRICAL_SURFACE('',#10952,0.35);
#10952 = AXIS2_PLACEMENT_3D('',#10953,#10954,#10955);
#10953 = CARTESIAN_POINT('',(-25.4,2.54,-3.1));
#10954 = DIRECTION('',(0.,0.,1.));
#10955 = DIRECTION('',(1.,0.,0.));
#10956 = DEFINITIONAL_REPRESENTATION('',(#10957),#10961);
#10957 = LINE('',#10958,#10959);
#10958 = CARTESIAN_POINT('',(6.28318530718,-0.));
#10959 = VECTOR('',#10960,1.);
#10960 = DIRECTION('',(0.,1.));
#10961 = ( GEOMETRIC_REPRESENTATION_CONTEXT(2) 
PARAMETRIC_REPRESENTATION_CONTEXT() REPRESENTATION_CONTEXT('2D SPACE',''
  ) );
#10962 = PCURVE('',#10951,#10963);
#10963 = DEFINITIONAL_REPRESENTATION('',(#10964),#10968);
#10964 = LINE('',#10965,#10966);
#10965 = CARTESIAN_POINT('',(0.,-0.));
#10966 = VECTOR('',#10967,1.);
#10967 = DIRECTION('',(0.,1.));
#10968 = ( GEOMETRIC_REPRESENTATION_CONTEXT(2) 
PARAMETRIC_REPRESENTATION_CONTEXT() REPRESENTATION_CONTEXT('2D SPACE',''
  ) );
#10969 = ORIENTED_EDGE('',*,*,#10970,.F.);
#10970 = EDGE_CURVE('',#10943,#10943,#10971,.T.);
#10971 = SURFACE_CURVE('',#10972,(#10977,#10984),.PCURVE_S1.);
#10972 = CIRCLE('',#10973,0.35);
#10973 = AXIS2_PLACEMENT_3D('',#10974,#10975,#10976);
#10974 = CARTESIAN_POINT('',(-25.4,2.54,1.44));
#10975 = DIRECTION('',(0.,0.,1.));
#10976 = DIRECTION('',(1.,0.,0.));
#10977 = PCURVE('',#10951,#10978);
#10978 = DEFINITIONAL_REPRESENTATION('',(#10979),#10983);
#10979 = LINE('',#10980,#10981);
#10980 = CARTESIAN_POINT('',(0.,4.54));
#10981 = VECTOR('',#10982,1.);
#10982 = DIRECTION('',(1.,0.));
#10983 = ( GEOMETRIC_REPRESENTATION_CONTEXT(2) 
PARAMETRIC_REPRESENTATION_CONTEXT() REPRESENTATION_CONTEXT('2D SPACE',''
  ) );
#10984 = PCURVE('',#10985,#10990);
#10985 = PLANE('',#10986);
#10986 = AXIS2_PLACEMENT_3D('',#10987,#10988,#10989);
#10987 = CARTESIAN_POINT('',(-25.4,2.54,1.44));
#10988 = DIRECTION('',(0.,0.,1.));
#10989 = DIRECTION('',(1.,0.,0.));
#10990 = DEFINITIONAL_REPRESENTATION('',(#10991),#10995);
#10991 = CIRCLE('',#10992,0.35);
#10992 = AXIS2_PLACEMENT_2D('',#10993,#10994);
#10993 = CARTESIAN_POINT('',(0.,0.));
#10994 = DIRECTION('',(1.,0.));
#10995 = ( GEOMETRIC_REPRESENTATION_CONTEXT(2) 
PARAMETRIC_REPRESENTATION_CONTEXT() REPRESENTATION_CONTEXT('2D SPACE',''
  ) );
#10996 = ORIENTED_EDGE('',*,*,#10940,.F.);
#10997 = ORIENTED_EDGE('',*,*,#10998,.T.);
#10998 = EDGE_CURVE('',#10941,#10941,#10999,.T.);
#10999 = SURFACE_CURVE('',#11000,(#11005,#11012),.PCURVE_S1.);
#11000 = CIRCLE('',#11001,0.35);
#11001 = AXIS2_PLACEMENT_3D('',#11002,#11003,#11004);
#11002 = CARTESIAN_POINT('',(-25.4,2.54,-2.82));
#11003 = DIRECTION('',(0.,0.,1.));
#11004 = DIRECTION('',(1.,0.,0.));
#11005 = PCURVE('',#10951,#11006);
#11006 = DEFINITIONAL_REPRESENTATION('',(#11007),#11011);
#11007 = LINE('',#11008,#11009);
#11008 = CARTESIAN_POINT('',(0.,0.28));
#11009 = VECTOR('',#11010,1.);
#11010 = DIRECTION('',(1.,0.));
#11011 = ( GEOMETRIC_REPRESENTATION_CONTEXT(2) 
PARAMETRIC_REPRESENTATION_CONTEXT() REPRESENTATION_CONTEXT('2D SPACE',''
  ) );
#11012 = PCURVE('',#11013,#11018);
#11013 = CONICAL_SURFACE('',#11014,0.35,0.785398163397);
#11014 = AXIS2_PLACEMENT_3D('',#11015,#11016,#11017);
#11015 = CARTESIAN_POINT('',(-25.4,2.54,-2.82));
#11016 = DIRECTION('',(0.,0.,1.));
#11017 = DIRECTION('',(1.,0.,0.));
#11018 = DEFINITIONAL_REPRESENTATION('',(#11019),#11023);
#11019 = LINE('',#11020,#11021);
#11020 = CARTESIAN_POINT('',(0.,-0.));
#11021 = VECTOR('',#11022,1.);
#11022 = DIRECTION('',(1.,-0.));
#11023 = ( GEOMETRIC_REPRESENTATION_CONTEXT(2) 
PARAMETRIC_REPRESENTATION_CONTEXT() REPRESENTATION_CONTEXT('2D SPACE',''
  ) );
#11024 = ADVANCED_FACE('',(#11025),#11013,.T.);
#11025 = FACE_BOUND('',#11026,.F.);
#11026 = EDGE_LOOP('',(#11027,#11048,#11049,#11050));
#11027 = ORIENTED_EDGE('',*,*,#11028,.F.);
#11028 = EDGE_CURVE('',#10941,#11029,#11031,.T.);
#11029 = VERTEX_POINT('',#11030);
#11030 = CARTESIAN_POINT('',(-25.33,2.54,-3.1));
#11031 = SEAM_CURVE('',#11032,(#11036,#11042),.PCURVE_S1.);
#11032 = LINE('',#11033,#11034);
#11033 = CARTESIAN_POINT('',(-25.05,2.54,-2.82));
#11034 = VECTOR('',#11035,1.);
#11035 = DIRECTION('',(-0.707106781187,-0.,-0.707106781187));
#11036 = PCURVE('',#11013,#11037);
#11037 = DEFINITIONAL_REPRESENTATION('',(#11038),#11041);
#11038 = B_SPLINE_CURVE_WITH_KNOTS('',1,(#11039,#11040),.UNSPECIFIED.,
  .F.,.F.,(2,2),(0.,0.395979797464),.PIECEWISE_BEZIER_KNOTS.);
#11039 = CARTESIAN_POINT('',(0.,0.));
#11040 = CARTESIAN_POINT('',(0.,-0.28));
#11041 = ( GEOMETRIC_REPRESENTATION_CONTEXT(2) 
PARAMETRIC_REPRESENTATION_CONTEXT() REPRESENTATION_CONTEXT('2D SPACE',''
  ) );
#11042 = PCURVE('',#11013,#11043);
#11043 = DEFINITIONAL_REPRESENTATION('',(#11044),#11047);
#11044 = B_SPLINE_CURVE_WITH_KNOTS('',1,(#11045,#11046),.UNSPECIFIED.,
  .F.,.F.,(2,2),(0.,0.395979797464),.PIECEWISE_BEZIER_KNOTS.);
#11045 = CARTESIAN_POINT('',(6.28318530718,0.));
#11046 = CARTESIAN_POINT('',(6.28318530718,-0.28));
#11047 = ( GEOMETRIC_REPRESENTATION_CONTEXT(2) 
PARAMETRIC_REPRESENTATION_CONTEXT() REPRESENTATION_CONTEXT('2D SPACE',''
  ) );
#11048 = ORIENTED_EDGE('',*,*,#10998,.T.);
#11049 = ORIENTED_EDGE('',*,*,#11028,.T.);
#11050 = ORIENTED_EDGE('',*,*,#11051,.F.);
#11051 = EDGE_CURVE('',#11029,#11029,#11052,.T.);
#11052 = SURFACE_CURVE('',#11053,(#11058,#11065),.PCURVE_S1.);
#11053 = CIRCLE('',#11054,7.E-02);
#11054 = AXIS2_PLACEMENT_3D('',#11055,#11056,#11057);
#11055 = CARTESIAN_POINT('',(-25.4,2.54,-3.1));
#11056 = DIRECTION('',(0.,0.,1.));
#11057 = DIRECTION('',(1.,0.,0.));
#11058 = PCURVE('',#11013,#11059);
#11059 = DEFINITIONAL_REPRESENTATION('',(#11060),#11064);
#11060 = LINE('',#11061,#11062);
#11061 = CARTESIAN_POINT('',(0.,-0.28));
#11062 = VECTOR('',#11063,1.);
#11063 = DIRECTION('',(1.,-0.));
#11064 = ( GEOMETRIC_REPRESENTATION_CONTEXT(2) 
PARAMETRIC_REPRESENTATION_CONTEXT() REPRESENTATION_CONTEXT('2D SPACE',''
  ) );
#11065 = PCURVE('',#11066,#11071);
#11066 = PLANE('',#11067);
#11067 = AXIS2_PLACEMENT_3D('',#11068,#11069,#11070);
#11068 = CARTESIAN_POINT('',(-25.4,2.54,-3.1));
#11069 = DIRECTION('',(0.,0.,1.));
#11070 = DIRECTION('',(1.,0.,0.));
#11071 = DEFINITIONAL_REPRESENTATION('',(#11072),#11076);
#11072 = CIRCLE('',#11073,7.E-02);
#11073 = AXIS2_PLACEMENT_2D('',#11074,#11075);
#11074 = CARTESIAN_POINT('',(0.,0.));
#11075 = DIRECTION('',(1.,0.));
#11076 = ( GEOMETRIC_REPRESENTATION_CONTEXT(2) 
PARAMETRIC_REPRESENTATION_CONTEXT() REPRESENTATION_CONTEXT('2D SPACE',''
  ) );
#11077 = ADVANCED_FACE('',(#11078),#10985,.T.);
#11078 = FACE_BOUND('',#11079,.T.);
#11079 = EDGE_LOOP('',(#11080));
#11080 = ORIENTED_EDGE('',*,*,#10970,.T.);
#11081 = ADVANCED_FACE('',(#11082),#11066,.F.);
#11082 = FACE_BOUND('',#11083,.F.);
#11083 = EDGE_LOOP('',(#11084));
#11084 = ORIENTED_EDGE('',*,*,#11051,.T.);
#11085 = MANIFOLD_SOLID_BREP('',#11086);
#11086 = CLOSED_SHELL('',(#11087,#11175,#11228,#11232));
#11087 = ADVANCED_FACE('',(#11088),#11102,.T.);
#11088 = FACE_BOUND('',#11089,.T.);
#11089 = EDGE_LOOP('',(#11090,#11120,#11147,#11148));
#11090 = ORIENTED_EDGE('',*,*,#11091,.T.);
#11091 = EDGE_CURVE('',#11092,#11094,#11096,.T.);
#11092 = VERTEX_POINT('',#11093);
#11093 = CARTESIAN_POINT('',(-27.59,0.,-2.82));
#11094 = VERTEX_POINT('',#11095);
#11095 = CARTESIAN_POINT('',(-27.59,-8.572527594031E-17,1.44));
#11096 = SEAM_CURVE('',#11097,(#11101,#11113),.PCURVE_S1.);
#11097 = LINE('',#11098,#11099);
#11098 = CARTESIAN_POINT('',(-27.59,-8.572527594031E-17,-3.1));
#11099 = VECTOR('',#11100,1.);
#11100 = DIRECTION('',(0.,0.,1.));
#11101 = PCURVE('',#11102,#11107);
#11102 = CYLINDRICAL_SURFACE('',#11103,0.35);
#11103 = AXIS2_PLACEMENT_3D('',#11104,#11105,#11106);
#11104 = CARTESIAN_POINT('',(-27.94,0.,-3.1));
#11105 = DIRECTION('',(0.,0.,1.));
#11106 = DIRECTION('',(1.,0.,0.));
#11107 = DEFINITIONAL_REPRESENTATION('',(#11108),#11112);
#11108 = LINE('',#11109,#11110);
#11109 = CARTESIAN_POINT('',(6.28318530718,-0.));
#11110 = VECTOR('',#11111,1.);
#11111 = DIRECTION('',(0.,1.));
#11112 = ( GEOMETRIC_REPRESENTATION_CONTEXT(2) 
PARAMETRIC_REPRESENTATION_CONTEXT() REPRESENTATION_CONTEXT('2D SPACE',''
  ) );
#11113 = PCURVE('',#11102,#11114);
#11114 = DEFINITIONAL_REPRESENTATION('',(#11115),#11119);
#11115 = LINE('',#11116,#11117);
#11116 = CARTESIAN_POINT('',(0.,-0.));
#11117 = VECTOR('',#11118,1.);
#11118 = DIRECTION('',(0.,1.));
#11119 = ( GEOMETRIC_REPRESENTATION_CONTEXT(2) 
PARAMETRIC_REPRESENTATION_CONTEXT() REPRESENTATION_CONTEXT('2D SPACE',''
  ) );
#11120 = ORIENTED_EDGE('',*,*,#11121,.F.);
#11121 = EDGE_CURVE('',#11094,#11094,#11122,.T.);
#11122 = SURFACE_CURVE('',#11123,(#11128,#11135),.PCURVE_S1.);
#11123 = CIRCLE('',#11124,0.35);
#11124 = AXIS2_PLACEMENT_3D('',#11125,#11126,#11127);
#11125 = CARTESIAN_POINT('',(-27.94,0.,1.44));
#11126 = DIRECTION('',(0.,0.,1.));
#11127 = DIRECTION('',(1.,0.,0.));
#11128 = PCURVE('',#11102,#11129);
#11129 = DEFINITIONAL_REPRESENTATION('',(#11130),#11134);
#11130 = LINE('',#11131,#11132);
#11131 = CARTESIAN_POINT('',(0.,4.54));
#11132 = VECTOR('',#11133,1.);
#11133 = DIRECTION('',(1.,0.));
#11134 = ( GEOMETRIC_REPRESENTATION_CONTEXT(2) 
PARAMETRIC_REPRESENTATION_CONTEXT() REPRESENTATION_CONTEXT('2D SPACE',''
  ) );
#11135 = PCURVE('',#11136,#11141);
#11136 = PLANE('',#11137);
#11137 = AXIS2_PLACEMENT_3D('',#11138,#11139,#11140);
#11138 = CARTESIAN_POINT('',(-27.94,0.,1.44));
#11139 = DIRECTION('',(0.,0.,1.));
#11140 = DIRECTION('',(1.,0.,0.));
#11141 = DEFINITIONAL_REPRESENTATION('',(#11142),#11146);
#11142 = CIRCLE('',#11143,0.35);
#11143 = AXIS2_PLACEMENT_2D('',#11144,#11145);
#11144 = CARTESIAN_POINT('',(0.,0.));
#11145 = DIRECTION('',(1.,0.));
#11146 = ( GEOMETRIC_REPRESENTATION_CONTEXT(2) 
PARAMETRIC_REPRESENTATION_CONTEXT() REPRESENTATION_CONTEXT('2D SPACE',''
  ) );
#11147 = ORIENTED_EDGE('',*,*,#11091,.F.);
#11148 = ORIENTED_EDGE('',*,*,#11149,.T.);
#11149 = EDGE_CURVE('',#11092,#11092,#11150,.T.);
#11150 = SURFACE_CURVE('',#11151,(#11156,#11163),.PCURVE_S1.);
#11151 = CIRCLE('',#11152,0.35);
#11152 = AXIS2_PLACEMENT_3D('',#11153,#11154,#11155);
#11153 = CARTESIAN_POINT('',(-27.94,0.,-2.82));
#11154 = DIRECTION('',(0.,0.,1.));
#11155 = DIRECTION('',(1.,0.,0.));
#11156 = PCURVE('',#11102,#11157);
#11157 = DEFINITIONAL_REPRESENTATION('',(#11158),#11162);
#11158 = LINE('',#11159,#11160);
#11159 = CARTESIAN_POINT('',(0.,0.28));
#11160 = VECTOR('',#11161,1.);
#11161 = DIRECTION('',(1.,0.));
#11162 = ( GEOMETRIC_REPRESENTATION_CONTEXT(2) 
PARAMETRIC_REPRESENTATION_CONTEXT() REPRESENTATION_CONTEXT('2D SPACE',''
  ) );
#11163 = PCURVE('',#11164,#11169);
#11164 = CONICAL_SURFACE('',#11165,0.35,0.785398163397);
#11165 = AXIS2_PLACEMENT_3D('',#11166,#11167,#11168);
#11166 = CARTESIAN_POINT('',(-27.94,0.,-2.82));
#11167 = DIRECTION('',(0.,0.,1.));
#11168 = DIRECTION('',(1.,0.,0.));
#11169 = DEFINITIONAL_REPRESENTATION('',(#11170),#11174);
#11170 = LINE('',#11171,#11172);
#11171 = CARTESIAN_POINT('',(0.,-0.));
#11172 = VECTOR('',#11173,1.);
#11173 = DIRECTION('',(1.,-0.));
#11174 = ( GEOMETRIC_REPRESENTATION_CONTEXT(2) 
PARAMETRIC_REPRESENTATION_CONTEXT() REPRESENTATION_CONTEXT('2D SPACE',''
  ) );
#11175 = ADVANCED_FACE('',(#11176),#11164,.T.);
#11176 = FACE_BOUND('',#11177,.F.);
#11177 = EDGE_LOOP('',(#11178,#11199,#11200,#11201));
#11178 = ORIENTED_EDGE('',*,*,#11179,.F.);
#11179 = EDGE_CURVE('',#11092,#11180,#11182,.T.);
#11180 = VERTEX_POINT('',#11181);
#11181 = CARTESIAN_POINT('',(-27.87,0.,-3.1));
#11182 = SEAM_CURVE('',#11183,(#11187,#11193),.PCURVE_S1.);
#11183 = LINE('',#11184,#11185);
#11184 = CARTESIAN_POINT('',(-27.59,0.,-2.82));
#11185 = VECTOR('',#11186,1.);
#11186 = DIRECTION('',(-0.707106781187,-0.,-0.707106781187));
#11187 = PCURVE('',#11164,#11188);
#11188 = DEFINITIONAL_REPRESENTATION('',(#11189),#11192);
#11189 = B_SPLINE_CURVE_WITH_KNOTS('',1,(#11190,#11191),.UNSPECIFIED.,
  .F.,.F.,(2,2),(0.,0.395979797464),.PIECEWISE_BEZIER_KNOTS.);
#11190 = CARTESIAN_POINT('',(0.,0.));
#11191 = CARTESIAN_POINT('',(0.,-0.28));
#11192 = ( GEOMETRIC_REPRESENTATION_CONTEXT(2) 
PARAMETRIC_REPRESENTATION_CONTEXT() REPRESENTATION_CONTEXT('2D SPACE',''
  ) );
#11193 = PCURVE('',#11164,#11194);
#11194 = DEFINITIONAL_REPRESENTATION('',(#11195),#11198);
#11195 = B_SPLINE_CURVE_WITH_KNOTS('',1,(#11196,#11197),.UNSPECIFIED.,
  .F.,.F.,(2,2),(0.,0.395979797464),.PIECEWISE_BEZIER_KNOTS.);
#11196 = CARTESIAN_POINT('',(6.28318530718,0.));
#11197 = CARTESIAN_POINT('',(6.28318530718,-0.28));
#11198 = ( GEOMETRIC_REPRESENTATION_CONTEXT(2) 
PARAMETRIC_REPRESENTATION_CONTEXT() REPRESENTATION_CONTEXT('2D SPACE',''
  ) );
#11199 = ORIENTED_EDGE('',*,*,#11149,.T.);
#11200 = ORIENTED_EDGE('',*,*,#11179,.T.);
#11201 = ORIENTED_EDGE('',*,*,#11202,.F.);
#11202 = EDGE_CURVE('',#11180,#11180,#11203,.T.);
#11203 = SURFACE_CURVE('',#11204,(#11209,#11216),.PCURVE_S1.);
#11204 = CIRCLE('',#11205,7.E-02);
#11205 = AXIS2_PLACEMENT_3D('',#11206,#11207,#11208);
#11206 = CARTESIAN_POINT('',(-27.94,0.,-3.1));
#11207 = DIRECTION('',(0.,0.,1.));
#11208 = DIRECTION('',(1.,0.,0.));
#11209 = PCURVE('',#11164,#11210);
#11210 = DEFINITIONAL_REPRESENTATION('',(#11211),#11215);
#11211 = LINE('',#11212,#11213);
#11212 = CARTESIAN_POINT('',(0.,-0.28));
#11213 = VECTOR('',#11214,1.);
#11214 = DIRECTION('',(1.,-0.));
#11215 = ( GEOMETRIC_REPRESENTATION_CONTEXT(2) 
PARAMETRIC_REPRESENTATION_CONTEXT() REPRESENTATION_CONTEXT('2D SPACE',''
  ) );
#11216 = PCURVE('',#11217,#11222);
#11217 = PLANE('',#11218);
#11218 = AXIS2_PLACEMENT_3D('',#11219,#11220,#11221);
#11219 = CARTESIAN_POINT('',(-27.94,0.,-3.1));
#11220 = DIRECTION('',(0.,0.,1.));
#11221 = DIRECTION('',(1.,0.,0.));
#11222 = DEFINITIONAL_REPRESENTATION('',(#11223),#11227);
#11223 = CIRCLE('',#11224,7.E-02);
#11224 = AXIS2_PLACEMENT_2D('',#11225,#11226);
#11225 = CARTESIAN_POINT('',(0.,0.));
#11226 = DIRECTION('',(1.,0.));
#11227 = ( GEOMETRIC_REPRESENTATION_CONTEXT(2) 
PARAMETRIC_REPRESENTATION_CONTEXT() REPRESENTATION_CONTEXT('2D SPACE',''
  ) );
#11228 = ADVANCED_FACE('',(#11229),#11136,.T.);
#11229 = FACE_BOUND('',#11230,.T.);
#11230 = EDGE_LOOP('',(#11231));
#11231 = ORIENTED_EDGE('',*,*,#11121,.T.);
#11232 = ADVANCED_FACE('',(#11233),#11217,.F.);
#11233 = FACE_BOUND('',#11234,.F.);
#11234 = EDGE_LOOP('',(#11235));
#11235 = ORIENTED_EDGE('',*,*,#11202,.T.);
#11236 = MANIFOLD_SOLID_BREP('',#11237);
#11237 = CLOSED_SHELL('',(#11238,#11326,#11379,#11383));
#11238 = ADVANCED_FACE('',(#11239),#11253,.T.);
#11239 = FACE_BOUND('',#11240,.T.);
#11240 = EDGE_LOOP('',(#11241,#11271,#11298,#11299));
#11241 = ORIENTED_EDGE('',*,*,#11242,.T.);
#11242 = EDGE_CURVE('',#11243,#11245,#11247,.T.);
#11243 = VERTEX_POINT('',#11244);
#11244 = CARTESIAN_POINT('',(-27.59,2.54,-2.82));
#11245 = VERTEX_POINT('',#11246);
#11246 = CARTESIAN_POINT('',(-27.59,2.54,1.44));
#11247 = SEAM_CURVE('',#11248,(#11252,#11264),.PCURVE_S1.);
#11248 = LINE('',#11249,#11250);
#11249 = CARTESIAN_POINT('',(-27.59,2.54,-3.1));
#11250 = VECTOR('',#11251,1.);
#11251 = DIRECTION('',(0.,0.,1.));
#11252 = PCURVE('',#11253,#11258);
#11253 = CYLINDRICAL_SURFACE('',#11254,0.35);
#11254 = AXIS2_PLACEMENT_3D('',#11255,#11256,#11257);
#11255 = CARTESIAN_POINT('',(-27.94,2.54,-3.1));
#11256 = DIRECTION('',(0.,0.,1.));
#11257 = DIRECTION('',(1.,0.,0.));
#11258 = DEFINITIONAL_REPRESENTATION('',(#11259),#11263);
#11259 = LINE('',#11260,#11261);
#11260 = CARTESIAN_POINT('',(6.28318530718,-0.));
#11261 = VECTOR('',#11262,1.);
#11262 = DIRECTION('',(0.,1.));
#11263 = ( GEOMETRIC_REPRESENTATION_CONTEXT(2) 
PARAMETRIC_REPRESENTATION_CONTEXT() REPRESENTATION_CONTEXT('2D SPACE',''
  ) );
#11264 = PCURVE('',#11253,#11265);
#11265 = DEFINITIONAL_REPRESENTATION('',(#11266),#11270);
#11266 = LINE('',#11267,#11268);
#11267 = CARTESIAN_POINT('',(0.,-0.));
#11268 = VECTOR('',#11269,1.);
#11269 = DIRECTION('',(0.,1.));
#11270 = ( GEOMETRIC_REPRESENTATION_CONTEXT(2) 
PARAMETRIC_REPRESENTATION_CONTEXT() REPRESENTATION_CONTEXT('2D SPACE',''
  ) );
#11271 = ORIENTED_EDGE('',*,*,#11272,.F.);
#11272 = EDGE_CURVE('',#11245,#11245,#11273,.T.);
#11273 = SURFACE_CURVE('',#11274,(#11279,#11286),.PCURVE_S1.);
#11274 = CIRCLE('',#11275,0.35);
#11275 = AXIS2_PLACEMENT_3D('',#11276,#11277,#11278);
#11276 = CARTESIAN_POINT('',(-27.94,2.54,1.44));
#11277 = DIRECTION('',(0.,0.,1.));
#11278 = DIRECTION('',(1.,0.,0.));
#11279 = PCURVE('',#11253,#11280);
#11280 = DEFINITIONAL_REPRESENTATION('',(#11281),#11285);
#11281 = LINE('',#11282,#11283);
#11282 = CARTESIAN_POINT('',(0.,4.54));
#11283 = VECTOR('',#11284,1.);
#11284 = DIRECTION('',(1.,0.));
#11285 = ( GEOMETRIC_REPRESENTATION_CONTEXT(2) 
PARAMETRIC_REPRESENTATION_CONTEXT() REPRESENTATION_CONTEXT('2D SPACE',''
  ) );
#11286 = PCURVE('',#11287,#11292);
#11287 = PLANE('',#11288);
#11288 = AXIS2_PLACEMENT_3D('',#11289,#11290,#11291);
#11289 = CARTESIAN_POINT('',(-27.94,2.54,1.44));
#11290 = DIRECTION('',(0.,0.,1.));
#11291 = DIRECTION('',(1.,0.,0.));
#11292 = DEFINITIONAL_REPRESENTATION('',(#11293),#11297);
#11293 = CIRCLE('',#11294,0.35);
#11294 = AXIS2_PLACEMENT_2D('',#11295,#11296);
#11295 = CARTESIAN_POINT('',(0.,0.));
#11296 = DIRECTION('',(1.,0.));
#11297 = ( GEOMETRIC_REPRESENTATION_CONTEXT(2) 
PARAMETRIC_REPRESENTATION_CONTEXT() REPRESENTATION_CONTEXT('2D SPACE',''
  ) );
#11298 = ORIENTED_EDGE('',*,*,#11242,.F.);
#11299 = ORIENTED_EDGE('',*,*,#11300,.T.);
#11300 = EDGE_CURVE('',#11243,#11243,#11301,.T.);
#11301 = SURFACE_CURVE('',#11302,(#11307,#11314),.PCURVE_S1.);
#11302 = CIRCLE('',#11303,0.35);
#11303 = AXIS2_PLACEMENT_3D('',#11304,#11305,#11306);
#11304 = CARTESIAN_POINT('',(-27.94,2.54,-2.82));
#11305 = DIRECTION('',(0.,0.,1.));
#11306 = DIRECTION('',(1.,0.,0.));
#11307 = PCURVE('',#11253,#11308);
#11308 = DEFINITIONAL_REPRESENTATION('',(#11309),#11313);
#11309 = LINE('',#11310,#11311);
#11310 = CARTESIAN_POINT('',(0.,0.28));
#11311 = VECTOR('',#11312,1.);
#11312 = DIRECTION('',(1.,0.));
#11313 = ( GEOMETRIC_REPRESENTATION_CONTEXT(2) 
PARAMETRIC_REPRESENTATION_CONTEXT() REPRESENTATION_CONTEXT('2D SPACE',''
  ) );
#11314 = PCURVE('',#11315,#11320);
#11315 = CONICAL_SURFACE('',#11316,0.35,0.785398163397);
#11316 = AXIS2_PLACEMENT_3D('',#11317,#11318,#11319);
#11317 = CARTESIAN_POINT('',(-27.94,2.54,-2.82));
#11318 = DIRECTION('',(0.,0.,1.));
#11319 = DIRECTION('',(1.,0.,0.));
#11320 = DEFINITIONAL_REPRESENTATION('',(#11321),#11325);
#11321 = LINE('',#11322,#11323);
#11322 = CARTESIAN_POINT('',(0.,-0.));
#11323 = VECTOR('',#11324,1.);
#11324 = DIRECTION('',(1.,-0.));
#11325 = ( GEOMETRIC_REPRESENTATION_CONTEXT(2) 
PARAMETRIC_REPRESENTATION_CONTEXT() REPRESENTATION_CONTEXT('2D SPACE',''
  ) );
#11326 = ADVANCED_FACE('',(#11327),#11315,.T.);
#11327 = FACE_BOUND('',#11328,.F.);
#11328 = EDGE_LOOP('',(#11329,#11350,#11351,#11352));
#11329 = ORIENTED_EDGE('',*,*,#11330,.F.);
#11330 = EDGE_CURVE('',#11243,#11331,#11333,.T.);
#11331 = VERTEX_POINT('',#11332);
#11332 = CARTESIAN_POINT('',(-27.87,2.54,-3.1));
#11333 = SEAM_CURVE('',#11334,(#11338,#11344),.PCURVE_S1.);
#11334 = LINE('',#11335,#11336);
#11335 = CARTESIAN_POINT('',(-27.59,2.54,-2.82));
#11336 = VECTOR('',#11337,1.);
#11337 = DIRECTION('',(-0.707106781187,-0.,-0.707106781187));
#11338 = PCURVE('',#11315,#11339);
#11339 = DEFINITIONAL_REPRESENTATION('',(#11340),#11343);
#11340 = B_SPLINE_CURVE_WITH_KNOTS('',1,(#11341,#11342),.UNSPECIFIED.,
  .F.,.F.,(2,2),(0.,0.395979797464),.PIECEWISE_BEZIER_KNOTS.);
#11341 = CARTESIAN_POINT('',(0.,0.));
#11342 = CARTESIAN_POINT('',(0.,-0.28));
#11343 = ( GEOMETRIC_REPRESENTATION_CONTEXT(2) 
PARAMETRIC_REPRESENTATION_CONTEXT() REPRESENTATION_CONTEXT('2D SPACE',''
  ) );
#11344 = PCURVE('',#11315,#11345);
#11345 = DEFINITIONAL_REPRESENTATION('',(#11346),#11349);
#11346 = B_SPLINE_CURVE_WITH_KNOTS('',1,(#11347,#11348),.UNSPECIFIED.,
  .F.,.F.,(2,2),(0.,0.395979797464),.PIECEWISE_BEZIER_KNOTS.);
#11347 = CARTESIAN_POINT('',(6.28318530718,0.));
#11348 = CARTESIAN_POINT('',(6.28318530718,-0.28));
#11349 = ( GEOMETRIC_REPRESENTATION_CONTEXT(2) 
PARAMETRIC_REPRESENTATION_CONTEXT() REPRESENTATION_CONTEXT('2D SPACE',''
  ) );
#11350 = ORIENTED_EDGE('',*,*,#11300,.T.);
#11351 = ORIENTED_EDGE('',*,*,#11330,.T.);
#11352 = ORIENTED_EDGE('',*,*,#11353,.F.);
#11353 = EDGE_CURVE('',#11331,#11331,#11354,.T.);
#11354 = SURFACE_CURVE('',#11355,(#11360,#11367),.PCURVE_S1.);
#11355 = CIRCLE('',#11356,7.E-02);
#11356 = AXIS2_PLACEMENT_3D('',#11357,#11358,#11359);
#11357 = CARTESIAN_POINT('',(-27.94,2.54,-3.1));
#11358 = DIRECTION('',(0.,0.,1.));
#11359 = DIRECTION('',(1.,0.,0.));
#11360 = PCURVE('',#11315,#11361);
#11361 = DEFINITIONAL_REPRESENTATION('',(#11362),#11366);
#11362 = LINE('',#11363,#11364);
#11363 = CARTESIAN_POINT('',(0.,-0.28));
#11364 = VECTOR('',#11365,1.);
#11365 = DIRECTION('',(1.,-0.));
#11366 = ( GEOMETRIC_REPRESENTATION_CONTEXT(2) 
PARAMETRIC_REPRESENTATION_CONTEXT() REPRESENTATION_CONTEXT('2D SPACE',''
  ) );
#11367 = PCURVE('',#11368,#11373);
#11368 = PLANE('',#11369);
#11369 = AXIS2_PLACEMENT_3D('',#11370,#11371,#11372);
#11370 = CARTESIAN_POINT('',(-27.94,2.54,-3.1));
#11371 = DIRECTION('',(0.,0.,1.));
#11372 = DIRECTION('',(1.,0.,0.));
#11373 = DEFINITIONAL_REPRESENTATION('',(#11374),#11378);
#11374 = CIRCLE('',#11375,7.E-02);
#11375 = AXIS2_PLACEMENT_2D('',#11376,#11377);
#11376 = CARTESIAN_POINT('',(0.,0.));
#11377 = DIRECTION('',(1.,0.));
#11378 = ( GEOMETRIC_REPRESENTATION_CONTEXT(2) 
PARAMETRIC_REPRESENTATION_CONTEXT() REPRESENTATION_CONTEXT('2D SPACE',''
  ) );
#11379 = ADVANCED_FACE('',(#11380),#11287,.T.);
#11380 = FACE_BOUND('',#11381,.T.);
#11381 = EDGE_LOOP('',(#11382));
#11382 = ORIENTED_EDGE('',*,*,#11272,.T.);
#11383 = ADVANCED_FACE('',(#11384),#11368,.F.);
#11384 = FACE_BOUND('',#11385,.F.);
#11385 = EDGE_LOOP('',(#11386));
#11386 = ORIENTED_EDGE('',*,*,#11353,.T.);
#11387 = MANIFOLD_SOLID_BREP('',#11388);
#11388 = CLOSED_SHELL('',(#11389,#11477,#11530,#11534));
#11389 = ADVANCED_FACE('',(#11390),#11404,.T.);
#11390 = FACE_BOUND('',#11391,.T.);
#11391 = EDGE_LOOP('',(#11392,#11422,#11449,#11450));
#11392 = ORIENTED_EDGE('',*,*,#11393,.T.);
#11393 = EDGE_CURVE('',#11394,#11396,#11398,.T.);
#11394 = VERTEX_POINT('',#11395);
#11395 = CARTESIAN_POINT('',(-30.13,0.,-2.82));
#11396 = VERTEX_POINT('',#11397);
#11397 = CARTESIAN_POINT('',(-30.13,-8.572527594031E-17,1.44));
#11398 = SEAM_CURVE('',#11399,(#11403,#11415),.PCURVE_S1.);
#11399 = LINE('',#11400,#11401);
#11400 = CARTESIAN_POINT('',(-30.13,-8.572527594031E-17,-3.1));
#11401 = VECTOR('',#11402,1.);
#11402 = DIRECTION('',(0.,0.,1.));
#11403 = PCURVE('',#11404,#11409);
#11404 = CYLINDRICAL_SURFACE('',#11405,0.35);
#11405 = AXIS2_PLACEMENT_3D('',#11406,#11407,#11408);
#11406 = CARTESIAN_POINT('',(-30.48,0.,-3.1));
#11407 = DIRECTION('',(0.,0.,1.));
#11408 = DIRECTION('',(1.,0.,0.));
#11409 = DEFINITIONAL_REPRESENTATION('',(#11410),#11414);
#11410 = LINE('',#11411,#11412);
#11411 = CARTESIAN_POINT('',(6.28318530718,-0.));
#11412 = VECTOR('',#11413,1.);
#11413 = DIRECTION('',(0.,1.));
#11414 = ( GEOMETRIC_REPRESENTATION_CONTEXT(2) 
PARAMETRIC_REPRESENTATION_CONTEXT() REPRESENTATION_CONTEXT('2D SPACE',''
  ) );
#11415 = PCURVE('',#11404,#11416);
#11416 = DEFINITIONAL_REPRESENTATION('',(#11417),#11421);
#11417 = LINE('',#11418,#11419);
#11418 = CARTESIAN_POINT('',(0.,-0.));
#11419 = VECTOR('',#11420,1.);
#11420 = DIRECTION('',(0.,1.));
#11421 = ( GEOMETRIC_REPRESENTATION_CONTEXT(2) 
PARAMETRIC_REPRESENTATION_CONTEXT() REPRESENTATION_CONTEXT('2D SPACE',''
  ) );
#11422 = ORIENTED_EDGE('',*,*,#11423,.F.);
#11423 = EDGE_CURVE('',#11396,#11396,#11424,.T.);
#11424 = SURFACE_CURVE('',#11425,(#11430,#11437),.PCURVE_S1.);
#11425 = CIRCLE('',#11426,0.35);
#11426 = AXIS2_PLACEMENT_3D('',#11427,#11428,#11429);
#11427 = CARTESIAN_POINT('',(-30.48,0.,1.44));
#11428 = DIRECTION('',(0.,0.,1.));
#11429 = DIRECTION('',(1.,0.,0.));
#11430 = PCURVE('',#11404,#11431);
#11431 = DEFINITIONAL_REPRESENTATION('',(#11432),#11436);
#11432 = LINE('',#11433,#11434);
#11433 = CARTESIAN_POINT('',(0.,4.54));
#11434 = VECTOR('',#11435,1.);
#11435 = DIRECTION('',(1.,0.));
#11436 = ( GEOMETRIC_REPRESENTATION_CONTEXT(2) 
PARAMETRIC_REPRESENTATION_CONTEXT() REPRESENTATION_CONTEXT('2D SPACE',''
  ) );
#11437 = PCURVE('',#11438,#11443);
#11438 = PLANE('',#11439);
#11439 = AXIS2_PLACEMENT_3D('',#11440,#11441,#11442);
#11440 = CARTESIAN_POINT('',(-30.48,0.,1.44));
#11441 = DIRECTION('',(0.,0.,1.));
#11442 = DIRECTION('',(1.,0.,0.));
#11443 = DEFINITIONAL_REPRESENTATION('',(#11444),#11448);
#11444 = CIRCLE('',#11445,0.35);
#11445 = AXIS2_PLACEMENT_2D('',#11446,#11447);
#11446 = CARTESIAN_POINT('',(0.,0.));
#11447 = DIRECTION('',(1.,0.));
#11448 = ( GEOMETRIC_REPRESENTATION_CONTEXT(2) 
PARAMETRIC_REPRESENTATION_CONTEXT() REPRESENTATION_CONTEXT('2D SPACE',''
  ) );
#11449 = ORIENTED_EDGE('',*,*,#11393,.F.);
#11450 = ORIENTED_EDGE('',*,*,#11451,.T.);
#11451 = EDGE_CURVE('',#11394,#11394,#11452,.T.);
#11452 = SURFACE_CURVE('',#11453,(#11458,#11465),.PCURVE_S1.);
#11453 = CIRCLE('',#11454,0.35);
#11454 = AXIS2_PLACEMENT_3D('',#11455,#11456,#11457);
#11455 = CARTESIAN_POINT('',(-30.48,0.,-2.82));
#11456 = DIRECTION('',(0.,0.,1.));
#11457 = DIRECTION('',(1.,0.,0.));
#11458 = PCURVE('',#11404,#11459);
#11459 = DEFINITIONAL_REPRESENTATION('',(#11460),#11464);
#11460 = LINE('',#11461,#11462);
#11461 = CARTESIAN_POINT('',(0.,0.28));
#11462 = VECTOR('',#11463,1.);
#11463 = DIRECTION('',(1.,0.));
#11464 = ( GEOMETRIC_REPRESENTATION_CONTEXT(2) 
PARAMETRIC_REPRESENTATION_CONTEXT() REPRESENTATION_CONTEXT('2D SPACE',''
  ) );
#11465 = PCURVE('',#11466,#11471);
#11466 = CONICAL_SURFACE('',#11467,0.35,0.785398163397);
#11467 = AXIS2_PLACEMENT_3D('',#11468,#11469,#11470);
#11468 = CARTESIAN_POINT('',(-30.48,0.,-2.82));
#11469 = DIRECTION('',(0.,0.,1.));
#11470 = DIRECTION('',(1.,0.,0.));
#11471 = DEFINITIONAL_REPRESENTATION('',(#11472),#11476);
#11472 = LINE('',#11473,#11474);
#11473 = CARTESIAN_POINT('',(0.,-0.));
#11474 = VECTOR('',#11475,1.);
#11475 = DIRECTION('',(1.,-0.));
#11476 = ( GEOMETRIC_REPRESENTATION_CONTEXT(2) 
PARAMETRIC_REPRESENTATION_CONTEXT() REPRESENTATION_CONTEXT('2D SPACE',''
  ) );
#11477 = ADVANCED_FACE('',(#11478),#11466,.T.);
#11478 = FACE_BOUND('',#11479,.F.);
#11479 = EDGE_LOOP('',(#11480,#11501,#11502,#11503));
#11480 = ORIENTED_EDGE('',*,*,#11481,.F.);
#11481 = EDGE_CURVE('',#11394,#11482,#11484,.T.);
#11482 = VERTEX_POINT('',#11483);
#11483 = CARTESIAN_POINT('',(-30.41,0.,-3.1));
#11484 = SEAM_CURVE('',#11485,(#11489,#11495),.PCURVE_S1.);
#11485 = LINE('',#11486,#11487);
#11486 = CARTESIAN_POINT('',(-30.13,0.,-2.82));
#11487 = VECTOR('',#11488,1.);
#11488 = DIRECTION('',(-0.707106781187,-0.,-0.707106781187));
#11489 = PCURVE('',#11466,#11490);
#11490 = DEFINITIONAL_REPRESENTATION('',(#11491),#11494);
#11491 = B_SPLINE_CURVE_WITH_KNOTS('',1,(#11492,#11493),.UNSPECIFIED.,
  .F.,.F.,(2,2),(0.,0.395979797464),.PIECEWISE_BEZIER_KNOTS.);
#11492 = CARTESIAN_POINT('',(0.,0.));
#11493 = CARTESIAN_POINT('',(0.,-0.28));
#11494 = ( GEOMETRIC_REPRESENTATION_CONTEXT(2) 
PARAMETRIC_REPRESENTATION_CONTEXT() REPRESENTATION_CONTEXT('2D SPACE',''
  ) );
#11495 = PCURVE('',#11466,#11496);
#11496 = DEFINITIONAL_REPRESENTATION('',(#11497),#11500);
#11497 = B_SPLINE_CURVE_WITH_KNOTS('',1,(#11498,#11499),.UNSPECIFIED.,
  .F.,.F.,(2,2),(0.,0.395979797464),.PIECEWISE_BEZIER_KNOTS.);
#11498 = CARTESIAN_POINT('',(6.28318530718,0.));
#11499 = CARTESIAN_POINT('',(6.28318530718,-0.28));
#11500 = ( GEOMETRIC_REPRESENTATION_CONTEXT(2) 
PARAMETRIC_REPRESENTATION_CONTEXT() REPRESENTATION_CONTEXT('2D SPACE',''
  ) );
#11501 = ORIENTED_EDGE('',*,*,#11451,.T.);
#11502 = ORIENTED_EDGE('',*,*,#11481,.T.);
#11503 = ORIENTED_EDGE('',*,*,#11504,.F.);
#11504 = EDGE_CURVE('',#11482,#11482,#11505,.T.);
#11505 = SURFACE_CURVE('',#11506,(#11511,#11518),.PCURVE_S1.);
#11506 = CIRCLE('',#11507,7.E-02);
#11507 = AXIS2_PLACEMENT_3D('',#11508,#11509,#11510);
#11508 = CARTESIAN_POINT('',(-30.48,0.,-3.1));
#11509 = DIRECTION('',(0.,0.,1.));
#11510 = DIRECTION('',(1.,0.,0.));
#11511 = PCURVE('',#11466,#11512);
#11512 = DEFINITIONAL_REPRESENTATION('',(#11513),#11517);
#11513 = LINE('',#11514,#11515);
#11514 = CARTESIAN_POINT('',(0.,-0.28));
#11515 = VECTOR('',#11516,1.);
#11516 = DIRECTION('',(1.,-0.));
#11517 = ( GEOMETRIC_REPRESENTATION_CONTEXT(2) 
PARAMETRIC_REPRESENTATION_CONTEXT() REPRESENTATION_CONTEXT('2D SPACE',''
  ) );
#11518 = PCURVE('',#11519,#11524);
#11519 = PLANE('',#11520);
#11520 = AXIS2_PLACEMENT_3D('',#11521,#11522,#11523);
#11521 = CARTESIAN_POINT('',(-30.48,0.,-3.1));
#11522 = DIRECTION('',(0.,0.,1.));
#11523 = DIRECTION('',(1.,0.,0.));
#11524 = DEFINITIONAL_REPRESENTATION('',(#11525),#11529);
#11525 = CIRCLE('',#11526,7.E-02);
#11526 = AXIS2_PLACEMENT_2D('',#11527,#11528);
#11527 = CARTESIAN_POINT('',(0.,0.));
#11528 = DIRECTION('',(1.,0.));
#11529 = ( GEOMETRIC_REPRESENTATION_CONTEXT(2) 
PARAMETRIC_REPRESENTATION_CONTEXT() REPRESENTATION_CONTEXT('2D SPACE',''
  ) );
#11530 = ADVANCED_FACE('',(#11531),#11438,.T.);
#11531 = FACE_BOUND('',#11532,.T.);
#11532 = EDGE_LOOP('',(#11533));
#11533 = ORIENTED_EDGE('',*,*,#11423,.T.);
#11534 = ADVANCED_FACE('',(#11535),#11519,.F.);
#11535 = FACE_BOUND('',#11536,.F.);
#11536 = EDGE_LOOP('',(#11537));
#11537 = ORIENTED_EDGE('',*,*,#11504,.T.);
#11538 = MANIFOLD_SOLID_BREP('',#11539);
#11539 = CLOSED_SHELL('',(#11540,#11628,#11681,#11685));
#11540 = ADVANCED_FACE('',(#11541),#11555,.T.);
#11541 = FACE_BOUND('',#11542,.T.);
#11542 = EDGE_LOOP('',(#11543,#11573,#11600,#11601));
#11543 = ORIENTED_EDGE('',*,*,#11544,.T.);
#11544 = EDGE_CURVE('',#11545,#11547,#11549,.T.);
#11545 = VERTEX_POINT('',#11546);
#11546 = CARTESIAN_POINT('',(-30.13,2.54,-2.82));
#11547 = VERTEX_POINT('',#11548);
#11548 = CARTESIAN_POINT('',(-30.13,2.54,1.44));
#11549 = SEAM_CURVE('',#11550,(#11554,#11566),.PCURVE_S1.);
#11550 = LINE('',#11551,#11552);
#11551 = CARTESIAN_POINT('',(-30.13,2.54,-3.1));
#11552 = VECTOR('',#11553,1.);
#11553 = DIRECTION('',(0.,0.,1.));
#11554 = PCURVE('',#11555,#11560);
#11555 = CYLINDRICAL_SURFACE('',#11556,0.35);
#11556 = AXIS2_PLACEMENT_3D('',#11557,#11558,#11559);
#11557 = CARTESIAN_POINT('',(-30.48,2.54,-3.1));
#11558 = DIRECTION('',(0.,0.,1.));
#11559 = DIRECTION('',(1.,0.,0.));
#11560 = DEFINITIONAL_REPRESENTATION('',(#11561),#11565);
#11561 = LINE('',#11562,#11563);
#11562 = CARTESIAN_POINT('',(6.28318530718,-0.));
#11563 = VECTOR('',#11564,1.);
#11564 = DIRECTION('',(0.,1.));
#11565 = ( GEOMETRIC_REPRESENTATION_CONTEXT(2) 
PARAMETRIC_REPRESENTATION_CONTEXT() REPRESENTATION_CONTEXT('2D SPACE',''
  ) );
#11566 = PCURVE('',#11555,#11567);
#11567 = DEFINITIONAL_REPRESENTATION('',(#11568),#11572);
#11568 = LINE('',#11569,#11570);
#11569 = CARTESIAN_POINT('',(0.,-0.));
#11570 = VECTOR('',#11571,1.);
#11571 = DIRECTION('',(0.,1.));
#11572 = ( GEOMETRIC_REPRESENTATION_CONTEXT(2) 
PARAMETRIC_REPRESENTATION_CONTEXT() REPRESENTATION_CONTEXT('2D SPACE',''
  ) );
#11573 = ORIENTED_EDGE('',*,*,#11574,.F.);
#11574 = EDGE_CURVE('',#11547,#11547,#11575,.T.);
#11575 = SURFACE_CURVE('',#11576,(#11581,#11588),.PCURVE_S1.);
#11576 = CIRCLE('',#11577,0.35);
#11577 = AXIS2_PLACEMENT_3D('',#11578,#11579,#11580);
#11578 = CARTESIAN_POINT('',(-30.48,2.54,1.44));
#11579 = DIRECTION('',(0.,0.,1.));
#11580 = DIRECTION('',(1.,0.,0.));
#11581 = PCURVE('',#11555,#11582);
#11582 = DEFINITIONAL_REPRESENTATION('',(#11583),#11587);
#11583 = LINE('',#11584,#11585);
#11584 = CARTESIAN_POINT('',(0.,4.54));
#11585 = VECTOR('',#11586,1.);
#11586 = DIRECTION('',(1.,0.));
#11587 = ( GEOMETRIC_REPRESENTATION_CONTEXT(2) 
PARAMETRIC_REPRESENTATION_CONTEXT() REPRESENTATION_CONTEXT('2D SPACE',''
  ) );
#11588 = PCURVE('',#11589,#11594);
#11589 = PLANE('',#11590);
#11590 = AXIS2_PLACEMENT_3D('',#11591,#11592,#11593);
#11591 = CARTESIAN_POINT('',(-30.48,2.54,1.44));
#11592 = DIRECTION('',(0.,0.,1.));
#11593 = DIRECTION('',(1.,0.,0.));
#11594 = DEFINITIONAL_REPRESENTATION('',(#11595),#11599);
#11595 = CIRCLE('',#11596,0.35);
#11596 = AXIS2_PLACEMENT_2D('',#11597,#11598);
#11597 = CARTESIAN_POINT('',(0.,0.));
#11598 = DIRECTION('',(1.,0.));
#11599 = ( GEOMETRIC_REPRESENTATION_CONTEXT(2) 
PARAMETRIC_REPRESENTATION_CONTEXT() REPRESENTATION_CONTEXT('2D SPACE',''
  ) );
#11600 = ORIENTED_EDGE('',*,*,#11544,.F.);
#11601 = ORIENTED_EDGE('',*,*,#11602,.T.);
#11602 = EDGE_CURVE('',#11545,#11545,#11603,.T.);
#11603 = SURFACE_CURVE('',#11604,(#11609,#11616),.PCURVE_S1.);
#11604 = CIRCLE('',#11605,0.35);
#11605 = AXIS2_PLACEMENT_3D('',#11606,#11607,#11608);
#11606 = CARTESIAN_POINT('',(-30.48,2.54,-2.82));
#11607 = DIRECTION('',(0.,0.,1.));
#11608 = DIRECTION('',(1.,0.,0.));
#11609 = PCURVE('',#11555,#11610);
#11610 = DEFINITIONAL_REPRESENTATION('',(#11611),#11615);
#11611 = LINE('',#11612,#11613);
#11612 = CARTESIAN_POINT('',(0.,0.28));
#11613 = VECTOR('',#11614,1.);
#11614 = DIRECTION('',(1.,0.));
#11615 = ( GEOMETRIC_REPRESENTATION_CONTEXT(2) 
PARAMETRIC_REPRESENTATION_CONTEXT() REPRESENTATION_CONTEXT('2D SPACE',''
  ) );
#11616 = PCURVE('',#11617,#11622);
#11617 = CONICAL_SURFACE('',#11618,0.35,0.785398163397);
#11618 = AXIS2_PLACEMENT_3D('',#11619,#11620,#11621);
#11619 = CARTESIAN_POINT('',(-30.48,2.54,-2.82));
#11620 = DIRECTION('',(0.,0.,1.));
#11621 = DIRECTION('',(1.,0.,0.));
#11622 = DEFINITIONAL_REPRESENTATION('',(#11623),#11627);
#11623 = LINE('',#11624,#11625);
#11624 = CARTESIAN_POINT('',(0.,-0.));
#11625 = VECTOR('',#11626,1.);
#11626 = DIRECTION('',(1.,-0.));
#11627 = ( GEOMETRIC_REPRESENTATION_CONTEXT(2) 
PARAMETRIC_REPRESENTATION_CONTEXT() REPRESENTATION_CONTEXT('2D SPACE',''
  ) );
#11628 = ADVANCED_FACE('',(#11629),#11617,.T.);
#11629 = FACE_BOUND('',#11630,.F.);
#11630 = EDGE_LOOP('',(#11631,#11652,#11653,#11654));
#11631 = ORIENTED_EDGE('',*,*,#11632,.F.);
#11632 = EDGE_CURVE('',#11545,#11633,#11635,.T.);
#11633 = VERTEX_POINT('',#11634);
#11634 = CARTESIAN_POINT('',(-30.41,2.54,-3.1));
#11635 = SEAM_CURVE('',#11636,(#11640,#11646),.PCURVE_S1.);
#11636 = LINE('',#11637,#11638);
#11637 = CARTESIAN_POINT('',(-30.13,2.54,-2.82));
#11638 = VECTOR('',#11639,1.);
#11639 = DIRECTION('',(-0.707106781187,-0.,-0.707106781187));
#11640 = PCURVE('',#11617,#11641);
#11641 = DEFINITIONAL_REPRESENTATION('',(#11642),#11645);
#11642 = B_SPLINE_CURVE_WITH_KNOTS('',1,(#11643,#11644),.UNSPECIFIED.,
  .F.,.F.,(2,2),(0.,0.395979797464),.PIECEWISE_BEZIER_KNOTS.);
#11643 = CARTESIAN_POINT('',(0.,0.));
#11644 = CARTESIAN_POINT('',(0.,-0.28));
#11645 = ( GEOMETRIC_REPRESENTATION_CONTEXT(2) 
PARAMETRIC_REPRESENTATION_CONTEXT() REPRESENTATION_CONTEXT('2D SPACE',''
  ) );
#11646 = PCURVE('',#11617,#11647);
#11647 = DEFINITIONAL_REPRESENTATION('',(#11648),#11651);
#11648 = B_SPLINE_CURVE_WITH_KNOTS('',1,(#11649,#11650),.UNSPECIFIED.,
  .F.,.F.,(2,2),(0.,0.395979797464),.PIECEWISE_BEZIER_KNOTS.);
#11649 = CARTESIAN_POINT('',(6.28318530718,0.));
#11650 = CARTESIAN_POINT('',(6.28318530718,-0.28));
#11651 = ( GEOMETRIC_REPRESENTATION_CONTEXT(2) 
PARAMETRIC_REPRESENTATION_CONTEXT() REPRESENTATION_CONTEXT('2D SPACE',''
  ) );
#11652 = ORIENTED_EDGE('',*,*,#11602,.T.);
#11653 = ORIENTED_EDGE('',*,*,#11632,.T.);
#11654 = ORIENTED_EDGE('',*,*,#11655,.F.);
#11655 = EDGE_CURVE('',#11633,#11633,#11656,.T.);
#11656 = SURFACE_CURVE('',#11657,(#11662,#11669),.PCURVE_S1.);
#11657 = CIRCLE('',#11658,7.E-02);
#11658 = AXIS2_PLACEMENT_3D('',#11659,#11660,#11661);
#11659 = CARTESIAN_POINT('',(-30.48,2.54,-3.1));
#11660 = DIRECTION('',(0.,0.,1.));
#11661 = DIRECTION('',(1.,0.,0.));
#11662 = PCURVE('',#11617,#11663);
#11663 = DEFINITIONAL_REPRESENTATION('',(#11664),#11668);
#11664 = LINE('',#11665,#11666);
#11665 = CARTESIAN_POINT('',(0.,-0.28));
#11666 = VECTOR('',#11667,1.);
#11667 = DIRECTION('',(1.,-0.));
#11668 = ( GEOMETRIC_REPRESENTATION_CONTEXT(2) 
PARAMETRIC_REPRESENTATION_CONTEXT() REPRESENTATION_CONTEXT('2D SPACE',''
  ) );
#11669 = PCURVE('',#11670,#11675);
#11670 = PLANE('',#11671);
#11671 = AXIS2_PLACEMENT_3D('',#11672,#11673,#11674);
#11672 = CARTESIAN_POINT('',(-30.48,2.54,-3.1));
#11673 = DIRECTION('',(0.,0.,1.));
#11674 = DIRECTION('',(1.,0.,0.));
#11675 = DEFINITIONAL_REPRESENTATION('',(#11676),#11680);
#11676 = CIRCLE('',#11677,7.E-02);
#11677 = AXIS2_PLACEMENT_2D('',#11678,#11679);
#11678 = CARTESIAN_POINT('',(0.,0.));
#11679 = DIRECTION('',(1.,0.));
#11680 = ( GEOMETRIC_REPRESENTATION_CONTEXT(2) 
PARAMETRIC_REPRESENTATION_CONTEXT() REPRESENTATION_CONTEXT('2D SPACE',''
  ) );
#11681 = ADVANCED_FACE('',(#11682),#11589,.T.);
#11682 = FACE_BOUND('',#11683,.T.);
#11683 = EDGE_LOOP('',(#11684));
#11684 = ORIENTED_EDGE('',*,*,#11574,.T.);
#11685 = ADVANCED_FACE('',(#11686),#11670,.F.);
#11686 = FACE_BOUND('',#11687,.F.);
#11687 = EDGE_LOOP('',(#11688));
#11688 = ORIENTED_EDGE('',*,*,#11655,.T.);
#11689 = MANIFOLD_SOLID_BREP('',#11690);
#11690 = CLOSED_SHELL('',(#11691,#11779,#11832,#11836));
#11691 = ADVANCED_FACE('',(#11692),#11706,.T.);
#11692 = FACE_BOUND('',#11693,.T.);
#11693 = EDGE_LOOP('',(#11694,#11724,#11751,#11752));
#11694 = ORIENTED_EDGE('',*,*,#11695,.T.);
#11695 = EDGE_CURVE('',#11696,#11698,#11700,.T.);
#11696 = VERTEX_POINT('',#11697);
#11697 = CARTESIAN_POINT('',(-32.67,0.,-2.82));
#11698 = VERTEX_POINT('',#11699);
#11699 = CARTESIAN_POINT('',(-32.67,-8.572527594031E-17,1.44));
#11700 = SEAM_CURVE('',#11701,(#11705,#11717),.PCURVE_S1.);
#11701 = LINE('',#11702,#11703);
#11702 = CARTESIAN_POINT('',(-32.67,-8.572527594031E-17,-3.1));
#11703 = VECTOR('',#11704,1.);
#11704 = DIRECTION('',(0.,0.,1.));
#11705 = PCURVE('',#11706,#11711);
#11706 = CYLINDRICAL_SURFACE('',#11707,0.35);
#11707 = AXIS2_PLACEMENT_3D('',#11708,#11709,#11710);
#11708 = CARTESIAN_POINT('',(-33.02,0.,-3.1));
#11709 = DIRECTION('',(0.,0.,1.));
#11710 = DIRECTION('',(1.,0.,0.));
#11711 = DEFINITIONAL_REPRESENTATION('',(#11712),#11716);
#11712 = LINE('',#11713,#11714);
#11713 = CARTESIAN_POINT('',(6.28318530718,-0.));
#11714 = VECTOR('',#11715,1.);
#11715 = DIRECTION('',(0.,1.));
#11716 = ( GEOMETRIC_REPRESENTATION_CONTEXT(2) 
PARAMETRIC_REPRESENTATION_CONTEXT() REPRESENTATION_CONTEXT('2D SPACE',''
  ) );
#11717 = PCURVE('',#11706,#11718);
#11718 = DEFINITIONAL_REPRESENTATION('',(#11719),#11723);
#11719 = LINE('',#11720,#11721);
#11720 = CARTESIAN_POINT('',(0.,-0.));
#11721 = VECTOR('',#11722,1.);
#11722 = DIRECTION('',(0.,1.));
#11723 = ( GEOMETRIC_REPRESENTATION_CONTEXT(2) 
PARAMETRIC_REPRESENTATION_CONTEXT() REPRESENTATION_CONTEXT('2D SPACE',''
  ) );
#11724 = ORIENTED_EDGE('',*,*,#11725,.F.);
#11725 = EDGE_CURVE('',#11698,#11698,#11726,.T.);
#11726 = SURFACE_CURVE('',#11727,(#11732,#11739),.PCURVE_S1.);
#11727 = CIRCLE('',#11728,0.35);
#11728 = AXIS2_PLACEMENT_3D('',#11729,#11730,#11731);
#11729 = CARTESIAN_POINT('',(-33.02,0.,1.44));
#11730 = DIRECTION('',(0.,0.,1.));
#11731 = DIRECTION('',(1.,0.,0.));
#11732 = PCURVE('',#11706,#11733);
#11733 = DEFINITIONAL_REPRESENTATION('',(#11734),#11738);
#11734 = LINE('',#11735,#11736);
#11735 = CARTESIAN_POINT('',(0.,4.54));
#11736 = VECTOR('',#11737,1.);
#11737 = DIRECTION('',(1.,0.));
#11738 = ( GEOMETRIC_REPRESENTATION_CONTEXT(2) 
PARAMETRIC_REPRESENTATION_CONTEXT() REPRESENTATION_CONTEXT('2D SPACE',''
  ) );
#11739 = PCURVE('',#11740,#11745);
#11740 = PLANE('',#11741);
#11741 = AXIS2_PLACEMENT_3D('',#11742,#11743,#11744);
#11742 = CARTESIAN_POINT('',(-33.02,0.,1.44));
#11743 = DIRECTION('',(0.,0.,1.));
#11744 = DIRECTION('',(1.,0.,0.));
#11745 = DEFINITIONAL_REPRESENTATION('',(#11746),#11750);
#11746 = CIRCLE('',#11747,0.35);
#11747 = AXIS2_PLACEMENT_2D('',#11748,#11749);
#11748 = CARTESIAN_POINT('',(0.,0.));
#11749 = DIRECTION('',(1.,0.));
#11750 = ( GEOMETRIC_REPRESENTATION_CONTEXT(2) 
PARAMETRIC_REPRESENTATION_CONTEXT() REPRESENTATION_CONTEXT('2D SPACE',''
  ) );
#11751 = ORIENTED_EDGE('',*,*,#11695,.F.);
#11752 = ORIENTED_EDGE('',*,*,#11753,.T.);
#11753 = EDGE_CURVE('',#11696,#11696,#11754,.T.);
#11754 = SURFACE_CURVE('',#11755,(#11760,#11767),.PCURVE_S1.);
#11755 = CIRCLE('',#11756,0.35);
#11756 = AXIS2_PLACEMENT_3D('',#11757,#11758,#11759);
#11757 = CARTESIAN_POINT('',(-33.02,0.,-2.82));
#11758 = DIRECTION('',(0.,0.,1.));
#11759 = DIRECTION('',(1.,0.,0.));
#11760 = PCURVE('',#11706,#11761);
#11761 = DEFINITIONAL_REPRESENTATION('',(#11762),#11766);
#11762 = LINE('',#11763,#11764);
#11763 = CARTESIAN_POINT('',(0.,0.28));
#11764 = VECTOR('',#11765,1.);
#11765 = DIRECTION('',(1.,0.));
#11766 = ( GEOMETRIC_REPRESENTATION_CONTEXT(2) 
PARAMETRIC_REPRESENTATION_CONTEXT() REPRESENTATION_CONTEXT('2D SPACE',''
  ) );
#11767 = PCURVE('',#11768,#11773);
#11768 = CONICAL_SURFACE('',#11769,0.35,0.785398163397);
#11769 = AXIS2_PLACEMENT_3D('',#11770,#11771,#11772);
#11770 = CARTESIAN_POINT('',(-33.02,0.,-2.82));
#11771 = DIRECTION('',(0.,0.,1.));
#11772 = DIRECTION('',(1.,0.,0.));
#11773 = DEFINITIONAL_REPRESENTATION('',(#11774),#11778);
#11774 = LINE('',#11775,#11776);
#11775 = CARTESIAN_POINT('',(0.,-0.));
#11776 = VECTOR('',#11777,1.);
#11777 = DIRECTION('',(1.,-0.));
#11778 = ( GEOMETRIC_REPRESENTATION_CONTEXT(2) 
PARAMETRIC_REPRESENTATION_CONTEXT() REPRESENTATION_CONTEXT('2D SPACE',''
  ) );
#11779 = ADVANCED_FACE('',(#11780),#11768,.T.);
#11780 = FACE_BOUND('',#11781,.F.);
#11781 = EDGE_LOOP('',(#11782,#11803,#11804,#11805));
#11782 = ORIENTED_EDGE('',*,*,#11783,.F.);
#11783 = EDGE_CURVE('',#11696,#11784,#11786,.T.);
#11784 = VERTEX_POINT('',#11785);
#11785 = CARTESIAN_POINT('',(-32.95,0.,-3.1));
#11786 = SEAM_CURVE('',#11787,(#11791,#11797),.PCURVE_S1.);
#11787 = LINE('',#11788,#11789);
#11788 = CARTESIAN_POINT('',(-32.67,0.,-2.82));
#11789 = VECTOR('',#11790,1.);
#11790 = DIRECTION('',(-0.707106781187,-0.,-0.707106781187));
#11791 = PCURVE('',#11768,#11792);
#11792 = DEFINITIONAL_REPRESENTATION('',(#11793),#11796);
#11793 = B_SPLINE_CURVE_WITH_KNOTS('',1,(#11794,#11795),.UNSPECIFIED.,
  .F.,.F.,(2,2),(0.,0.395979797464),.PIECEWISE_BEZIER_KNOTS.);
#11794 = CARTESIAN_POINT('',(0.,0.));
#11795 = CARTESIAN_POINT('',(0.,-0.28));
#11796 = ( GEOMETRIC_REPRESENTATION_CONTEXT(2) 
PARAMETRIC_REPRESENTATION_CONTEXT() REPRESENTATION_CONTEXT('2D SPACE',''
  ) );
#11797 = PCURVE('',#11768,#11798);
#11798 = DEFINITIONAL_REPRESENTATION('',(#11799),#11802);
#11799 = B_SPLINE_CURVE_WITH_KNOTS('',1,(#11800,#11801),.UNSPECIFIED.,
  .F.,.F.,(2,2),(0.,0.395979797464),.PIECEWISE_BEZIER_KNOTS.);
#11800 = CARTESIAN_POINT('',(6.28318530718,0.));
#11801 = CARTESIAN_POINT('',(6.28318530718,-0.28));
#11802 = ( GEOMETRIC_REPRESENTATION_CONTEXT(2) 
PARAMETRIC_REPRESENTATION_CONTEXT() REPRESENTATION_CONTEXT('2D SPACE',''
  ) );
#11803 = ORIENTED_EDGE('',*,*,#11753,.T.);
#11804 = ORIENTED_EDGE('',*,*,#11783,.T.);
#11805 = ORIENTED_EDGE('',*,*,#11806,.F.);
#11806 = EDGE_CURVE('',#11784,#11784,#11807,.T.);
#11807 = SURFACE_CURVE('',#11808,(#11813,#11820),.PCURVE_S1.);
#11808 = CIRCLE('',#11809,7.E-02);
#11809 = AXIS2_PLACEMENT_3D('',#11810,#11811,#11812);
#11810 = CARTESIAN_POINT('',(-33.02,0.,-3.1));
#11811 = DIRECTION('',(0.,0.,1.));
#11812 = DIRECTION('',(1.,0.,0.));
#11813 = PCURVE('',#11768,#11814);
#11814 = DEFINITIONAL_REPRESENTATION('',(#11815),#11819);
#11815 = LINE('',#11816,#11817);
#11816 = CARTESIAN_POINT('',(0.,-0.28));
#11817 = VECTOR('',#11818,1.);
#11818 = DIRECTION('',(1.,-0.));
#11819 = ( GEOMETRIC_REPRESENTATION_CONTEXT(2) 
PARAMETRIC_REPRESENTATION_CONTEXT() REPRESENTATION_CONTEXT('2D SPACE',''
  ) );
#11820 = PCURVE('',#11821,#11826);
#11821 = PLANE('',#11822);
#11822 = AXIS2_PLACEMENT_3D('',#11823,#11824,#11825);
#11823 = CARTESIAN_POINT('',(-33.02,0.,-3.1));
#11824 = DIRECTION('',(0.,0.,1.));
#11825 = DIRECTION('',(1.,0.,0.));
#11826 = DEFINITIONAL_REPRESENTATION('',(#11827),#11831);
#11827 = CIRCLE('',#11828,7.E-02);
#11828 = AXIS2_PLACEMENT_2D('',#11829,#11830);
#11829 = CARTESIAN_POINT('',(0.,0.));
#11830 = DIRECTION('',(1.,0.));
#11831 = ( GEOMETRIC_REPRESENTATION_CONTEXT(2) 
PARAMETRIC_REPRESENTATION_CONTEXT() REPRESENTATION_CONTEXT('2D SPACE',''
  ) );
#11832 = ADVANCED_FACE('',(#11833),#11740,.T.);
#11833 = FACE_BOUND('',#11834,.T.);
#11834 = EDGE_LOOP('',(#11835));
#11835 = ORIENTED_EDGE('',*,*,#11725,.T.);
#11836 = ADVANCED_FACE('',(#11837),#11821,.F.);
#11837 = FACE_BOUND('',#11838,.F.);
#11838 = EDGE_LOOP('',(#11839));
#11839 = ORIENTED_EDGE('',*,*,#11806,.T.);
#11840 = MANIFOLD_SOLID_BREP('',#11841);
#11841 = CLOSED_SHELL('',(#11842,#11930,#11983,#11987));
#11842 = ADVANCED_FACE('',(#11843),#11857,.T.);
#11843 = FACE_BOUND('',#11844,.T.);
#11844 = EDGE_LOOP('',(#11845,#11875,#11902,#11903));
#11845 = ORIENTED_EDGE('',*,*,#11846,.T.);
#11846 = EDGE_CURVE('',#11847,#11849,#11851,.T.);
#11847 = VERTEX_POINT('',#11848);
#11848 = CARTESIAN_POINT('',(-32.67,2.54,-2.82));
#11849 = VERTEX_POINT('',#11850);
#11850 = CARTESIAN_POINT('',(-32.67,2.54,1.44));
#11851 = SEAM_CURVE('',#11852,(#11856,#11868),.PCURVE_S1.);
#11852 = LINE('',#11853,#11854);
#11853 = CARTESIAN_POINT('',(-32.67,2.54,-3.1));
#11854 = VECTOR('',#11855,1.);
#11855 = DIRECTION('',(0.,0.,1.));
#11856 = PCURVE('',#11857,#11862);
#11857 = CYLINDRICAL_SURFACE('',#11858,0.35);
#11858 = AXIS2_PLACEMENT_3D('',#11859,#11860,#11861);
#11859 = CARTESIAN_POINT('',(-33.02,2.54,-3.1));
#11860 = DIRECTION('',(0.,0.,1.));
#11861 = DIRECTION('',(1.,0.,0.));
#11862 = DEFINITIONAL_REPRESENTATION('',(#11863),#11867);
#11863 = LINE('',#11864,#11865);
#11864 = CARTESIAN_POINT('',(6.28318530718,-0.));
#11865 = VECTOR('',#11866,1.);
#11866 = DIRECTION('',(0.,1.));
#11867 = ( GEOMETRIC_REPRESENTATION_CONTEXT(2) 
PARAMETRIC_REPRESENTATION_CONTEXT() REPRESENTATION_CONTEXT('2D SPACE',''
  ) );
#11868 = PCURVE('',#11857,#11869);
#11869 = DEFINITIONAL_REPRESENTATION('',(#11870),#11874);
#11870 = LINE('',#11871,#11872);
#11871 = CARTESIAN_POINT('',(0.,-0.));
#11872 = VECTOR('',#11873,1.);
#11873 = DIRECTION('',(0.,1.));
#11874 = ( GEOMETRIC_REPRESENTATION_CONTEXT(2) 
PARAMETRIC_REPRESENTATION_CONTEXT() REPRESENTATION_CONTEXT('2D SPACE',''
  ) );
#11875 = ORIENTED_EDGE('',*,*,#11876,.F.);
#11876 = EDGE_CURVE('',#11849,#11849,#11877,.T.);
#11877 = SURFACE_CURVE('',#11878,(#11883,#11890),.PCURVE_S1.);
#11878 = CIRCLE('',#11879,0.35);
#11879 = AXIS2_PLACEMENT_3D('',#11880,#11881,#11882);
#11880 = CARTESIAN_POINT('',(-33.02,2.54,1.44));
#11881 = DIRECTION('',(0.,0.,1.));
#11882 = DIRECTION('',(1.,0.,0.));
#11883 = PCURVE('',#11857,#11884);
#11884 = DEFINITIONAL_REPRESENTATION('',(#11885),#11889);
#11885 = LINE('',#11886,#11887);
#11886 = CARTESIAN_POINT('',(0.,4.54));
#11887 = VECTOR('',#11888,1.);
#11888 = DIRECTION('',(1.,0.));
#11889 = ( GEOMETRIC_REPRESENTATION_CONTEXT(2) 
PARAMETRIC_REPRESENTATION_CONTEXT() REPRESENTATION_CONTEXT('2D SPACE',''
  ) );
#11890 = PCURVE('',#11891,#11896);
#11891 = PLANE('',#11892);
#11892 = AXIS2_PLACEMENT_3D('',#11893,#11894,#11895);
#11893 = CARTESIAN_POINT('',(-33.02,2.54,1.44));
#11894 = DIRECTION('',(0.,0.,1.));
#11895 = DIRECTION('',(1.,0.,0.));
#11896 = DEFINITIONAL_REPRESENTATION('',(#11897),#11901);
#11897 = CIRCLE('',#11898,0.35);
#11898 = AXIS2_PLACEMENT_2D('',#11899,#11900);
#11899 = CARTESIAN_POINT('',(0.,0.));
#11900 = DIRECTION('',(1.,0.));
#11901 = ( GEOMETRIC_REPRESENTATION_CONTEXT(2) 
PARAMETRIC_REPRESENTATION_CONTEXT() REPRESENTATION_CONTEXT('2D SPACE',''
  ) );
#11902 = ORIENTED_EDGE('',*,*,#11846,.F.);
#11903 = ORIENTED_EDGE('',*,*,#11904,.T.);
#11904 = EDGE_CURVE('',#11847,#11847,#11905,.T.);
#11905 = SURFACE_CURVE('',#11906,(#11911,#11918),.PCURVE_S1.);
#11906 = CIRCLE('',#11907,0.35);
#11907 = AXIS2_PLACEMENT_3D('',#11908,#11909,#11910);
#11908 = CARTESIAN_POINT('',(-33.02,2.54,-2.82));
#11909 = DIRECTION('',(0.,0.,1.));
#11910 = DIRECTION('',(1.,0.,0.));
#11911 = PCURVE('',#11857,#11912);
#11912 = DEFINITIONAL_REPRESENTATION('',(#11913),#11917);
#11913 = LINE('',#11914,#11915);
#11914 = CARTESIAN_POINT('',(0.,0.28));
#11915 = VECTOR('',#11916,1.);
#11916 = DIRECTION('',(1.,0.));
#11917 = ( GEOMETRIC_REPRESENTATION_CONTEXT(2) 
PARAMETRIC_REPRESENTATION_CONTEXT() REPRESENTATION_CONTEXT('2D SPACE',''
  ) );
#11918 = PCURVE('',#11919,#11924);
#11919 = CONICAL_SURFACE('',#11920,0.35,0.785398163397);
#11920 = AXIS2_PLACEMENT_3D('',#11921,#11922,#11923);
#11921 = CARTESIAN_POINT('',(-33.02,2.54,-2.82));
#11922 = DIRECTION('',(0.,0.,1.));
#11923 = DIRECTION('',(1.,0.,0.));
#11924 = DEFINITIONAL_REPRESENTATION('',(#11925),#11929);
#11925 = LINE('',#11926,#11927);
#11926 = CARTESIAN_POINT('',(0.,-0.));
#11927 = VECTOR('',#11928,1.);
#11928 = DIRECTION('',(1.,-0.));
#11929 = ( GEOMETRIC_REPRESENTATION_CONTEXT(2) 
PARAMETRIC_REPRESENTATION_CONTEXT() REPRESENTATION_CONTEXT('2D SPACE',''
  ) );
#11930 = ADVANCED_FACE('',(#11931),#11919,.T.);
#11931 = FACE_BOUND('',#11932,.F.);
#11932 = EDGE_LOOP('',(#11933,#11954,#11955,#11956));
#11933 = ORIENTED_EDGE('',*,*,#11934,.F.);
#11934 = EDGE_CURVE('',#11847,#11935,#11937,.T.);
#11935 = VERTEX_POINT('',#11936);
#11936 = CARTESIAN_POINT('',(-32.95,2.54,-3.1));
#11937 = SEAM_CURVE('',#11938,(#11942,#11948),.PCURVE_S1.);
#11938 = LINE('',#11939,#11940);
#11939 = CARTESIAN_POINT('',(-32.67,2.54,-2.82));
#11940 = VECTOR('',#11941,1.);
#11941 = DIRECTION('',(-0.707106781187,-0.,-0.707106781187));
#11942 = PCURVE('',#11919,#11943);
#11943 = DEFINITIONAL_REPRESENTATION('',(#11944),#11947);
#11944 = B_SPLINE_CURVE_WITH_KNOTS('',1,(#11945,#11946),.UNSPECIFIED.,
  .F.,.F.,(2,2),(0.,0.395979797464),.PIECEWISE_BEZIER_KNOTS.);
#11945 = CARTESIAN_POINT('',(0.,0.));
#11946 = CARTESIAN_POINT('',(0.,-0.28));
#11947 = ( GEOMETRIC_REPRESENTATION_CONTEXT(2) 
PARAMETRIC_REPRESENTATION_CONTEXT() REPRESENTATION_CONTEXT('2D SPACE',''
  ) );
#11948 = PCURVE('',#11919,#11949);
#11949 = DEFINITIONAL_REPRESENTATION('',(#11950),#11953);
#11950 = B_SPLINE_CURVE_WITH_KNOTS('',1,(#11951,#11952),.UNSPECIFIED.,
  .F.,.F.,(2,2),(0.,0.395979797464),.PIECEWISE_BEZIER_KNOTS.);
#11951 = CARTESIAN_POINT('',(6.28318530718,0.));
#11952 = CARTESIAN_POINT('',(6.28318530718,-0.28));
#11953 = ( GEOMETRIC_REPRESENTATION_CONTEXT(2) 
PARAMETRIC_REPRESENTATION_CONTEXT() REPRESENTATION_CONTEXT('2D SPACE',''
  ) );
#11954 = ORIENTED_EDGE('',*,*,#11904,.T.);
#11955 = ORIENTED_EDGE('',*,*,#11934,.T.);
#11956 = ORIENTED_EDGE('',*,*,#11957,.F.);
#11957 = EDGE_CURVE('',#11935,#11935,#11958,.T.);
#11958 = SURFACE_CURVE('',#11959,(#11964,#11971),.PCURVE_S1.);
#11959 = CIRCLE('',#11960,7.E-02);
#11960 = AXIS2_PLACEMENT_3D('',#11961,#11962,#11963);
#11961 = CARTESIAN_POINT('',(-33.02,2.54,-3.1));
#11962 = DIRECTION('',(0.,0.,1.));
#11963 = DIRECTION('',(1.,0.,0.));
#11964 = PCURVE('',#11919,#11965);
#11965 = DEFINITIONAL_REPRESENTATION('',(#11966),#11970);
#11966 = LINE('',#11967,#11968);
#11967 = CARTESIAN_POINT('',(0.,-0.28));
#11968 = VECTOR('',#11969,1.);
#11969 = DIRECTION('',(1.,-0.));
#11970 = ( GEOMETRIC_REPRESENTATION_CONTEXT(2) 
PARAMETRIC_REPRESENTATION_CONTEXT() REPRESENTATION_CONTEXT('2D SPACE',''
  ) );
#11971 = PCURVE('',#11972,#11977);
#11972 = PLANE('',#11973);
#11973 = AXIS2_PLACEMENT_3D('',#11974,#11975,#11976);
#11974 = CARTESIAN_POINT('',(-33.02,2.54,-3.1));
#11975 = DIRECTION('',(0.,0.,1.));
#11976 = DIRECTION('',(1.,0.,0.));
#11977 = DEFINITIONAL_REPRESENTATION('',(#11978),#11982);
#11978 = CIRCLE('',#11979,7.E-02);
#11979 = AXIS2_PLACEMENT_2D('',#11980,#11981);
#11980 = CARTESIAN_POINT('',(0.,0.));
#11981 = DIRECTION('',(1.,0.));
#11982 = ( GEOMETRIC_REPRESENTATION_CONTEXT(2) 
PARAMETRIC_REPRESENTATION_CONTEXT() REPRESENTATION_CONTEXT('2D SPACE',''
  ) );
#11983 = ADVANCED_FACE('',(#11984),#11891,.T.);
#11984 = FACE_BOUND('',#11985,.T.);
#11985 = EDGE_LOOP('',(#11986));
#11986 = ORIENTED_EDGE('',*,*,#11876,.T.);
#11987 = ADVANCED_FACE('',(#11988),#11972,.F.);
#11988 = FACE_BOUND('',#11989,.F.);
#11989 = EDGE_LOOP('',(#11990));
#11990 = ORIENTED_EDGE('',*,*,#11957,.T.);
#11991 = MANIFOLD_SOLID_BREP('',#11992);
#11992 = CLOSED_SHELL('',(#11993,#12081,#12134,#12138));
#11993 = ADVANCED_FACE('',(#11994),#12008,.T.);
#11994 = FACE_BOUND('',#11995,.T.);
#11995 = EDGE_LOOP('',(#11996,#12026,#12053,#12054));
#11996 = ORIENTED_EDGE('',*,*,#11997,.T.);
#11997 = EDGE_CURVE('',#11998,#12000,#12002,.T.);
#11998 = VERTEX_POINT('',#11999);
#11999 = CARTESIAN_POINT('',(-35.21,0.,-2.82));
#12000 = VERTEX_POINT('',#12001);
#12001 = CARTESIAN_POINT('',(-35.21,-8.572527594031E-17,1.44));
#12002 = SEAM_CURVE('',#12003,(#12007,#12019),.PCURVE_S1.);
#12003 = LINE('',#12004,#12005);
#12004 = CARTESIAN_POINT('',(-35.21,-8.572527594031E-17,-3.1));
#12005 = VECTOR('',#12006,1.);
#12006 = DIRECTION('',(0.,0.,1.));
#12007 = PCURVE('',#12008,#12013);
#12008 = CYLINDRICAL_SURFACE('',#12009,0.35);
#12009 = AXIS2_PLACEMENT_3D('',#12010,#12011,#12012);
#12010 = CARTESIAN_POINT('',(-35.56,0.,-3.1));
#12011 = DIRECTION('',(0.,0.,1.));
#12012 = DIRECTION('',(1.,0.,0.));
#12013 = DEFINITIONAL_REPRESENTATION('',(#12014),#12018);
#12014 = LINE('',#12015,#12016);
#12015 = CARTESIAN_POINT('',(6.28318530718,-0.));
#12016 = VECTOR('',#12017,1.);
#12017 = DIRECTION('',(0.,1.));
#12018 = ( GEOMETRIC_REPRESENTATION_CONTEXT(2) 
PARAMETRIC_REPRESENTATION_CONTEXT() REPRESENTATION_CONTEXT('2D SPACE',''
  ) );
#12019 = PCURVE('',#12008,#12020);
#12020 = DEFINITIONAL_REPRESENTATION('',(#12021),#12025);
#12021 = LINE('',#12022,#12023);
#12022 = CARTESIAN_POINT('',(0.,-0.));
#12023 = VECTOR('',#12024,1.);
#12024 = DIRECTION('',(0.,1.));
#12025 = ( GEOMETRIC_REPRESENTATION_CONTEXT(2) 
PARAMETRIC_REPRESENTATION_CONTEXT() REPRESENTATION_CONTEXT('2D SPACE',''
  ) );
#12026 = ORIENTED_EDGE('',*,*,#12027,.F.);
#12027 = EDGE_CURVE('',#12000,#12000,#12028,.T.);
#12028 = SURFACE_CURVE('',#12029,(#12034,#12041),.PCURVE_S1.);
#12029 = CIRCLE('',#12030,0.35);
#12030 = AXIS2_PLACEMENT_3D('',#12031,#12032,#12033);
#12031 = CARTESIAN_POINT('',(-35.56,0.,1.44));
#12032 = DIRECTION('',(0.,0.,1.));
#12033 = DIRECTION('',(1.,0.,0.));
#12034 = PCURVE('',#12008,#12035);
#12035 = DEFINITIONAL_REPRESENTATION('',(#12036),#12040);
#12036 = LINE('',#12037,#12038);
#12037 = CARTESIAN_POINT('',(0.,4.54));
#12038 = VECTOR('',#12039,1.);
#12039 = DIRECTION('',(1.,0.));
#12040 = ( GEOMETRIC_REPRESENTATION_CONTEXT(2) 
PARAMETRIC_REPRESENTATION_CONTEXT() REPRESENTATION_CONTEXT('2D SPACE',''
  ) );
#12041 = PCURVE('',#12042,#12047);
#12042 = PLANE('',#12043);
#12043 = AXIS2_PLACEMENT_3D('',#12044,#12045,#12046);
#12044 = CARTESIAN_POINT('',(-35.56,0.,1.44));
#12045 = DIRECTION('',(0.,0.,1.));
#12046 = DIRECTION('',(1.,0.,0.));
#12047 = DEFINITIONAL_REPRESENTATION('',(#12048),#12052);
#12048 = CIRCLE('',#12049,0.35);
#12049 = AXIS2_PLACEMENT_2D('',#12050,#12051);
#12050 = CARTESIAN_POINT('',(0.,0.));
#12051 = DIRECTION('',(1.,0.));
#12052 = ( GEOMETRIC_REPRESENTATION_CONTEXT(2) 
PARAMETRIC_REPRESENTATION_CONTEXT() REPRESENTATION_CONTEXT('2D SPACE',''
  ) );
#12053 = ORIENTED_EDGE('',*,*,#11997,.F.);
#12054 = ORIENTED_EDGE('',*,*,#12055,.T.);
#12055 = EDGE_CURVE('',#11998,#11998,#12056,.T.);
#12056 = SURFACE_CURVE('',#12057,(#12062,#12069),.PCURVE_S1.);
#12057 = CIRCLE('',#12058,0.35);
#12058 = AXIS2_PLACEMENT_3D('',#12059,#12060,#12061);
#12059 = CARTESIAN_POINT('',(-35.56,0.,-2.82));
#12060 = DIRECTION('',(0.,0.,1.));
#12061 = DIRECTION('',(1.,0.,0.));
#12062 = PCURVE('',#12008,#12063);
#12063 = DEFINITIONAL_REPRESENTATION('',(#12064),#12068);
#12064 = LINE('',#12065,#12066);
#12065 = CARTESIAN_POINT('',(0.,0.28));
#12066 = VECTOR('',#12067,1.);
#12067 = DIRECTION('',(1.,0.));
#12068 = ( GEOMETRIC_REPRESENTATION_CONTEXT(2) 
PARAMETRIC_REPRESENTATION_CONTEXT() REPRESENTATION_CONTEXT('2D SPACE',''
  ) );
#12069 = PCURVE('',#12070,#12075);
#12070 = CONICAL_SURFACE('',#12071,0.35,0.785398163397);
#12071 = AXIS2_PLACEMENT_3D('',#12072,#12073,#12074);
#12072 = CARTESIAN_POINT('',(-35.56,0.,-2.82));
#12073 = DIRECTION('',(0.,0.,1.));
#12074 = DIRECTION('',(1.,0.,0.));
#12075 = DEFINITIONAL_REPRESENTATION('',(#12076),#12080);
#12076 = LINE('',#12077,#12078);
#12077 = CARTESIAN_POINT('',(0.,-0.));
#12078 = VECTOR('',#12079,1.);
#12079 = DIRECTION('',(1.,-0.));
#12080 = ( GEOMETRIC_REPRESENTATION_CONTEXT(2) 
PARAMETRIC_REPRESENTATION_CONTEXT() REPRESENTATION_CONTEXT('2D SPACE',''
  ) );
#12081 = ADVANCED_FACE('',(#12082),#12070,.T.);
#12082 = FACE_BOUND('',#12083,.F.);
#12083 = EDGE_LOOP('',(#12084,#12105,#12106,#12107));
#12084 = ORIENTED_EDGE('',*,*,#12085,.F.);
#12085 = EDGE_CURVE('',#11998,#12086,#12088,.T.);
#12086 = VERTEX_POINT('',#12087);
#12087 = CARTESIAN_POINT('',(-35.49,0.,-3.1));
#12088 = SEAM_CURVE('',#12089,(#12093,#12099),.PCURVE_S1.);
#12089 = LINE('',#12090,#12091);
#12090 = CARTESIAN_POINT('',(-35.21,0.,-2.82));
#12091 = VECTOR('',#12092,1.);
#12092 = DIRECTION('',(-0.707106781187,-0.,-0.707106781187));
#12093 = PCURVE('',#12070,#12094);
#12094 = DEFINITIONAL_REPRESENTATION('',(#12095),#12098);
#12095 = B_SPLINE_CURVE_WITH_KNOTS('',1,(#12096,#12097),.UNSPECIFIED.,
  .F.,.F.,(2,2),(0.,0.395979797464),.PIECEWISE_BEZIER_KNOTS.);
#12096 = CARTESIAN_POINT('',(0.,0.));
#12097 = CARTESIAN_POINT('',(0.,-0.28));
#12098 = ( GEOMETRIC_REPRESENTATION_CONTEXT(2) 
PARAMETRIC_REPRESENTATION_CONTEXT() REPRESENTATION_CONTEXT('2D SPACE',''
  ) );
#12099 = PCURVE('',#12070,#12100);
#12100 = DEFINITIONAL_REPRESENTATION('',(#12101),#12104);
#12101 = B_SPLINE_CURVE_WITH_KNOTS('',1,(#12102,#12103),.UNSPECIFIED.,
  .F.,.F.,(2,2),(0.,0.395979797464),.PIECEWISE_BEZIER_KNOTS.);
#12102 = CARTESIAN_POINT('',(6.28318530718,0.));
#12103 = CARTESIAN_POINT('',(6.28318530718,-0.28));
#12104 = ( GEOMETRIC_REPRESENTATION_CONTEXT(2) 
PARAMETRIC_REPRESENTATION_CONTEXT() REPRESENTATION_CONTEXT('2D SPACE',''
  ) );
#12105 = ORIENTED_EDGE('',*,*,#12055,.T.);
#12106 = ORIENTED_EDGE('',*,*,#12085,.T.);
#12107 = ORIENTED_EDGE('',*,*,#12108,.F.);
#12108 = EDGE_CURVE('',#12086,#12086,#12109,.T.);
#12109 = SURFACE_CURVE('',#12110,(#12115,#12122),.PCURVE_S1.);
#12110 = CIRCLE('',#12111,7.E-02);
#12111 = AXIS2_PLACEMENT_3D('',#12112,#12113,#12114);
#12112 = CARTESIAN_POINT('',(-35.56,0.,-3.1));
#12113 = DIRECTION('',(0.,0.,1.));
#12114 = DIRECTION('',(1.,0.,0.));
#12115 = PCURVE('',#12070,#12116);
#12116 = DEFINITIONAL_REPRESENTATION('',(#12117),#12121);
#12117 = LINE('',#12118,#12119);
#12118 = CARTESIAN_POINT('',(0.,-0.28));
#12119 = VECTOR('',#12120,1.);
#12120 = DIRECTION('',(1.,-0.));
#12121 = ( GEOMETRIC_REPRESENTATION_CONTEXT(2) 
PARAMETRIC_REPRESENTATION_CONTEXT() REPRESENTATION_CONTEXT('2D SPACE',''
  ) );
#12122 = PCURVE('',#12123,#12128);
#12123 = PLANE('',#12124);
#12124 = AXIS2_PLACEMENT_3D('',#12125,#12126,#12127);
#12125 = CARTESIAN_POINT('',(-35.56,0.,-3.1));
#12126 = DIRECTION('',(0.,0.,1.));
#12127 = DIRECTION('',(1.,0.,0.));
#12128 = DEFINITIONAL_REPRESENTATION('',(#12129),#12133);
#12129 = CIRCLE('',#12130,7.E-02);
#12130 = AXIS2_PLACEMENT_2D('',#12131,#12132);
#12131 = CARTESIAN_POINT('',(0.,0.));
#12132 = DIRECTION('',(1.,0.));
#12133 = ( GEOMETRIC_REPRESENTATION_CONTEXT(2) 
PARAMETRIC_REPRESENTATION_CONTEXT() REPRESENTATION_CONTEXT('2D SPACE',''
  ) );
#12134 = ADVANCED_FACE('',(#12135),#12042,.T.);
#12135 = FACE_BOUND('',#12136,.T.);
#12136 = EDGE_LOOP('',(#12137));
#12137 = ORIENTED_EDGE('',*,*,#12027,.T.);
#12138 = ADVANCED_FACE('',(#12139),#12123,.F.);
#12139 = FACE_BOUND('',#12140,.F.);
#12140 = EDGE_LOOP('',(#12141));
#12141 = ORIENTED_EDGE('',*,*,#12108,.T.);
#12142 = MANIFOLD_SOLID_BREP('',#12143);
#12143 = CLOSED_SHELL('',(#12144,#12232,#12285,#12289));
#12144 = ADVANCED_FACE('',(#12145),#12159,.T.);
#12145 = FACE_BOUND('',#12146,.T.);
#12146 = EDGE_LOOP('',(#12147,#12177,#12204,#12205));
#12147 = ORIENTED_EDGE('',*,*,#12148,.T.);
#12148 = EDGE_CURVE('',#12149,#12151,#12153,.T.);
#12149 = VERTEX_POINT('',#12150);
#12150 = CARTESIAN_POINT('',(-35.21,2.54,-2.82));
#12151 = VERTEX_POINT('',#12152);
#12152 = CARTESIAN_POINT('',(-35.21,2.54,1.44));
#12153 = SEAM_CURVE('',#12154,(#12158,#12170),.PCURVE_S1.);
#12154 = LINE('',#12155,#12156);
#12155 = CARTESIAN_POINT('',(-35.21,2.54,-3.1));
#12156 = VECTOR('',#12157,1.);
#12157 = DIRECTION('',(0.,0.,1.));
#12158 = PCURVE('',#12159,#12164);
#12159 = CYLINDRICAL_SURFACE('',#12160,0.35);
#12160 = AXIS2_PLACEMENT_3D('',#12161,#12162,#12163);
#12161 = CARTESIAN_POINT('',(-35.56,2.54,-3.1));
#12162 = DIRECTION('',(0.,0.,1.));
#12163 = DIRECTION('',(1.,0.,0.));
#12164 = DEFINITIONAL_REPRESENTATION('',(#12165),#12169);
#12165 = LINE('',#12166,#12167);
#12166 = CARTESIAN_POINT('',(6.28318530718,-0.));
#12167 = VECTOR('',#12168,1.);
#12168 = DIRECTION('',(0.,1.));
#12169 = ( GEOMETRIC_REPRESENTATION_CONTEXT(2) 
PARAMETRIC_REPRESENTATION_CONTEXT() REPRESENTATION_CONTEXT('2D SPACE',''
  ) );
#12170 = PCURVE('',#12159,#12171);
#12171 = DEFINITIONAL_REPRESENTATION('',(#12172),#12176);
#12172 = LINE('',#12173,#12174);
#12173 = CARTESIAN_POINT('',(0.,-0.));
#12174 = VECTOR('',#12175,1.);
#12175 = DIRECTION('',(0.,1.));
#12176 = ( GEOMETRIC_REPRESENTATION_CONTEXT(2) 
PARAMETRIC_REPRESENTATION_CONTEXT() REPRESENTATION_CONTEXT('2D SPACE',''
  ) );
#12177 = ORIENTED_EDGE('',*,*,#12178,.F.);
#12178 = EDGE_CURVE('',#12151,#12151,#12179,.T.);
#12179 = SURFACE_CURVE('',#12180,(#12185,#12192),.PCURVE_S1.);
#12180 = CIRCLE('',#12181,0.35);
#12181 = AXIS2_PLACEMENT_3D('',#12182,#12183,#12184);
#12182 = CARTESIAN_POINT('',(-35.56,2.54,1.44));
#12183 = DIRECTION('',(0.,0.,1.));
#12184 = DIRECTION('',(1.,0.,0.));
#12185 = PCURVE('',#12159,#12186);
#12186 = DEFINITIONAL_REPRESENTATION('',(#12187),#12191);
#12187 = LINE('',#12188,#12189);
#12188 = CARTESIAN_POINT('',(0.,4.54));
#12189 = VECTOR('',#12190,1.);
#12190 = DIRECTION('',(1.,0.));
#12191 = ( GEOMETRIC_REPRESENTATION_CONTEXT(2) 
PARAMETRIC_REPRESENTATION_CONTEXT() REPRESENTATION_CONTEXT('2D SPACE',''
  ) );
#12192 = PCURVE('',#12193,#12198);
#12193 = PLANE('',#12194);
#12194 = AXIS2_PLACEMENT_3D('',#12195,#12196,#12197);
#12195 = CARTESIAN_POINT('',(-35.56,2.54,1.44));
#12196 = DIRECTION('',(0.,0.,1.));
#12197 = DIRECTION('',(1.,0.,0.));
#12198 = DEFINITIONAL_REPRESENTATION('',(#12199),#12203);
#12199 = CIRCLE('',#12200,0.35);
#12200 = AXIS2_PLACEMENT_2D('',#12201,#12202);
#12201 = CARTESIAN_POINT('',(0.,0.));
#12202 = DIRECTION('',(1.,0.));
#12203 = ( GEOMETRIC_REPRESENTATION_CONTEXT(2) 
PARAMETRIC_REPRESENTATION_CONTEXT() REPRESENTATION_CONTEXT('2D SPACE',''
  ) );
#12204 = ORIENTED_EDGE('',*,*,#12148,.F.);
#12205 = ORIENTED_EDGE('',*,*,#12206,.T.);
#12206 = EDGE_CURVE('',#12149,#12149,#12207,.T.);
#12207 = SURFACE_CURVE('',#12208,(#12213,#12220),.PCURVE_S1.);
#12208 = CIRCLE('',#12209,0.35);
#12209 = AXIS2_PLACEMENT_3D('',#12210,#12211,#12212);
#12210 = CARTESIAN_POINT('',(-35.56,2.54,-2.82));
#12211 = DIRECTION('',(0.,0.,1.));
#12212 = DIRECTION('',(1.,0.,0.));
#12213 = PCURVE('',#12159,#12214);
#12214 = DEFINITIONAL_REPRESENTATION('',(#12215),#12219);
#12215 = LINE('',#12216,#12217);
#12216 = CARTESIAN_POINT('',(0.,0.28));
#12217 = VECTOR('',#12218,1.);
#12218 = DIRECTION('',(1.,0.));
#12219 = ( GEOMETRIC_REPRESENTATION_CONTEXT(2) 
PARAMETRIC_REPRESENTATION_CONTEXT() REPRESENTATION_CONTEXT('2D SPACE',''
  ) );
#12220 = PCURVE('',#12221,#12226);
#12221 = CONICAL_SURFACE('',#12222,0.35,0.785398163397);
#12222 = AXIS2_PLACEMENT_3D('',#12223,#12224,#12225);
#12223 = CARTESIAN_POINT('',(-35.56,2.54,-2.82));
#12224 = DIRECTION('',(0.,0.,1.));
#12225 = DIRECTION('',(1.,0.,0.));
#12226 = DEFINITIONAL_REPRESENTATION('',(#12227),#12231);
#12227 = LINE('',#12228,#12229);
#12228 = CARTESIAN_POINT('',(0.,-0.));
#12229 = VECTOR('',#12230,1.);
#12230 = DIRECTION('',(1.,-0.));
#12231 = ( GEOMETRIC_REPRESENTATION_CONTEXT(2) 
PARAMETRIC_REPRESENTATION_CONTEXT() REPRESENTATION_CONTEXT('2D SPACE',''
  ) );
#12232 = ADVANCED_FACE('',(#12233),#12221,.T.);
#12233 = FACE_BOUND('',#12234,.F.);
#12234 = EDGE_LOOP('',(#12235,#12256,#12257,#12258));
#12235 = ORIENTED_EDGE('',*,*,#12236,.F.);
#12236 = EDGE_CURVE('',#12149,#12237,#12239,.T.);
#12237 = VERTEX_POINT('',#12238);
#12238 = CARTESIAN_POINT('',(-35.49,2.54,-3.1));
#12239 = SEAM_CURVE('',#12240,(#12244,#12250),.PCURVE_S1.);
#12240 = LINE('',#12241,#12242);
#12241 = CARTESIAN_POINT('',(-35.21,2.54,-2.82));
#12242 = VECTOR('',#12243,1.);
#12243 = DIRECTION('',(-0.707106781187,-0.,-0.707106781187));
#12244 = PCURVE('',#12221,#12245);
#12245 = DEFINITIONAL_REPRESENTATION('',(#12246),#12249);
#12246 = B_SPLINE_CURVE_WITH_KNOTS('',1,(#12247,#12248),.UNSPECIFIED.,
  .F.,.F.,(2,2),(0.,0.395979797464),.PIECEWISE_BEZIER_KNOTS.);
#12247 = CARTESIAN_POINT('',(0.,0.));
#12248 = CARTESIAN_POINT('',(0.,-0.28));
#12249 = ( GEOMETRIC_REPRESENTATION_CONTEXT(2) 
PARAMETRIC_REPRESENTATION_CONTEXT() REPRESENTATION_CONTEXT('2D SPACE',''
  ) );
#12250 = PCURVE('',#12221,#12251);
#12251 = DEFINITIONAL_REPRESENTATION('',(#12252),#12255);
#12252 = B_SPLINE_CURVE_WITH_KNOTS('',1,(#12253,#12254),.UNSPECIFIED.,
  .F.,.F.,(2,2),(0.,0.395979797464),.PIECEWISE_BEZIER_KNOTS.);
#12253 = CARTESIAN_POINT('',(6.28318530718,0.));
#12254 = CARTESIAN_POINT('',(6.28318530718,-0.28));
#12255 = ( GEOMETRIC_REPRESENTATION_CONTEXT(2) 
PARAMETRIC_REPRESENTATION_CONTEXT() REPRESENTATION_CONTEXT('2D SPACE',''
  ) );
#12256 = ORIENTED_EDGE('',*,*,#12206,.T.);
#12257 = ORIENTED_EDGE('',*,*,#12236,.T.);
#12258 = ORIENTED_EDGE('',*,*,#12259,.F.);
#12259 = EDGE_CURVE('',#12237,#12237,#12260,.T.);
#12260 = SURFACE_CURVE('',#12261,(#12266,#12273),.PCURVE_S1.);
#12261 = CIRCLE('',#12262,7.E-02);
#12262 = AXIS2_PLACEMENT_3D('',#12263,#12264,#12265);
#12263 = CARTESIAN_POINT('',(-35.56,2.54,-3.1));
#12264 = DIRECTION('',(0.,0.,1.));
#12265 = DIRECTION('',(1.,0.,0.));
#12266 = PCURVE('',#12221,#12267);
#12267 = DEFINITIONAL_REPRESENTATION('',(#12268),#12272);
#12268 = LINE('',#12269,#12270);
#12269 = CARTESIAN_POINT('',(0.,-0.28));
#12270 = VECTOR('',#12271,1.);
#12271 = DIRECTION('',(1.,-0.));
#12272 = ( GEOMETRIC_REPRESENTATION_CONTEXT(2) 
PARAMETRIC_REPRESENTATION_CONTEXT() REPRESENTATION_CONTEXT('2D SPACE',''
  ) );
#12273 = PCURVE('',#12274,#12279);
#12274 = PLANE('',#12275);
#12275 = AXIS2_PLACEMENT_3D('',#12276,#12277,#12278);
#12276 = CARTESIAN_POINT('',(-35.56,2.54,-3.1));
#12277 = DIRECTION('',(0.,0.,1.));
#12278 = DIRECTION('',(1.,0.,0.));
#12279 = DEFINITIONAL_REPRESENTATION('',(#12280),#12284);
#12280 = CIRCLE('',#12281,7.E-02);
#12281 = AXIS2_PLACEMENT_2D('',#12282,#12283);
#12282 = CARTESIAN_POINT('',(0.,0.));
#12283 = DIRECTION('',(1.,0.));
#12284 = ( GEOMETRIC_REPRESENTATION_CONTEXT(2) 
PARAMETRIC_REPRESENTATION_CONTEXT() REPRESENTATION_CONTEXT('2D SPACE',''
  ) );
#12285 = ADVANCED_FACE('',(#12286),#12193,.T.);
#12286 = FACE_BOUND('',#12287,.T.);
#12287 = EDGE_LOOP('',(#12288));
#12288 = ORIENTED_EDGE('',*,*,#12178,.T.);
#12289 = ADVANCED_FACE('',(#12290),#12274,.F.);
#12290 = FACE_BOUND('',#12291,.F.);
#12291 = EDGE_LOOP('',(#12292));
#12292 = ORIENTED_EDGE('',*,*,#12259,.T.);
#12293 = MANIFOLD_SOLID_BREP('',#12294);
#12294 = CLOSED_SHELL('',(#12295,#12383,#12436,#12440));
#12295 = ADVANCED_FACE('',(#12296),#12310,.T.);
#12296 = FACE_BOUND('',#12297,.T.);
#12297 = EDGE_LOOP('',(#12298,#12328,#12355,#12356));
#12298 = ORIENTED_EDGE('',*,*,#12299,.T.);
#12299 = EDGE_CURVE('',#12300,#12302,#12304,.T.);
#12300 = VERTEX_POINT('',#12301);
#12301 = CARTESIAN_POINT('',(-37.75,0.,-2.82));
#12302 = VERTEX_POINT('',#12303);
#12303 = CARTESIAN_POINT('',(-37.75,-8.572527594031E-17,1.44));
#12304 = SEAM_CURVE('',#12305,(#12309,#12321),.PCURVE_S1.);
#12305 = LINE('',#12306,#12307);
#12306 = CARTESIAN_POINT('',(-37.75,-8.572527594031E-17,-3.1));
#12307 = VECTOR('',#12308,1.);
#12308 = DIRECTION('',(0.,0.,1.));
#12309 = PCURVE('',#12310,#12315);
#12310 = CYLINDRICAL_SURFACE('',#12311,0.35);
#12311 = AXIS2_PLACEMENT_3D('',#12312,#12313,#12314);
#12312 = CARTESIAN_POINT('',(-38.1,0.,-3.1));
#12313 = DIRECTION('',(0.,0.,1.));
#12314 = DIRECTION('',(1.,0.,0.));
#12315 = DEFINITIONAL_REPRESENTATION('',(#12316),#12320);
#12316 = LINE('',#12317,#12318);
#12317 = CARTESIAN_POINT('',(6.28318530718,-0.));
#12318 = VECTOR('',#12319,1.);
#12319 = DIRECTION('',(0.,1.));
#12320 = ( GEOMETRIC_REPRESENTATION_CONTEXT(2) 
PARAMETRIC_REPRESENTATION_CONTEXT() REPRESENTATION_CONTEXT('2D SPACE',''
  ) );
#12321 = PCURVE('',#12310,#12322);
#12322 = DEFINITIONAL_REPRESENTATION('',(#12323),#12327);
#12323 = LINE('',#12324,#12325);
#12324 = CARTESIAN_POINT('',(0.,-0.));
#12325 = VECTOR('',#12326,1.);
#12326 = DIRECTION('',(0.,1.));
#12327 = ( GEOMETRIC_REPRESENTATION_CONTEXT(2) 
PARAMETRIC_REPRESENTATION_CONTEXT() REPRESENTATION_CONTEXT('2D SPACE',''
  ) );
#12328 = ORIENTED_EDGE('',*,*,#12329,.F.);
#12329 = EDGE_CURVE('',#12302,#12302,#12330,.T.);
#12330 = SURFACE_CURVE('',#12331,(#12336,#12343),.PCURVE_S1.);
#12331 = CIRCLE('',#12332,0.35);
#12332 = AXIS2_PLACEMENT_3D('',#12333,#12334,#12335);
#12333 = CARTESIAN_POINT('',(-38.1,0.,1.44));
#12334 = DIRECTION('',(0.,0.,1.));
#12335 = DIRECTION('',(1.,0.,0.));
#12336 = PCURVE('',#12310,#12337);
#12337 = DEFINITIONAL_REPRESENTATION('',(#12338),#12342);
#12338 = LINE('',#12339,#12340);
#12339 = CARTESIAN_POINT('',(0.,4.54));
#12340 = VECTOR('',#12341,1.);
#12341 = DIRECTION('',(1.,0.));
#12342 = ( GEOMETRIC_REPRESENTATION_CONTEXT(2) 
PARAMETRIC_REPRESENTATION_CONTEXT() REPRESENTATION_CONTEXT('2D SPACE',''
  ) );
#12343 = PCURVE('',#12344,#12349);
#12344 = PLANE('',#12345);
#12345 = AXIS2_PLACEMENT_3D('',#12346,#12347,#12348);
#12346 = CARTESIAN_POINT('',(-38.1,0.,1.44));
#12347 = DIRECTION('',(0.,0.,1.));
#12348 = DIRECTION('',(1.,0.,0.));
#12349 = DEFINITIONAL_REPRESENTATION('',(#12350),#12354);
#12350 = CIRCLE('',#12351,0.35);
#12351 = AXIS2_PLACEMENT_2D('',#12352,#12353);
#12352 = CARTESIAN_POINT('',(0.,0.));
#12353 = DIRECTION('',(1.,0.));
#12354 = ( GEOMETRIC_REPRESENTATION_CONTEXT(2) 
PARAMETRIC_REPRESENTATION_CONTEXT() REPRESENTATION_CONTEXT('2D SPACE',''
  ) );
#12355 = ORIENTED_EDGE('',*,*,#12299,.F.);
#12356 = ORIENTED_EDGE('',*,*,#12357,.T.);
#12357 = EDGE_CURVE('',#12300,#12300,#12358,.T.);
#12358 = SURFACE_CURVE('',#12359,(#12364,#12371),.PCURVE_S1.);
#12359 = CIRCLE('',#12360,0.35);
#12360 = AXIS2_PLACEMENT_3D('',#12361,#12362,#12363);
#12361 = CARTESIAN_POINT('',(-38.1,0.,-2.82));
#12362 = DIRECTION('',(0.,0.,1.));
#12363 = DIRECTION('',(1.,0.,0.));
#12364 = PCURVE('',#12310,#12365);
#12365 = DEFINITIONAL_REPRESENTATION('',(#12366),#12370);
#12366 = LINE('',#12367,#12368);
#12367 = CARTESIAN_POINT('',(0.,0.28));
#12368 = VECTOR('',#12369,1.);
#12369 = DIRECTION('',(1.,0.));
#12370 = ( GEOMETRIC_REPRESENTATION_CONTEXT(2) 
PARAMETRIC_REPRESENTATION_CONTEXT() REPRESENTATION_CONTEXT('2D SPACE',''
  ) );
#12371 = PCURVE('',#12372,#12377);
#12372 = CONICAL_SURFACE('',#12373,0.35,0.785398163397);
#12373 = AXIS2_PLACEMENT_3D('',#12374,#12375,#12376);
#12374 = CARTESIAN_POINT('',(-38.1,0.,-2.82));
#12375 = DIRECTION('',(0.,0.,1.));
#12376 = DIRECTION('',(1.,0.,0.));
#12377 = DEFINITIONAL_REPRESENTATION('',(#12378),#12382);
#12378 = LINE('',#12379,#12380);
#12379 = CARTESIAN_POINT('',(0.,-0.));
#12380 = VECTOR('',#12381,1.);
#12381 = DIRECTION('',(1.,-0.));
#12382 = ( GEOMETRIC_REPRESENTATION_CONTEXT(2) 
PARAMETRIC_REPRESENTATION_CONTEXT() REPRESENTATION_CONTEXT('2D SPACE',''
  ) );
#12383 = ADVANCED_FACE('',(#12384),#12372,.T.);
#12384 = FACE_BOUND('',#12385,.F.);
#12385 = EDGE_LOOP('',(#12386,#12407,#12408,#12409));
#12386 = ORIENTED_EDGE('',*,*,#12387,.F.);
#12387 = EDGE_CURVE('',#12300,#12388,#12390,.T.);
#12388 = VERTEX_POINT('',#12389);
#12389 = CARTESIAN_POINT('',(-38.03,0.,-3.1));
#12390 = SEAM_CURVE('',#12391,(#12395,#12401),.PCURVE_S1.);
#12391 = LINE('',#12392,#12393);
#12392 = CARTESIAN_POINT('',(-37.75,0.,-2.82));
#12393 = VECTOR('',#12394,1.);
#12394 = DIRECTION('',(-0.707106781187,-0.,-0.707106781187));
#12395 = PCURVE('',#12372,#12396);
#12396 = DEFINITIONAL_REPRESENTATION('',(#12397),#12400);
#12397 = B_SPLINE_CURVE_WITH_KNOTS('',1,(#12398,#12399),.UNSPECIFIED.,
  .F.,.F.,(2,2),(0.,0.395979797464),.PIECEWISE_BEZIER_KNOTS.);
#12398 = CARTESIAN_POINT('',(0.,0.));
#12399 = CARTESIAN_POINT('',(0.,-0.28));
#12400 = ( GEOMETRIC_REPRESENTATION_CONTEXT(2) 
PARAMETRIC_REPRESENTATION_CONTEXT() REPRESENTATION_CONTEXT('2D SPACE',''
  ) );
#12401 = PCURVE('',#12372,#12402);
#12402 = DEFINITIONAL_REPRESENTATION('',(#12403),#12406);
#12403 = B_SPLINE_CURVE_WITH_KNOTS('',1,(#12404,#12405),.UNSPECIFIED.,
  .F.,.F.,(2,2),(0.,0.395979797464),.PIECEWISE_BEZIER_KNOTS.);
#12404 = CARTESIAN_POINT('',(6.28318530718,0.));
#12405 = CARTESIAN_POINT('',(6.28318530718,-0.28));
#12406 = ( GEOMETRIC_REPRESENTATION_CONTEXT(2) 
PARAMETRIC_REPRESENTATION_CONTEXT() REPRESENTATION_CONTEXT('2D SPACE',''
  ) );
#12407 = ORIENTED_EDGE('',*,*,#12357,.T.);
#12408 = ORIENTED_EDGE('',*,*,#12387,.T.);
#12409 = ORIENTED_EDGE('',*,*,#12410,.F.);
#12410 = EDGE_CURVE('',#12388,#12388,#12411,.T.);
#12411 = SURFACE_CURVE('',#12412,(#12417,#12424),.PCURVE_S1.);
#12412 = CIRCLE('',#12413,7.E-02);
#12413 = AXIS2_PLACEMENT_3D('',#12414,#12415,#12416);
#12414 = CARTESIAN_POINT('',(-38.1,0.,-3.1));
#12415 = DIRECTION('',(0.,0.,1.));
#12416 = DIRECTION('',(1.,0.,0.));
#12417 = PCURVE('',#12372,#12418);
#12418 = DEFINITIONAL_REPRESENTATION('',(#12419),#12423);
#12419 = LINE('',#12420,#12421);
#12420 = CARTESIAN_POINT('',(0.,-0.28));
#12421 = VECTOR('',#12422,1.);
#12422 = DIRECTION('',(1.,-0.));
#12423 = ( GEOMETRIC_REPRESENTATION_CONTEXT(2) 
PARAMETRIC_REPRESENTATION_CONTEXT() REPRESENTATION_CONTEXT('2D SPACE',''
  ) );
#12424 = PCURVE('',#12425,#12430);
#12425 = PLANE('',#12426);
#12426 = AXIS2_PLACEMENT_3D('',#12427,#12428,#12429);
#12427 = CARTESIAN_POINT('',(-38.1,0.,-3.1));
#12428 = DIRECTION('',(0.,0.,1.));
#12429 = DIRECTION('',(1.,0.,0.));
#12430 = DEFINITIONAL_REPRESENTATION('',(#12431),#12435);
#12431 = CIRCLE('',#12432,7.E-02);
#12432 = AXIS2_PLACEMENT_2D('',#12433,#12434);
#12433 = CARTESIAN_POINT('',(0.,0.));
#12434 = DIRECTION('',(1.,0.));
#12435 = ( GEOMETRIC_REPRESENTATION_CONTEXT(2) 
PARAMETRIC_REPRESENTATION_CONTEXT() REPRESENTATION_CONTEXT('2D SPACE',''
  ) );
#12436 = ADVANCED_FACE('',(#12437),#12344,.T.);
#12437 = FACE_BOUND('',#12438,.T.);
#12438 = EDGE_LOOP('',(#12439));
#12439 = ORIENTED_EDGE('',*,*,#12329,.T.);
#12440 = ADVANCED_FACE('',(#12441),#12425,.F.);
#12441 = FACE_BOUND('',#12442,.F.);
#12442 = EDGE_LOOP('',(#12443));
#12443 = ORIENTED_EDGE('',*,*,#12410,.T.);
#12444 = MANIFOLD_SOLID_BREP('',#12445);
#12445 = CLOSED_SHELL('',(#12446,#12534,#12587,#12591));
#12446 = ADVANCED_FACE('',(#12447),#12461,.T.);
#12447 = FACE_BOUND('',#12448,.T.);
#12448 = EDGE_LOOP('',(#12449,#12479,#12506,#12507));
#12449 = ORIENTED_EDGE('',*,*,#12450,.T.);
#12450 = EDGE_CURVE('',#12451,#12453,#12455,.T.);
#12451 = VERTEX_POINT('',#12452);
#12452 = CARTESIAN_POINT('',(-37.75,2.54,-2.82));
#12453 = VERTEX_POINT('',#12454);
#12454 = CARTESIAN_POINT('',(-37.75,2.54,1.44));
#12455 = SEAM_CURVE('',#12456,(#12460,#12472),.PCURVE_S1.);
#12456 = LINE('',#12457,#12458);
#12457 = CARTESIAN_POINT('',(-37.75,2.54,-3.1));
#12458 = VECTOR('',#12459,1.);
#12459 = DIRECTION('',(0.,0.,1.));
#12460 = PCURVE('',#12461,#12466);
#12461 = CYLINDRICAL_SURFACE('',#12462,0.35);
#12462 = AXIS2_PLACEMENT_3D('',#12463,#12464,#12465);
#12463 = CARTESIAN_POINT('',(-38.1,2.54,-3.1));
#12464 = DIRECTION('',(0.,0.,1.));
#12465 = DIRECTION('',(1.,0.,0.));
#12466 = DEFINITIONAL_REPRESENTATION('',(#12467),#12471);
#12467 = LINE('',#12468,#12469);
#12468 = CARTESIAN_POINT('',(6.28318530718,-0.));
#12469 = VECTOR('',#12470,1.);
#12470 = DIRECTION('',(0.,1.));
#12471 = ( GEOMETRIC_REPRESENTATION_CONTEXT(2) 
PARAMETRIC_REPRESENTATION_CONTEXT() REPRESENTATION_CONTEXT('2D SPACE',''
  ) );
#12472 = PCURVE('',#12461,#12473);
#12473 = DEFINITIONAL_REPRESENTATION('',(#12474),#12478);
#12474 = LINE('',#12475,#12476);
#12475 = CARTESIAN_POINT('',(0.,-0.));
#12476 = VECTOR('',#12477,1.);
#12477 = DIRECTION('',(0.,1.));
#12478 = ( GEOMETRIC_REPRESENTATION_CONTEXT(2) 
PARAMETRIC_REPRESENTATION_CONTEXT() REPRESENTATION_CONTEXT('2D SPACE',''
  ) );
#12479 = ORIENTED_EDGE('',*,*,#12480,.F.);
#12480 = EDGE_CURVE('',#12453,#12453,#12481,.T.);
#12481 = SURFACE_CURVE('',#12482,(#12487,#12494),.PCURVE_S1.);
#12482 = CIRCLE('',#12483,0.35);
#12483 = AXIS2_PLACEMENT_3D('',#12484,#12485,#12486);
#12484 = CARTESIAN_POINT('',(-38.1,2.54,1.44));
#12485 = DIRECTION('',(0.,0.,1.));
#12486 = DIRECTION('',(1.,0.,0.));
#12487 = PCURVE('',#12461,#12488);
#12488 = DEFINITIONAL_REPRESENTATION('',(#12489),#12493);
#12489 = LINE('',#12490,#12491);
#12490 = CARTESIAN_POINT('',(0.,4.54));
#12491 = VECTOR('',#12492,1.);
#12492 = DIRECTION('',(1.,0.));
#12493 = ( GEOMETRIC_REPRESENTATION_CONTEXT(2) 
PARAMETRIC_REPRESENTATION_CONTEXT() REPRESENTATION_CONTEXT('2D SPACE',''
  ) );
#12494 = PCURVE('',#12495,#12500);
#12495 = PLANE('',#12496);
#12496 = AXIS2_PLACEMENT_3D('',#12497,#12498,#12499);
#12497 = CARTESIAN_POINT('',(-38.1,2.54,1.44));
#12498 = DIRECTION('',(0.,0.,1.));
#12499 = DIRECTION('',(1.,0.,0.));
#12500 = DEFINITIONAL_REPRESENTATION('',(#12501),#12505);
#12501 = CIRCLE('',#12502,0.35);
#12502 = AXIS2_PLACEMENT_2D('',#12503,#12504);
#12503 = CARTESIAN_POINT('',(0.,0.));
#12504 = DIRECTION('',(1.,0.));
#12505 = ( GEOMETRIC_REPRESENTATION_CONTEXT(2) 
PARAMETRIC_REPRESENTATION_CONTEXT() REPRESENTATION_CONTEXT('2D SPACE',''
  ) );
#12506 = ORIENTED_EDGE('',*,*,#12450,.F.);
#12507 = ORIENTED_EDGE('',*,*,#12508,.T.);
#12508 = EDGE_CURVE('',#12451,#12451,#12509,.T.);
#12509 = SURFACE_CURVE('',#12510,(#12515,#12522),.PCURVE_S1.);
#12510 = CIRCLE('',#12511,0.35);
#12511 = AXIS2_PLACEMENT_3D('',#12512,#12513,#12514);
#12512 = CARTESIAN_POINT('',(-38.1,2.54,-2.82));
#12513 = DIRECTION('',(0.,0.,1.));
#12514 = DIRECTION('',(1.,0.,0.));
#12515 = PCURVE('',#12461,#12516);
#12516 = DEFINITIONAL_REPRESENTATION('',(#12517),#12521);
#12517 = LINE('',#12518,#12519);
#12518 = CARTESIAN_POINT('',(0.,0.28));
#12519 = VECTOR('',#12520,1.);
#12520 = DIRECTION('',(1.,0.));
#12521 = ( GEOMETRIC_REPRESENTATION_CONTEXT(2) 
PARAMETRIC_REPRESENTATION_CONTEXT() REPRESENTATION_CONTEXT('2D SPACE',''
  ) );
#12522 = PCURVE('',#12523,#12528);
#12523 = CONICAL_SURFACE('',#12524,0.35,0.785398163397);
#12524 = AXIS2_PLACEMENT_3D('',#12525,#12526,#12527);
#12525 = CARTESIAN_POINT('',(-38.1,2.54,-2.82));
#12526 = DIRECTION('',(0.,0.,1.));
#12527 = DIRECTION('',(1.,0.,0.));
#12528 = DEFINITIONAL_REPRESENTATION('',(#12529),#12533);
#12529 = LINE('',#12530,#12531);
#12530 = CARTESIAN_POINT('',(0.,-0.));
#12531 = VECTOR('',#12532,1.);
#12532 = DIRECTION('',(1.,-0.));
#12533 = ( GEOMETRIC_REPRESENTATION_CONTEXT(2) 
PARAMETRIC_REPRESENTATION_CONTEXT() REPRESENTATION_CONTEXT('2D SPACE',''
  ) );
#12534 = ADVANCED_FACE('',(#12535),#12523,.T.);
#12535 = FACE_BOUND('',#12536,.F.);
#12536 = EDGE_LOOP('',(#12537,#12558,#12559,#12560));
#12537 = ORIENTED_EDGE('',*,*,#12538,.F.);
#12538 = EDGE_CURVE('',#12451,#12539,#12541,.T.);
#12539 = VERTEX_POINT('',#12540);
#12540 = CARTESIAN_POINT('',(-38.03,2.54,-3.1));
#12541 = SEAM_CURVE('',#12542,(#12546,#12552),.PCURVE_S1.);
#12542 = LINE('',#12543,#12544);
#12543 = CARTESIAN_POINT('',(-37.75,2.54,-2.82));
#12544 = VECTOR('',#12545,1.);
#12545 = DIRECTION('',(-0.707106781187,-0.,-0.707106781187));
#12546 = PCURVE('',#12523,#12547);
#12547 = DEFINITIONAL_REPRESENTATION('',(#12548),#12551);
#12548 = B_SPLINE_CURVE_WITH_KNOTS('',1,(#12549,#12550),.UNSPECIFIED.,
  .F.,.F.,(2,2),(0.,0.395979797464),.PIECEWISE_BEZIER_KNOTS.);
#12549 = CARTESIAN_POINT('',(0.,0.));
#12550 = CARTESIAN_POINT('',(0.,-0.28));
#12551 = ( GEOMETRIC_REPRESENTATION_CONTEXT(2) 
PARAMETRIC_REPRESENTATION_CONTEXT() REPRESENTATION_CONTEXT('2D SPACE',''
  ) );
#12552 = PCURVE('',#12523,#12553);
#12553 = DEFINITIONAL_REPRESENTATION('',(#12554),#12557);
#12554 = B_SPLINE_CURVE_WITH_KNOTS('',1,(#12555,#12556),.UNSPECIFIED.,
  .F.,.F.,(2,2),(0.,0.395979797464),.PIECEWISE_BEZIER_KNOTS.);
#12555 = CARTESIAN_POINT('',(6.28318530718,0.));
#12556 = CARTESIAN_POINT('',(6.28318530718,-0.28));
#12557 = ( GEOMETRIC_REPRESENTATION_CONTEXT(2) 
PARAMETRIC_REPRESENTATION_CONTEXT() REPRESENTATION_CONTEXT('2D SPACE',''
  ) );
#12558 = ORIENTED_EDGE('',*,*,#12508,.T.);
#12559 = ORIENTED_EDGE('',*,*,#12538,.T.);
#12560 = ORIENTED_EDGE('',*,*,#12561,.F.);
#12561 = EDGE_CURVE('',#12539,#12539,#12562,.T.);
#12562 = SURFACE_CURVE('',#12563,(#12568,#12575),.PCURVE_S1.);
#12563 = CIRCLE('',#12564,7.E-02);
#12564 = AXIS2_PLACEMENT_3D('',#12565,#12566,#12567);
#12565 = CARTESIAN_POINT('',(-38.1,2.54,-3.1));
#12566 = DIRECTION('',(0.,0.,1.));
#12567 = DIRECTION('',(1.,0.,0.));
#12568 = PCURVE('',#12523,#12569);
#12569 = DEFINITIONAL_REPRESENTATION('',(#12570),#12574);
#12570 = LINE('',#12571,#12572);
#12571 = CARTESIAN_POINT('',(0.,-0.28));
#12572 = VECTOR('',#12573,1.);
#12573 = DIRECTION('',(1.,-0.));
#12574 = ( GEOMETRIC_REPRESENTATION_CONTEXT(2) 
PARAMETRIC_REPRESENTATION_CONTEXT() REPRESENTATION_CONTEXT('2D SPACE',''
  ) );
#12575 = PCURVE('',#12576,#12581);
#12576 = PLANE('',#12577);
#12577 = AXIS2_PLACEMENT_3D('',#12578,#12579,#12580);
#12578 = CARTESIAN_POINT('',(-38.1,2.54,-3.1));
#12579 = DIRECTION('',(0.,0.,1.));
#12580 = DIRECTION('',(1.,0.,0.));
#12581 = DEFINITIONAL_REPRESENTATION('',(#12582),#12586);
#12582 = CIRCLE('',#12583,7.E-02);
#12583 = AXIS2_PLACEMENT_2D('',#12584,#12585);
#12584 = CARTESIAN_POINT('',(0.,0.));
#12585 = DIRECTION('',(1.,0.));
#12586 = ( GEOMETRIC_REPRESENTATION_CONTEXT(2) 
PARAMETRIC_REPRESENTATION_CONTEXT() REPRESENTATION_CONTEXT('2D SPACE',''
  ) );
#12587 = ADVANCED_FACE('',(#12588),#12495,.T.);
#12588 = FACE_BOUND('',#12589,.T.);
#12589 = EDGE_LOOP('',(#12590));
#12590 = ORIENTED_EDGE('',*,*,#12480,.T.);
#12591 = ADVANCED_FACE('',(#12592),#12576,.F.);
#12592 = FACE_BOUND('',#12593,.F.);
#12593 = EDGE_LOOP('',(#12594));
#12594 = ORIENTED_EDGE('',*,*,#12561,.T.);
#12595 = MANIFOLD_SOLID_BREP('',#12596);
#12596 = CLOSED_SHELL('',(#12597,#12685,#12738,#12742));
#12597 = ADVANCED_FACE('',(#12598),#12612,.T.);
#12598 = FACE_BOUND('',#12599,.T.);
#12599 = EDGE_LOOP('',(#12600,#12630,#12657,#12658));
#12600 = ORIENTED_EDGE('',*,*,#12601,.T.);
#12601 = EDGE_CURVE('',#12602,#12604,#12606,.T.);
#12602 = VERTEX_POINT('',#12603);
#12603 = CARTESIAN_POINT('',(-40.29,0.,-2.82));
#12604 = VERTEX_POINT('',#12605);
#12605 = CARTESIAN_POINT('',(-40.29,-8.572527594031E-17,1.44));
#12606 = SEAM_CURVE('',#12607,(#12611,#12623),.PCURVE_S1.);
#12607 = LINE('',#12608,#12609);
#12608 = CARTESIAN_POINT('',(-40.29,-8.572527594031E-17,-3.1));
#12609 = VECTOR('',#12610,1.);
#12610 = DIRECTION('',(0.,0.,1.));
#12611 = PCURVE('',#12612,#12617);
#12612 = CYLINDRICAL_SURFACE('',#12613,0.35);
#12613 = AXIS2_PLACEMENT_3D('',#12614,#12615,#12616);
#12614 = CARTESIAN_POINT('',(-40.64,0.,-3.1));
#12615 = DIRECTION('',(0.,0.,1.));
#12616 = DIRECTION('',(1.,0.,0.));
#12617 = DEFINITIONAL_REPRESENTATION('',(#12618),#12622);
#12618 = LINE('',#12619,#12620);
#12619 = CARTESIAN_POINT('',(6.28318530718,-0.));
#12620 = VECTOR('',#12621,1.);
#12621 = DIRECTION('',(0.,1.));
#12622 = ( GEOMETRIC_REPRESENTATION_CONTEXT(2) 
PARAMETRIC_REPRESENTATION_CONTEXT() REPRESENTATION_CONTEXT('2D SPACE',''
  ) );
#12623 = PCURVE('',#12612,#12624);
#12624 = DEFINITIONAL_REPRESENTATION('',(#12625),#12629);
#12625 = LINE('',#12626,#12627);
#12626 = CARTESIAN_POINT('',(0.,-0.));
#12627 = VECTOR('',#12628,1.);
#12628 = DIRECTION('',(0.,1.));
#12629 = ( GEOMETRIC_REPRESENTATION_CONTEXT(2) 
PARAMETRIC_REPRESENTATION_CONTEXT() REPRESENTATION_CONTEXT('2D SPACE',''
  ) );
#12630 = ORIENTED_EDGE('',*,*,#12631,.F.);
#12631 = EDGE_CURVE('',#12604,#12604,#12632,.T.);
#12632 = SURFACE_CURVE('',#12633,(#12638,#12645),.PCURVE_S1.);
#12633 = CIRCLE('',#12634,0.35);
#12634 = AXIS2_PLACEMENT_3D('',#12635,#12636,#12637);
#12635 = CARTESIAN_POINT('',(-40.64,0.,1.44));
#12636 = DIRECTION('',(0.,0.,1.));
#12637 = DIRECTION('',(1.,0.,0.));
#12638 = PCURVE('',#12612,#12639);
#12639 = DEFINITIONAL_REPRESENTATION('',(#12640),#12644);
#12640 = LINE('',#12641,#12642);
#12641 = CARTESIAN_POINT('',(0.,4.54));
#12642 = VECTOR('',#12643,1.);
#12643 = DIRECTION('',(1.,0.));
#12644 = ( GEOMETRIC_REPRESENTATION_CONTEXT(2) 
PARAMETRIC_REPRESENTATION_CONTEXT() REPRESENTATION_CONTEXT('2D SPACE',''
  ) );
#12645 = PCURVE('',#12646,#12651);
#12646 = PLANE('',#12647);
#12647 = AXIS2_PLACEMENT_3D('',#12648,#12649,#12650);
#12648 = CARTESIAN_POINT('',(-40.64,0.,1.44));
#12649 = DIRECTION('',(0.,0.,1.));
#12650 = DIRECTION('',(1.,0.,0.));
#12651 = DEFINITIONAL_REPRESENTATION('',(#12652),#12656);
#12652 = CIRCLE('',#12653,0.35);
#12653 = AXIS2_PLACEMENT_2D('',#12654,#12655);
#12654 = CARTESIAN_POINT('',(0.,0.));
#12655 = DIRECTION('',(1.,0.));
#12656 = ( GEOMETRIC_REPRESENTATION_CONTEXT(2) 
PARAMETRIC_REPRESENTATION_CONTEXT() REPRESENTATION_CONTEXT('2D SPACE',''
  ) );
#12657 = ORIENTED_EDGE('',*,*,#12601,.F.);
#12658 = ORIENTED_EDGE('',*,*,#12659,.T.);
#12659 = EDGE_CURVE('',#12602,#12602,#12660,.T.);
#12660 = SURFACE_CURVE('',#12661,(#12666,#12673),.PCURVE_S1.);
#12661 = CIRCLE('',#12662,0.35);
#12662 = AXIS2_PLACEMENT_3D('',#12663,#12664,#12665);
#12663 = CARTESIAN_POINT('',(-40.64,0.,-2.82));
#12664 = DIRECTION('',(0.,0.,1.));
#12665 = DIRECTION('',(1.,0.,0.));
#12666 = PCURVE('',#12612,#12667);
#12667 = DEFINITIONAL_REPRESENTATION('',(#12668),#12672);
#12668 = LINE('',#12669,#12670);
#12669 = CARTESIAN_POINT('',(0.,0.28));
#12670 = VECTOR('',#12671,1.);
#12671 = DIRECTION('',(1.,0.));
#12672 = ( GEOMETRIC_REPRESENTATION_CONTEXT(2) 
PARAMETRIC_REPRESENTATION_CONTEXT() REPRESENTATION_CONTEXT('2D SPACE',''
  ) );
#12673 = PCURVE('',#12674,#12679);
#12674 = CONICAL_SURFACE('',#12675,0.35,0.785398163397);
#12675 = AXIS2_PLACEMENT_3D('',#12676,#12677,#12678);
#12676 = CARTESIAN_POINT('',(-40.64,0.,-2.82));
#12677 = DIRECTION('',(0.,0.,1.));
#12678 = DIRECTION('',(1.,0.,0.));
#12679 = DEFINITIONAL_REPRESENTATION('',(#12680),#12684);
#12680 = LINE('',#12681,#12682);
#12681 = CARTESIAN_POINT('',(0.,-0.));
#12682 = VECTOR('',#12683,1.);
#12683 = DIRECTION('',(1.,-0.));
#12684 = ( GEOMETRIC_REPRESENTATION_CONTEXT(2) 
PARAMETRIC_REPRESENTATION_CONTEXT() REPRESENTATION_CONTEXT('2D SPACE',''
  ) );
#12685 = ADVANCED_FACE('',(#12686),#12674,.T.);
#12686 = FACE_BOUND('',#12687,.F.);
#12687 = EDGE_LOOP('',(#12688,#12709,#12710,#12711));
#12688 = ORIENTED_EDGE('',*,*,#12689,.F.);
#12689 = EDGE_CURVE('',#12602,#12690,#12692,.T.);
#12690 = VERTEX_POINT('',#12691);
#12691 = CARTESIAN_POINT('',(-40.57,0.,-3.1));
#12692 = SEAM_CURVE('',#12693,(#12697,#12703),.PCURVE_S1.);
#12693 = LINE('',#12694,#12695);
#12694 = CARTESIAN_POINT('',(-40.29,0.,-2.82));
#12695 = VECTOR('',#12696,1.);
#12696 = DIRECTION('',(-0.707106781187,-0.,-0.707106781187));
#12697 = PCURVE('',#12674,#12698);
#12698 = DEFINITIONAL_REPRESENTATION('',(#12699),#12702);
#12699 = B_SPLINE_CURVE_WITH_KNOTS('',1,(#12700,#12701),.UNSPECIFIED.,
  .F.,.F.,(2,2),(0.,0.395979797464),.PIECEWISE_BEZIER_KNOTS.);
#12700 = CARTESIAN_POINT('',(0.,0.));
#12701 = CARTESIAN_POINT('',(0.,-0.28));
#12702 = ( GEOMETRIC_REPRESENTATION_CONTEXT(2) 
PARAMETRIC_REPRESENTATION_CONTEXT() REPRESENTATION_CONTEXT('2D SPACE',''
  ) );
#12703 = PCURVE('',#12674,#12704);
#12704 = DEFINITIONAL_REPRESENTATION('',(#12705),#12708);
#12705 = B_SPLINE_CURVE_WITH_KNOTS('',1,(#12706,#12707),.UNSPECIFIED.,
  .F.,.F.,(2,2),(0.,0.395979797464),.PIECEWISE_BEZIER_KNOTS.);
#12706 = CARTESIAN_POINT('',(6.28318530718,0.));
#12707 = CARTESIAN_POINT('',(6.28318530718,-0.28));
#12708 = ( GEOMETRIC_REPRESENTATION_CONTEXT(2) 
PARAMETRIC_REPRESENTATION_CONTEXT() REPRESENTATION_CONTEXT('2D SPACE',''
  ) );
#12709 = ORIENTED_EDGE('',*,*,#12659,.T.);
#12710 = ORIENTED_EDGE('',*,*,#12689,.T.);
#12711 = ORIENTED_EDGE('',*,*,#12712,.F.);
#12712 = EDGE_CURVE('',#12690,#12690,#12713,.T.);
#12713 = SURFACE_CURVE('',#12714,(#12719,#12726),.PCURVE_S1.);
#12714 = CIRCLE('',#12715,7.E-02);
#12715 = AXIS2_PLACEMENT_3D('',#12716,#12717,#12718);
#12716 = CARTESIAN_POINT('',(-40.64,0.,-3.1));
#12717 = DIRECTION('',(0.,0.,1.));
#12718 = DIRECTION('',(1.,0.,0.));
#12719 = PCURVE('',#12674,#12720);
#12720 = DEFINITIONAL_REPRESENTATION('',(#12721),#12725);
#12721 = LINE('',#12722,#12723);
#12722 = CARTESIAN_POINT('',(0.,-0.28));
#12723 = VECTOR('',#12724,1.);
#12724 = DIRECTION('',(1.,-0.));
#12725 = ( GEOMETRIC_REPRESENTATION_CONTEXT(2) 
PARAMETRIC_REPRESENTATION_CONTEXT() REPRESENTATION_CONTEXT('2D SPACE',''
  ) );
#12726 = PCURVE('',#12727,#12732);
#12727 = PLANE('',#12728);
#12728 = AXIS2_PLACEMENT_3D('',#12729,#12730,#12731);
#12729 = CARTESIAN_POINT('',(-40.64,0.,-3.1));
#12730 = DIRECTION('',(0.,0.,1.));
#12731 = DIRECTION('',(1.,0.,0.));
#12732 = DEFINITIONAL_REPRESENTATION('',(#12733),#12737);
#12733 = CIRCLE('',#12734,7.E-02);
#12734 = AXIS2_PLACEMENT_2D('',#12735,#12736);
#12735 = CARTESIAN_POINT('',(0.,0.));
#12736 = DIRECTION('',(1.,0.));
#12737 = ( GEOMETRIC_REPRESENTATION_CONTEXT(2) 
PARAMETRIC_REPRESENTATION_CONTEXT() REPRESENTATION_CONTEXT('2D SPACE',''
  ) );
#12738 = ADVANCED_FACE('',(#12739),#12646,.T.);
#12739 = FACE_BOUND('',#12740,.T.);
#12740 = EDGE_LOOP('',(#12741));
#12741 = ORIENTED_EDGE('',*,*,#12631,.T.);
#12742 = ADVANCED_FACE('',(#12743),#12727,.F.);
#12743 = FACE_BOUND('',#12744,.F.);
#12744 = EDGE_LOOP('',(#12745));
#12745 = ORIENTED_EDGE('',*,*,#12712,.T.);
#12746 = MANIFOLD_SOLID_BREP('',#12747);
#12747 = CLOSED_SHELL('',(#12748,#12836,#12889,#12893));
#12748 = ADVANCED_FACE('',(#12749),#12763,.T.);
#12749 = FACE_BOUND('',#12750,.T.);
#12750 = EDGE_LOOP('',(#12751,#12781,#12808,#12809));
#12751 = ORIENTED_EDGE('',*,*,#12752,.T.);
#12752 = EDGE_CURVE('',#12753,#12755,#12757,.T.);
#12753 = VERTEX_POINT('',#12754);
#12754 = CARTESIAN_POINT('',(-40.29,2.54,-2.82));
#12755 = VERTEX_POINT('',#12756);
#12756 = CARTESIAN_POINT('',(-40.29,2.54,1.44));
#12757 = SEAM_CURVE('',#12758,(#12762,#12774),.PCURVE_S1.);
#12758 = LINE('',#12759,#12760);
#12759 = CARTESIAN_POINT('',(-40.29,2.54,-3.1));
#12760 = VECTOR('',#12761,1.);
#12761 = DIRECTION('',(0.,0.,1.));
#12762 = PCURVE('',#12763,#12768);
#12763 = CYLINDRICAL_SURFACE('',#12764,0.35);
#12764 = AXIS2_PLACEMENT_3D('',#12765,#12766,#12767);
#12765 = CARTESIAN_POINT('',(-40.64,2.54,-3.1));
#12766 = DIRECTION('',(0.,0.,1.));
#12767 = DIRECTION('',(1.,0.,0.));
#12768 = DEFINITIONAL_REPRESENTATION('',(#12769),#12773);
#12769 = LINE('',#12770,#12771);
#12770 = CARTESIAN_POINT('',(6.28318530718,-0.));
#12771 = VECTOR('',#12772,1.);
#12772 = DIRECTION('',(0.,1.));
#12773 = ( GEOMETRIC_REPRESENTATION_CONTEXT(2) 
PARAMETRIC_REPRESENTATION_CONTEXT() REPRESENTATION_CONTEXT('2D SPACE',''
  ) );
#12774 = PCURVE('',#12763,#12775);
#12775 = DEFINITIONAL_REPRESENTATION('',(#12776),#12780);
#12776 = LINE('',#12777,#12778);
#12777 = CARTESIAN_POINT('',(0.,-0.));
#12778 = VECTOR('',#12779,1.);
#12779 = DIRECTION('',(0.,1.));
#12780 = ( GEOMETRIC_REPRESENTATION_CONTEXT(2) 
PARAMETRIC_REPRESENTATION_CONTEXT() REPRESENTATION_CONTEXT('2D SPACE',''
  ) );
#12781 = ORIENTED_EDGE('',*,*,#12782,.F.);
#12782 = EDGE_CURVE('',#12755,#12755,#12783,.T.);
#12783 = SURFACE_CURVE('',#12784,(#12789,#12796),.PCURVE_S1.);
#12784 = CIRCLE('',#12785,0.35);
#12785 = AXIS2_PLACEMENT_3D('',#12786,#12787,#12788);
#12786 = CARTESIAN_POINT('',(-40.64,2.54,1.44));
#12787 = DIRECTION('',(0.,0.,1.));
#12788 = DIRECTION('',(1.,0.,0.));
#12789 = PCURVE('',#12763,#12790);
#12790 = DEFINITIONAL_REPRESENTATION('',(#12791),#12795);
#12791 = LINE('',#12792,#12793);
#12792 = CARTESIAN_POINT('',(0.,4.54));
#12793 = VECTOR('',#12794,1.);
#12794 = DIRECTION('',(1.,0.));
#12795 = ( GEOMETRIC_REPRESENTATION_CONTEXT(2) 
PARAMETRIC_REPRESENTATION_CONTEXT() REPRESENTATION_CONTEXT('2D SPACE',''
  ) );
#12796 = PCURVE('',#12797,#12802);
#12797 = PLANE('',#12798);
#12798 = AXIS2_PLACEMENT_3D('',#12799,#12800,#12801);
#12799 = CARTESIAN_POINT('',(-40.64,2.54,1.44));
#12800 = DIRECTION('',(0.,0.,1.));
#12801 = DIRECTION('',(1.,0.,0.));
#12802 = DEFINITIONAL_REPRESENTATION('',(#12803),#12807);
#12803 = CIRCLE('',#12804,0.35);
#12804 = AXIS2_PLACEMENT_2D('',#12805,#12806);
#12805 = CARTESIAN_POINT('',(0.,0.));
#12806 = DIRECTION('',(1.,0.));
#12807 = ( GEOMETRIC_REPRESENTATION_CONTEXT(2) 
PARAMETRIC_REPRESENTATION_CONTEXT() REPRESENTATION_CONTEXT('2D SPACE',''
  ) );
#12808 = ORIENTED_EDGE('',*,*,#12752,.F.);
#12809 = ORIENTED_EDGE('',*,*,#12810,.T.);
#12810 = EDGE_CURVE('',#12753,#12753,#12811,.T.);
#12811 = SURFACE_CURVE('',#12812,(#12817,#12824),.PCURVE_S1.);
#12812 = CIRCLE('',#12813,0.35);
#12813 = AXIS2_PLACEMENT_3D('',#12814,#12815,#12816);
#12814 = CARTESIAN_POINT('',(-40.64,2.54,-2.82));
#12815 = DIRECTION('',(0.,0.,1.));
#12816 = DIRECTION('',(1.,0.,0.));
#12817 = PCURVE('',#12763,#12818);
#12818 = DEFINITIONAL_REPRESENTATION('',(#12819),#12823);
#12819 = LINE('',#12820,#12821);
#12820 = CARTESIAN_POINT('',(0.,0.28));
#12821 = VECTOR('',#12822,1.);
#12822 = DIRECTION('',(1.,0.));
#12823 = ( GEOMETRIC_REPRESENTATION_CONTEXT(2) 
PARAMETRIC_REPRESENTATION_CONTEXT() REPRESENTATION_CONTEXT('2D SPACE',''
  ) );
#12824 = PCURVE('',#12825,#12830);
#12825 = CONICAL_SURFACE('',#12826,0.35,0.785398163397);
#12826 = AXIS2_PLACEMENT_3D('',#12827,#12828,#12829);
#12827 = CARTESIAN_POINT('',(-40.64,2.54,-2.82));
#12828 = DIRECTION('',(0.,0.,1.));
#12829 = DIRECTION('',(1.,0.,0.));
#12830 = DEFINITIONAL_REPRESENTATION('',(#12831),#12835);
#12831 = LINE('',#12832,#12833);
#12832 = CARTESIAN_POINT('',(0.,-0.));
#12833 = VECTOR('',#12834,1.);
#12834 = DIRECTION('',(1.,-0.));
#12835 = ( GEOMETRIC_REPRESENTATION_CONTEXT(2) 
PARAMETRIC_REPRESENTATION_CONTEXT() REPRESENTATION_CONTEXT('2D SPACE',''
  ) );
#12836 = ADVANCED_FACE('',(#12837),#12825,.T.);
#12837 = FACE_BOUND('',#12838,.F.);
#12838 = EDGE_LOOP('',(#12839,#12860,#12861,#12862));
#12839 = ORIENTED_EDGE('',*,*,#12840,.F.);
#12840 = EDGE_CURVE('',#12753,#12841,#12843,.T.);
#12841 = VERTEX_POINT('',#12842);
#12842 = CARTESIAN_POINT('',(-40.57,2.54,-3.1));
#12843 = SEAM_CURVE('',#12844,(#12848,#12854),.PCURVE_S1.);
#12844 = LINE('',#12845,#12846);
#12845 = CARTESIAN_POINT('',(-40.29,2.54,-2.82));
#12846 = VECTOR('',#12847,1.);
#12847 = DIRECTION('',(-0.707106781187,-0.,-0.707106781187));
#12848 = PCURVE('',#12825,#12849);
#12849 = DEFINITIONAL_REPRESENTATION('',(#12850),#12853);
#12850 = B_SPLINE_CURVE_WITH_KNOTS('',1,(#12851,#12852),.UNSPECIFIED.,
  .F.,.F.,(2,2),(0.,0.395979797464),.PIECEWISE_BEZIER_KNOTS.);
#12851 = CARTESIAN_POINT('',(0.,0.));
#12852 = CARTESIAN_POINT('',(0.,-0.28));
#12853 = ( GEOMETRIC_REPRESENTATION_CONTEXT(2) 
PARAMETRIC_REPRESENTATION_CONTEXT() REPRESENTATION_CONTEXT('2D SPACE',''
  ) );
#12854 = PCURVE('',#12825,#12855);
#12855 = DEFINITIONAL_REPRESENTATION('',(#12856),#12859);
#12856 = B_SPLINE_CURVE_WITH_KNOTS('',1,(#12857,#12858),.UNSPECIFIED.,
  .F.,.F.,(2,2),(0.,0.395979797464),.PIECEWISE_BEZIER_KNOTS.);
#12857 = CARTESIAN_POINT('',(6.28318530718,0.));
#12858 = CARTESIAN_POINT('',(6.28318530718,-0.28));
#12859 = ( GEOMETRIC_REPRESENTATION_CONTEXT(2) 
PARAMETRIC_REPRESENTATION_CONTEXT() REPRESENTATION_CONTEXT('2D SPACE',''
  ) );
#12860 = ORIENTED_EDGE('',*,*,#12810,.T.);
#12861 = ORIENTED_EDGE('',*,*,#12840,.T.);
#12862 = ORIENTED_EDGE('',*,*,#12863,.F.);
#12863 = EDGE_CURVE('',#12841,#12841,#12864,.T.);
#12864 = SURFACE_CURVE('',#12865,(#12870,#12877),.PCURVE_S1.);
#12865 = CIRCLE('',#12866,7.E-02);
#12866 = AXIS2_PLACEMENT_3D('',#12867,#12868,#12869);
#12867 = CARTESIAN_POINT('',(-40.64,2.54,-3.1));
#12868 = DIRECTION('',(0.,0.,1.));
#12869 = DIRECTION('',(1.,0.,0.));
#12870 = PCURVE('',#12825,#12871);
#12871 = DEFINITIONAL_REPRESENTATION('',(#12872),#12876);
#12872 = LINE('',#12873,#12874);
#12873 = CARTESIAN_POINT('',(0.,-0.28));
#12874 = VECTOR('',#12875,1.);
#12875 = DIRECTION('',(1.,-0.));
#12876 = ( GEOMETRIC_REPRESENTATION_CONTEXT(2) 
PARAMETRIC_REPRESENTATION_CONTEXT() REPRESENTATION_CONTEXT('2D SPACE',''
  ) );
#12877 = PCURVE('',#12878,#12883);
#12878 = PLANE('',#12879);
#12879 = AXIS2_PLACEMENT_3D('',#12880,#12881,#12882);
#12880 = CARTESIAN_POINT('',(-40.64,2.54,-3.1));
#12881 = DIRECTION('',(0.,0.,1.));
#12882 = DIRECTION('',(1.,0.,0.));
#12883 = DEFINITIONAL_REPRESENTATION('',(#12884),#12888);
#12884 = CIRCLE('',#12885,7.E-02);
#12885 = AXIS2_PLACEMENT_2D('',#12886,#12887);
#12886 = CARTESIAN_POINT('',(0.,0.));
#12887 = DIRECTION('',(1.,0.));
#12888 = ( GEOMETRIC_REPRESENTATION_CONTEXT(2) 
PARAMETRIC_REPRESENTATION_CONTEXT() REPRESENTATION_CONTEXT('2D SPACE',''
  ) );
#12889 = ADVANCED_FACE('',(#12890),#12797,.T.);
#12890 = FACE_BOUND('',#12891,.T.);
#12891 = EDGE_LOOP('',(#12892));
#12892 = ORIENTED_EDGE('',*,*,#12782,.T.);
#12893 = ADVANCED_FACE('',(#12894),#12878,.F.);
#12894 = FACE_BOUND('',#12895,.F.);
#12895 = EDGE_LOOP('',(#12896));
#12896 = ORIENTED_EDGE('',*,*,#12863,.T.);
#12897 = MANIFOLD_SOLID_BREP('',#12898);
#12898 = CLOSED_SHELL('',(#12899,#12987,#13040,#13044));
#12899 = ADVANCED_FACE('',(#12900),#12914,.T.);
#12900 = FACE_BOUND('',#12901,.T.);
#12901 = EDGE_LOOP('',(#12902,#12932,#12959,#12960));
#12902 = ORIENTED_EDGE('',*,*,#12903,.T.);
#12903 = EDGE_CURVE('',#12904,#12906,#12908,.T.);
#12904 = VERTEX_POINT('',#12905);
#12905 = CARTESIAN_POINT('',(-42.83,0.,-2.82));
#12906 = VERTEX_POINT('',#12907);
#12907 = CARTESIAN_POINT('',(-42.83,-8.572527594031E-17,1.44));
#12908 = SEAM_CURVE('',#12909,(#12913,#12925),.PCURVE_S1.);
#12909 = LINE('',#12910,#12911);
#12910 = CARTESIAN_POINT('',(-42.83,-8.572527594031E-17,-3.1));
#12911 = VECTOR('',#12912,1.);
#12912 = DIRECTION('',(0.,0.,1.));
#12913 = PCURVE('',#12914,#12919);
#12914 = CYLINDRICAL_SURFACE('',#12915,0.35);
#12915 = AXIS2_PLACEMENT_3D('',#12916,#12917,#12918);
#12916 = CARTESIAN_POINT('',(-43.18,0.,-3.1));
#12917 = DIRECTION('',(0.,0.,1.));
#12918 = DIRECTION('',(1.,0.,0.));
#12919 = DEFINITIONAL_REPRESENTATION('',(#12920),#12924);
#12920 = LINE('',#12921,#12922);
#12921 = CARTESIAN_POINT('',(6.28318530718,-0.));
#12922 = VECTOR('',#12923,1.);
#12923 = DIRECTION('',(0.,1.));
#12924 = ( GEOMETRIC_REPRESENTATION_CONTEXT(2) 
PARAMETRIC_REPRESENTATION_CONTEXT() REPRESENTATION_CONTEXT('2D SPACE',''
  ) );
#12925 = PCURVE('',#12914,#12926);
#12926 = DEFINITIONAL_REPRESENTATION('',(#12927),#12931);
#12927 = LINE('',#12928,#12929);
#12928 = CARTESIAN_POINT('',(0.,-0.));
#12929 = VECTOR('',#12930,1.);
#12930 = DIRECTION('',(0.,1.));
#12931 = ( GEOMETRIC_REPRESENTATION_CONTEXT(2) 
PARAMETRIC_REPRESENTATION_CONTEXT() REPRESENTATION_CONTEXT('2D SPACE',''
  ) );
#12932 = ORIENTED_EDGE('',*,*,#12933,.F.);
#12933 = EDGE_CURVE('',#12906,#12906,#12934,.T.);
#12934 = SURFACE_CURVE('',#12935,(#12940,#12947),.PCURVE_S1.);
#12935 = CIRCLE('',#12936,0.35);
#12936 = AXIS2_PLACEMENT_3D('',#12937,#12938,#12939);
#12937 = CARTESIAN_POINT('',(-43.18,0.,1.44));
#12938 = DIRECTION('',(0.,0.,1.));
#12939 = DIRECTION('',(1.,0.,0.));
#12940 = PCURVE('',#12914,#12941);
#12941 = DEFINITIONAL_REPRESENTATION('',(#12942),#12946);
#12942 = LINE('',#12943,#12944);
#12943 = CARTESIAN_POINT('',(0.,4.54));
#12944 = VECTOR('',#12945,1.);
#12945 = DIRECTION('',(1.,0.));
#12946 = ( GEOMETRIC_REPRESENTATION_CONTEXT(2) 
PARAMETRIC_REPRESENTATION_CONTEXT() REPRESENTATION_CONTEXT('2D SPACE',''
  ) );
#12947 = PCURVE('',#12948,#12953);
#12948 = PLANE('',#12949);
#12949 = AXIS2_PLACEMENT_3D('',#12950,#12951,#12952);
#12950 = CARTESIAN_POINT('',(-43.18,0.,1.44));
#12951 = DIRECTION('',(0.,0.,1.));
#12952 = DIRECTION('',(1.,0.,0.));
#12953 = DEFINITIONAL_REPRESENTATION('',(#12954),#12958);
#12954 = CIRCLE('',#12955,0.35);
#12955 = AXIS2_PLACEMENT_2D('',#12956,#12957);
#12956 = CARTESIAN_POINT('',(0.,0.));
#12957 = DIRECTION('',(1.,0.));
#12958 = ( GEOMETRIC_REPRESENTATION_CONTEXT(2) 
PARAMETRIC_REPRESENTATION_CONTEXT() REPRESENTATION_CONTEXT('2D SPACE',''
  ) );
#12959 = ORIENTED_EDGE('',*,*,#12903,.F.);
#12960 = ORIENTED_EDGE('',*,*,#12961,.T.);
#12961 = EDGE_CURVE('',#12904,#12904,#12962,.T.);
#12962 = SURFACE_CURVE('',#12963,(#12968,#12975),.PCURVE_S1.);
#12963 = CIRCLE('',#12964,0.35);
#12964 = AXIS2_PLACEMENT_3D('',#12965,#12966,#12967);
#12965 = CARTESIAN_POINT('',(-43.18,0.,-2.82));
#12966 = DIRECTION('',(0.,0.,1.));
#12967 = DIRECTION('',(1.,0.,0.));
#12968 = PCURVE('',#12914,#12969);
#12969 = DEFINITIONAL_REPRESENTATION('',(#12970),#12974);
#12970 = LINE('',#12971,#12972);
#12971 = CARTESIAN_POINT('',(0.,0.28));
#12972 = VECTOR('',#12973,1.);
#12973 = DIRECTION('',(1.,0.));
#12974 = ( GEOMETRIC_REPRESENTATION_CONTEXT(2) 
PARAMETRIC_REPRESENTATION_CONTEXT() REPRESENTATION_CONTEXT('2D SPACE',''
  ) );
#12975 = PCURVE('',#12976,#12981);
#12976 = CONICAL_SURFACE('',#12977,0.35,0.785398163397);
#12977 = AXIS2_PLACEMENT_3D('',#12978,#12979,#12980);
#12978 = CARTESIAN_POINT('',(-43.18,0.,-2.82));
#12979 = DIRECTION('',(0.,0.,1.));
#12980 = DIRECTION('',(1.,0.,0.));
#12981 = DEFINITIONAL_REPRESENTATION('',(#12982),#12986);
#12982 = LINE('',#12983,#12984);
#12983 = CARTESIAN_POINT('',(0.,-0.));
#12984 = VECTOR('',#12985,1.);
#12985 = DIRECTION('',(1.,-0.));
#12986 = ( GEOMETRIC_REPRESENTATION_CONTEXT(2) 
PARAMETRIC_REPRESENTATION_CONTEXT() REPRESENTATION_CONTEXT('2D SPACE',''
  ) );
#12987 = ADVANCED_FACE('',(#12988),#12976,.T.);
#12988 = FACE_BOUND('',#12989,.F.);
#12989 = EDGE_LOOP('',(#12990,#13011,#13012,#13013));
#12990 = ORIENTED_EDGE('',*,*,#12991,.F.);
#12991 = EDGE_CURVE('',#12904,#12992,#12994,.T.);
#12992 = VERTEX_POINT('',#12993);
#12993 = CARTESIAN_POINT('',(-43.11,0.,-3.1));
#12994 = SEAM_CURVE('',#12995,(#12999,#13005),.PCURVE_S1.);
#12995 = LINE('',#12996,#12997);
#12996 = CARTESIAN_POINT('',(-42.83,0.,-2.82));
#12997 = VECTOR('',#12998,1.);
#12998 = DIRECTION('',(-0.707106781187,-0.,-0.707106781187));
#12999 = PCURVE('',#12976,#13000);
#13000 = DEFINITIONAL_REPRESENTATION('',(#13001),#13004);
#13001 = B_SPLINE_CURVE_WITH_KNOTS('',1,(#13002,#13003),.UNSPECIFIED.,
  .F.,.F.,(2,2),(0.,0.395979797464),.PIECEWISE_BEZIER_KNOTS.);
#13002 = CARTESIAN_POINT('',(0.,0.));
#13003 = CARTESIAN_POINT('',(0.,-0.28));
#13004 = ( GEOMETRIC_REPRESENTATION_CONTEXT(2) 
PARAMETRIC_REPRESENTATION_CONTEXT() REPRESENTATION_CONTEXT('2D SPACE',''
  ) );
#13005 = PCURVE('',#12976,#13006);
#13006 = DEFINITIONAL_REPRESENTATION('',(#13007),#13010);
#13007 = B_SPLINE_CURVE_WITH_KNOTS('',1,(#13008,#13009),.UNSPECIFIED.,
  .F.,.F.,(2,2),(0.,0.395979797464),.PIECEWISE_BEZIER_KNOTS.);
#13008 = CARTESIAN_POINT('',(6.28318530718,0.));
#13009 = CARTESIAN_POINT('',(6.28318530718,-0.28));
#13010 = ( GEOMETRIC_REPRESENTATION_CONTEXT(2) 
PARAMETRIC_REPRESENTATION_CONTEXT() REPRESENTATION_CONTEXT('2D SPACE',''
  ) );
#13011 = ORIENTED_EDGE('',*,*,#12961,.T.);
#13012 = ORIENTED_EDGE('',*,*,#12991,.T.);
#13013 = ORIENTED_EDGE('',*,*,#13014,.F.);
#13014 = EDGE_CURVE('',#12992,#12992,#13015,.T.);
#13015 = SURFACE_CURVE('',#13016,(#13021,#13028),.PCURVE_S1.);
#13016 = CIRCLE('',#13017,7.E-02);
#13017 = AXIS2_PLACEMENT_3D('',#13018,#13019,#13020);
#13018 = CARTESIAN_POINT('',(-43.18,0.,-3.1));
#13019 = DIRECTION('',(0.,0.,1.));
#13020 = DIRECTION('',(1.,0.,0.));
#13021 = PCURVE('',#12976,#13022);
#13022 = DEFINITIONAL_REPRESENTATION('',(#13023),#13027);
#13023 = LINE('',#13024,#13025);
#13024 = CARTESIAN_POINT('',(0.,-0.28));
#13025 = VECTOR('',#13026,1.);
#13026 = DIRECTION('',(1.,-0.));
#13027 = ( GEOMETRIC_REPRESENTATION_CONTEXT(2) 
PARAMETRIC_REPRESENTATION_CONTEXT() REPRESENTATION_CONTEXT('2D SPACE',''
  ) );
#13028 = PCURVE('',#13029,#13034);
#13029 = PLANE('',#13030);
#13030 = AXIS2_PLACEMENT_3D('',#13031,#13032,#13033);
#13031 = CARTESIAN_POINT('',(-43.18,0.,-3.1));
#13032 = DIRECTION('',(0.,0.,1.));
#13033 = DIRECTION('',(1.,0.,0.));
#13034 = DEFINITIONAL_REPRESENTATION('',(#13035),#13039);
#13035 = CIRCLE('',#13036,7.E-02);
#13036 = AXIS2_PLACEMENT_2D('',#13037,#13038);
#13037 = CARTESIAN_POINT('',(0.,0.));
#13038 = DIRECTION('',(1.,0.));
#13039 = ( GEOMETRIC_REPRESENTATION_CONTEXT(2) 
PARAMETRIC_REPRESENTATION_CONTEXT() REPRESENTATION_CONTEXT('2D SPACE',''
  ) );
#13040 = ADVANCED_FACE('',(#13041),#12948,.T.);
#13041 = FACE_BOUND('',#13042,.T.);
#13042 = EDGE_LOOP('',(#13043));
#13043 = ORIENTED_EDGE('',*,*,#12933,.T.);
#13044 = ADVANCED_FACE('',(#13045),#13029,.F.);
#13045 = FACE_BOUND('',#13046,.F.);
#13046 = EDGE_LOOP('',(#13047));
#13047 = ORIENTED_EDGE('',*,*,#13014,.T.);
#13048 = MANIFOLD_SOLID_BREP('',#13049);
#13049 = CLOSED_SHELL('',(#13050,#13138,#13191,#13195));
#13050 = ADVANCED_FACE('',(#13051),#13065,.T.);
#13051 = FACE_BOUND('',#13052,.T.);
#13052 = EDGE_LOOP('',(#13053,#13083,#13110,#13111));
#13053 = ORIENTED_EDGE('',*,*,#13054,.T.);
#13054 = EDGE_CURVE('',#13055,#13057,#13059,.T.);
#13055 = VERTEX_POINT('',#13056);
#13056 = CARTESIAN_POINT('',(-42.83,2.54,-2.82));
#13057 = VERTEX_POINT('',#13058);
#13058 = CARTESIAN_POINT('',(-42.83,2.54,1.44));
#13059 = SEAM_CURVE('',#13060,(#13064,#13076),.PCURVE_S1.);
#13060 = LINE('',#13061,#13062);
#13061 = CARTESIAN_POINT('',(-42.83,2.54,-3.1));
#13062 = VECTOR('',#13063,1.);
#13063 = DIRECTION('',(0.,0.,1.));
#13064 = PCURVE('',#13065,#13070);
#13065 = CYLINDRICAL_SURFACE('',#13066,0.35);
#13066 = AXIS2_PLACEMENT_3D('',#13067,#13068,#13069);
#13067 = CARTESIAN_POINT('',(-43.18,2.54,-3.1));
#13068 = DIRECTION('',(0.,0.,1.));
#13069 = DIRECTION('',(1.,0.,0.));
#13070 = DEFINITIONAL_REPRESENTATION('',(#13071),#13075);
#13071 = LINE('',#13072,#13073);
#13072 = CARTESIAN_POINT('',(6.28318530718,-0.));
#13073 = VECTOR('',#13074,1.);
#13074 = DIRECTION('',(0.,1.));
#13075 = ( GEOMETRIC_REPRESENTATION_CONTEXT(2) 
PARAMETRIC_REPRESENTATION_CONTEXT() REPRESENTATION_CONTEXT('2D SPACE',''
  ) );
#13076 = PCURVE('',#13065,#13077);
#13077 = DEFINITIONAL_REPRESENTATION('',(#13078),#13082);
#13078 = LINE('',#13079,#13080);
#13079 = CARTESIAN_POINT('',(0.,-0.));
#13080 = VECTOR('',#13081,1.);
#13081 = DIRECTION('',(0.,1.));
#13082 = ( GEOMETRIC_REPRESENTATION_CONTEXT(2) 
PARAMETRIC_REPRESENTATION_CONTEXT() REPRESENTATION_CONTEXT('2D SPACE',''
  ) );
#13083 = ORIENTED_EDGE('',*,*,#13084,.F.);
#13084 = EDGE_CURVE('',#13057,#13057,#13085,.T.);
#13085 = SURFACE_CURVE('',#13086,(#13091,#13098),.PCURVE_S1.);
#13086 = CIRCLE('',#13087,0.35);
#13087 = AXIS2_PLACEMENT_3D('',#13088,#13089,#13090);
#13088 = CARTESIAN_POINT('',(-43.18,2.54,1.44));
#13089 = DIRECTION('',(0.,0.,1.));
#13090 = DIRECTION('',(1.,0.,0.));
#13091 = PCURVE('',#13065,#13092);
#13092 = DEFINITIONAL_REPRESENTATION('',(#13093),#13097);
#13093 = LINE('',#13094,#13095);
#13094 = CARTESIAN_POINT('',(0.,4.54));
#13095 = VECTOR('',#13096,1.);
#13096 = DIRECTION('',(1.,0.));
#13097 = ( GEOMETRIC_REPRESENTATION_CONTEXT(2) 
PARAMETRIC_REPRESENTATION_CONTEXT() REPRESENTATION_CONTEXT('2D SPACE',''
  ) );
#13098 = PCURVE('',#13099,#13104);
#13099 = PLANE('',#13100);
#13100 = AXIS2_PLACEMENT_3D('',#13101,#13102,#13103);
#13101 = CARTESIAN_POINT('',(-43.18,2.54,1.44));
#13102 = DIRECTION('',(0.,0.,1.));
#13103 = DIRECTION('',(1.,0.,0.));
#13104 = DEFINITIONAL_REPRESENTATION('',(#13105),#13109);
#13105 = CIRCLE('',#13106,0.35);
#13106 = AXIS2_PLACEMENT_2D('',#13107,#13108);
#13107 = CARTESIAN_POINT('',(0.,0.));
#13108 = DIRECTION('',(1.,0.));
#13109 = ( GEOMETRIC_REPRESENTATION_CONTEXT(2) 
PARAMETRIC_REPRESENTATION_CONTEXT() REPRESENTATION_CONTEXT('2D SPACE',''
  ) );
#13110 = ORIENTED_EDGE('',*,*,#13054,.F.);
#13111 = ORIENTED_EDGE('',*,*,#13112,.T.);
#13112 = EDGE_CURVE('',#13055,#13055,#13113,.T.);
#13113 = SURFACE_CURVE('',#13114,(#13119,#13126),.PCURVE_S1.);
#13114 = CIRCLE('',#13115,0.35);
#13115 = AXIS2_PLACEMENT_3D('',#13116,#13117,#13118);
#13116 = CARTESIAN_POINT('',(-43.18,2.54,-2.82));
#13117 = DIRECTION('',(0.,0.,1.));
#13118 = DIRECTION('',(1.,0.,0.));
#13119 = PCURVE('',#13065,#13120);
#13120 = DEFINITIONAL_REPRESENTATION('',(#13121),#13125);
#13121 = LINE('',#13122,#13123);
#13122 = CARTESIAN_POINT('',(0.,0.28));
#13123 = VECTOR('',#13124,1.);
#13124 = DIRECTION('',(1.,0.));
#13125 = ( GEOMETRIC_REPRESENTATION_CONTEXT(2) 
PARAMETRIC_REPRESENTATION_CONTEXT() REPRESENTATION_CONTEXT('2D SPACE',''
  ) );
#13126 = PCURVE('',#13127,#13132);
#13127 = CONICAL_SURFACE('',#13128,0.35,0.785398163397);
#13128 = AXIS2_PLACEMENT_3D('',#13129,#13130,#13131);
#13129 = CARTESIAN_POINT('',(-43.18,2.54,-2.82));
#13130 = DIRECTION('',(0.,0.,1.));
#13131 = DIRECTION('',(1.,0.,0.));
#13132 = DEFINITIONAL_REPRESENTATION('',(#13133),#13137);
#13133 = LINE('',#13134,#13135);
#13134 = CARTESIAN_POINT('',(0.,-0.));
#13135 = VECTOR('',#13136,1.);
#13136 = DIRECTION('',(1.,-0.));
#13137 = ( GEOMETRIC_REPRESENTATION_CONTEXT(2) 
PARAMETRIC_REPRESENTATION_CONTEXT() REPRESENTATION_CONTEXT('2D SPACE',''
  ) );
#13138 = ADVANCED_FACE('',(#13139),#13127,.T.);
#13139 = FACE_BOUND('',#13140,.F.);
#13140 = EDGE_LOOP('',(#13141,#13162,#13163,#13164));
#13141 = ORIENTED_EDGE('',*,*,#13142,.F.);
#13142 = EDGE_CURVE('',#13055,#13143,#13145,.T.);
#13143 = VERTEX_POINT('',#13144);
#13144 = CARTESIAN_POINT('',(-43.11,2.54,-3.1));
#13145 = SEAM_CURVE('',#13146,(#13150,#13156),.PCURVE_S1.);
#13146 = LINE('',#13147,#13148);
#13147 = CARTESIAN_POINT('',(-42.83,2.54,-2.82));
#13148 = VECTOR('',#13149,1.);
#13149 = DIRECTION('',(-0.707106781187,-0.,-0.707106781187));
#13150 = PCURVE('',#13127,#13151);
#13151 = DEFINITIONAL_REPRESENTATION('',(#13152),#13155);
#13152 = B_SPLINE_CURVE_WITH_KNOTS('',1,(#13153,#13154),.UNSPECIFIED.,
  .F.,.F.,(2,2),(0.,0.395979797464),.PIECEWISE_BEZIER_KNOTS.);
#13153 = CARTESIAN_POINT('',(0.,0.));
#13154 = CARTESIAN_POINT('',(0.,-0.28));
#13155 = ( GEOMETRIC_REPRESENTATION_CONTEXT(2) 
PARAMETRIC_REPRESENTATION_CONTEXT() REPRESENTATION_CONTEXT('2D SPACE',''
  ) );
#13156 = PCURVE('',#13127,#13157);
#13157 = DEFINITIONAL_REPRESENTATION('',(#13158),#13161);
#13158 = B_SPLINE_CURVE_WITH_KNOTS('',1,(#13159,#13160),.UNSPECIFIED.,
  .F.,.F.,(2,2),(0.,0.395979797464),.PIECEWISE_BEZIER_KNOTS.);
#13159 = CARTESIAN_POINT('',(6.28318530718,0.));
#13160 = CARTESIAN_POINT('',(6.28318530718,-0.28));
#13161 = ( GEOMETRIC_REPRESENTATION_CONTEXT(2) 
PARAMETRIC_REPRESENTATION_CONTEXT() REPRESENTATION_CONTEXT('2D SPACE',''
  ) );
#13162 = ORIENTED_EDGE('',*,*,#13112,.T.);
#13163 = ORIENTED_EDGE('',*,*,#13142,.T.);
#13164 = ORIENTED_EDGE('',*,*,#13165,.F.);
#13165 = EDGE_CURVE('',#13143,#13143,#13166,.T.);
#13166 = SURFACE_CURVE('',#13167,(#13172,#13179),.PCURVE_S1.);
#13167 = CIRCLE('',#13168,7.E-02);
#13168 = AXIS2_PLACEMENT_3D('',#13169,#13170,#13171);
#13169 = CARTESIAN_POINT('',(-43.18,2.54,-3.1));
#13170 = DIRECTION('',(0.,0.,1.));
#13171 = DIRECTION('',(1.,0.,0.));
#13172 = PCURVE('',#13127,#13173);
#13173 = DEFINITIONAL_REPRESENTATION('',(#13174),#13178);
#13174 = LINE('',#13175,#13176);
#13175 = CARTESIAN_POINT('',(0.,-0.28));
#13176 = VECTOR('',#13177,1.);
#13177 = DIRECTION('',(1.,-0.));
#13178 = ( GEOMETRIC_REPRESENTATION_CONTEXT(2) 
PARAMETRIC_REPRESENTATION_CONTEXT() REPRESENTATION_CONTEXT('2D SPACE',''
  ) );
#13179 = PCURVE('',#13180,#13185);
#13180 = PLANE('',#13181);
#13181 = AXIS2_PLACEMENT_3D('',#13182,#13183,#13184);
#13182 = CARTESIAN_POINT('',(-43.18,2.54,-3.1));
#13183 = DIRECTION('',(0.,0.,1.));
#13184 = DIRECTION('',(1.,0.,0.));
#13185 = DEFINITIONAL_REPRESENTATION('',(#13186),#13190);
#13186 = CIRCLE('',#13187,7.E-02);
#13187 = AXIS2_PLACEMENT_2D('',#13188,#13189);
#13188 = CARTESIAN_POINT('',(0.,0.));
#13189 = DIRECTION('',(1.,0.));
#13190 = ( GEOMETRIC_REPRESENTATION_CONTEXT(2) 
PARAMETRIC_REPRESENTATION_CONTEXT() REPRESENTATION_CONTEXT('2D SPACE',''
  ) );
#13191 = ADVANCED_FACE('',(#13192),#13099,.T.);
#13192 = FACE_BOUND('',#13193,.T.);
#13193 = EDGE_LOOP('',(#13194));
#13194 = ORIENTED_EDGE('',*,*,#13084,.T.);
#13195 = ADVANCED_FACE('',(#13196),#13180,.F.);
#13196 = FACE_BOUND('',#13197,.F.);
#13197 = EDGE_LOOP('',(#13198));
#13198 = ORIENTED_EDGE('',*,*,#13165,.T.);
#13199 = MANIFOLD_SOLID_BREP('',#13200);
#13200 = CLOSED_SHELL('',(#13201,#13289,#13342,#13346));
#13201 = ADVANCED_FACE('',(#13202),#13216,.T.);
#13202 = FACE_BOUND('',#13203,.T.);
#13203 = EDGE_LOOP('',(#13204,#13234,#13261,#13262));
#13204 = ORIENTED_EDGE('',*,*,#13205,.T.);
#13205 = EDGE_CURVE('',#13206,#13208,#13210,.T.);
#13206 = VERTEX_POINT('',#13207);
#13207 = CARTESIAN_POINT('',(-45.37,0.,-2.82));
#13208 = VERTEX_POINT('',#13209);
#13209 = CARTESIAN_POINT('',(-45.37,-8.572527594031E-17,1.44));
#13210 = SEAM_CURVE('',#13211,(#13215,#13227),.PCURVE_S1.);
#13211 = LINE('',#13212,#13213);
#13212 = CARTESIAN_POINT('',(-45.37,-8.572527594031E-17,-3.1));
#13213 = VECTOR('',#13214,1.);
#13214 = DIRECTION('',(0.,0.,1.));
#13215 = PCURVE('',#13216,#13221);
#13216 = CYLINDRICAL_SURFACE('',#13217,0.35);
#13217 = AXIS2_PLACEMENT_3D('',#13218,#13219,#13220);
#13218 = CARTESIAN_POINT('',(-45.72,0.,-3.1));
#13219 = DIRECTION('',(0.,0.,1.));
#13220 = DIRECTION('',(1.,0.,0.));
#13221 = DEFINITIONAL_REPRESENTATION('',(#13222),#13226);
#13222 = LINE('',#13223,#13224);
#13223 = CARTESIAN_POINT('',(6.28318530718,-0.));
#13224 = VECTOR('',#13225,1.);
#13225 = DIRECTION('',(0.,1.));
#13226 = ( GEOMETRIC_REPRESENTATION_CONTEXT(2) 
PARAMETRIC_REPRESENTATION_CONTEXT() REPRESENTATION_CONTEXT('2D SPACE',''
  ) );
#13227 = PCURVE('',#13216,#13228);
#13228 = DEFINITIONAL_REPRESENTATION('',(#13229),#13233);
#13229 = LINE('',#13230,#13231);
#13230 = CARTESIAN_POINT('',(0.,-0.));
#13231 = VECTOR('',#13232,1.);
#13232 = DIRECTION('',(0.,1.));
#13233 = ( GEOMETRIC_REPRESENTATION_CONTEXT(2) 
PARAMETRIC_REPRESENTATION_CONTEXT() REPRESENTATION_CONTEXT('2D SPACE',''
  ) );
#13234 = ORIENTED_EDGE('',*,*,#13235,.F.);
#13235 = EDGE_CURVE('',#13208,#13208,#13236,.T.);
#13236 = SURFACE_CURVE('',#13237,(#13242,#13249),.PCURVE_S1.);
#13237 = CIRCLE('',#13238,0.35);
#13238 = AXIS2_PLACEMENT_3D('',#13239,#13240,#13241);
#13239 = CARTESIAN_POINT('',(-45.72,0.,1.44));
#13240 = DIRECTION('',(0.,0.,1.));
#13241 = DIRECTION('',(1.,0.,0.));
#13242 = PCURVE('',#13216,#13243);
#13243 = DEFINITIONAL_REPRESENTATION('',(#13244),#13248);
#13244 = LINE('',#13245,#13246);
#13245 = CARTESIAN_POINT('',(0.,4.54));
#13246 = VECTOR('',#13247,1.);
#13247 = DIRECTION('',(1.,0.));
#13248 = ( GEOMETRIC_REPRESENTATION_CONTEXT(2) 
PARAMETRIC_REPRESENTATION_CONTEXT() REPRESENTATION_CONTEXT('2D SPACE',''
  ) );
#13249 = PCURVE('',#13250,#13255);
#13250 = PLANE('',#13251);
#13251 = AXIS2_PLACEMENT_3D('',#13252,#13253,#13254);
#13252 = CARTESIAN_POINT('',(-45.72,0.,1.44));
#13253 = DIRECTION('',(0.,0.,1.));
#13254 = DIRECTION('',(1.,0.,0.));
#13255 = DEFINITIONAL_REPRESENTATION('',(#13256),#13260);
#13256 = CIRCLE('',#13257,0.35);
#13257 = AXIS2_PLACEMENT_2D('',#13258,#13259);
#13258 = CARTESIAN_POINT('',(0.,0.));
#13259 = DIRECTION('',(1.,0.));
#13260 = ( GEOMETRIC_REPRESENTATION_CONTEXT(2) 
PARAMETRIC_REPRESENTATION_CONTEXT() REPRESENTATION_CONTEXT('2D SPACE',''
  ) );
#13261 = ORIENTED_EDGE('',*,*,#13205,.F.);
#13262 = ORIENTED_EDGE('',*,*,#13263,.T.);
#13263 = EDGE_CURVE('',#13206,#13206,#13264,.T.);
#13264 = SURFACE_CURVE('',#13265,(#13270,#13277),.PCURVE_S1.);
#13265 = CIRCLE('',#13266,0.35);
#13266 = AXIS2_PLACEMENT_3D('',#13267,#13268,#13269);
#13267 = CARTESIAN_POINT('',(-45.72,0.,-2.82));
#13268 = DIRECTION('',(0.,0.,1.));
#13269 = DIRECTION('',(1.,0.,0.));
#13270 = PCURVE('',#13216,#13271);
#13271 = DEFINITIONAL_REPRESENTATION('',(#13272),#13276);
#13272 = LINE('',#13273,#13274);
#13273 = CARTESIAN_POINT('',(0.,0.28));
#13274 = VECTOR('',#13275,1.);
#13275 = DIRECTION('',(1.,0.));
#13276 = ( GEOMETRIC_REPRESENTATION_CONTEXT(2) 
PARAMETRIC_REPRESENTATION_CONTEXT() REPRESENTATION_CONTEXT('2D SPACE',''
  ) );
#13277 = PCURVE('',#13278,#13283);
#13278 = CONICAL_SURFACE('',#13279,0.35,0.785398163397);
#13279 = AXIS2_PLACEMENT_3D('',#13280,#13281,#13282);
#13280 = CARTESIAN_POINT('',(-45.72,0.,-2.82));
#13281 = DIRECTION('',(0.,0.,1.));
#13282 = DIRECTION('',(1.,0.,0.));
#13283 = DEFINITIONAL_REPRESENTATION('',(#13284),#13288);
#13284 = LINE('',#13285,#13286);
#13285 = CARTESIAN_POINT('',(0.,-0.));
#13286 = VECTOR('',#13287,1.);
#13287 = DIRECTION('',(1.,-0.));
#13288 = ( GEOMETRIC_REPRESENTATION_CONTEXT(2) 
PARAMETRIC_REPRESENTATION_CONTEXT() REPRESENTATION_CONTEXT('2D SPACE',''
  ) );
#13289 = ADVANCED_FACE('',(#13290),#13278,.T.);
#13290 = FACE_BOUND('',#13291,.F.);
#13291 = EDGE_LOOP('',(#13292,#13313,#13314,#13315));
#13292 = ORIENTED_EDGE('',*,*,#13293,.F.);
#13293 = EDGE_CURVE('',#13206,#13294,#13296,.T.);
#13294 = VERTEX_POINT('',#13295);
#13295 = CARTESIAN_POINT('',(-45.65,0.,-3.1));
#13296 = SEAM_CURVE('',#13297,(#13301,#13307),.PCURVE_S1.);
#13297 = LINE('',#13298,#13299);
#13298 = CARTESIAN_POINT('',(-45.37,0.,-2.82));
#13299 = VECTOR('',#13300,1.);
#13300 = DIRECTION('',(-0.707106781187,-0.,-0.707106781187));
#13301 = PCURVE('',#13278,#13302);
#13302 = DEFINITIONAL_REPRESENTATION('',(#13303),#13306);
#13303 = B_SPLINE_CURVE_WITH_KNOTS('',1,(#13304,#13305),.UNSPECIFIED.,
  .F.,.F.,(2,2),(0.,0.395979797464),.PIECEWISE_BEZIER_KNOTS.);
#13304 = CARTESIAN_POINT('',(0.,0.));
#13305 = CARTESIAN_POINT('',(0.,-0.28));
#13306 = ( GEOMETRIC_REPRESENTATION_CONTEXT(2) 
PARAMETRIC_REPRESENTATION_CONTEXT() REPRESENTATION_CONTEXT('2D SPACE',''
  ) );
#13307 = PCURVE('',#13278,#13308);
#13308 = DEFINITIONAL_REPRESENTATION('',(#13309),#13312);
#13309 = B_SPLINE_CURVE_WITH_KNOTS('',1,(#13310,#13311),.UNSPECIFIED.,
  .F.,.F.,(2,2),(0.,0.395979797464),.PIECEWISE_BEZIER_KNOTS.);
#13310 = CARTESIAN_POINT('',(6.28318530718,0.));
#13311 = CARTESIAN_POINT('',(6.28318530718,-0.28));
#13312 = ( GEOMETRIC_REPRESENTATION_CONTEXT(2) 
PARAMETRIC_REPRESENTATION_CONTEXT() REPRESENTATION_CONTEXT('2D SPACE',''
  ) );
#13313 = ORIENTED_EDGE('',*,*,#13263,.T.);
#13314 = ORIENTED_EDGE('',*,*,#13293,.T.);
#13315 = ORIENTED_EDGE('',*,*,#13316,.F.);
#13316 = EDGE_CURVE('',#13294,#13294,#13317,.T.);
#13317 = SURFACE_CURVE('',#13318,(#13323,#13330),.PCURVE_S1.);
#13318 = CIRCLE('',#13319,7.E-02);
#13319 = AXIS2_PLACEMENT_3D('',#13320,#13321,#13322);
#13320 = CARTESIAN_POINT('',(-45.72,0.,-3.1));
#13321 = DIRECTION('',(0.,0.,1.));
#13322 = DIRECTION('',(1.,0.,0.));
#13323 = PCURVE('',#13278,#13324);
#13324 = DEFINITIONAL_REPRESENTATION('',(#13325),#13329);
#13325 = LINE('',#13326,#13327);
#13326 = CARTESIAN_POINT('',(0.,-0.28));
#13327 = VECTOR('',#13328,1.);
#13328 = DIRECTION('',(1.,-0.));
#13329 = ( GEOMETRIC_REPRESENTATION_CONTEXT(2) 
PARAMETRIC_REPRESENTATION_CONTEXT() REPRESENTATION_CONTEXT('2D SPACE',''
  ) );
#13330 = PCURVE('',#13331,#13336);
#13331 = PLANE('',#13332);
#13332 = AXIS2_PLACEMENT_3D('',#13333,#13334,#13335);
#13333 = CARTESIAN_POINT('',(-45.72,0.,-3.1));
#13334 = DIRECTION('',(0.,0.,1.));
#13335 = DIRECTION('',(1.,0.,0.));
#13336 = DEFINITIONAL_REPRESENTATION('',(#13337),#13341);
#13337 = CIRCLE('',#13338,7.E-02);
#13338 = AXIS2_PLACEMENT_2D('',#13339,#13340);
#13339 = CARTESIAN_POINT('',(0.,0.));
#13340 = DIRECTION('',(1.,0.));
#13341 = ( GEOMETRIC_REPRESENTATION_CONTEXT(2) 
PARAMETRIC_REPRESENTATION_CONTEXT() REPRESENTATION_CONTEXT('2D SPACE',''
  ) );
#13342 = ADVANCED_FACE('',(#13343),#13250,.T.);
#13343 = FACE_BOUND('',#13344,.T.);
#13344 = EDGE_LOOP('',(#13345));
#13345 = ORIENTED_EDGE('',*,*,#13235,.T.);
#13346 = ADVANCED_FACE('',(#13347),#13331,.F.);
#13347 = FACE_BOUND('',#13348,.F.);
#13348 = EDGE_LOOP('',(#13349));
#13349 = ORIENTED_EDGE('',*,*,#13316,.T.);
#13350 = MANIFOLD_SOLID_BREP('',#13351);
#13351 = CLOSED_SHELL('',(#13352,#13440,#13493,#13497));
#13352 = ADVANCED_FACE('',(#13353),#13367,.T.);
#13353 = FACE_BOUND('',#13354,.T.);
#13354 = EDGE_LOOP('',(#13355,#13385,#13412,#13413));
#13355 = ORIENTED_EDGE('',*,*,#13356,.T.);
#13356 = EDGE_CURVE('',#13357,#13359,#13361,.T.);
#13357 = VERTEX_POINT('',#13358);
#13358 = CARTESIAN_POINT('',(-45.37,2.54,-2.82));
#13359 = VERTEX_POINT('',#13360);
#13360 = CARTESIAN_POINT('',(-45.37,2.54,1.44));
#13361 = SEAM_CURVE('',#13362,(#13366,#13378),.PCURVE_S1.);
#13362 = LINE('',#13363,#13364);
#13363 = CARTESIAN_POINT('',(-45.37,2.54,-3.1));
#13364 = VECTOR('',#13365,1.);
#13365 = DIRECTION('',(0.,0.,1.));
#13366 = PCURVE('',#13367,#13372);
#13367 = CYLINDRICAL_SURFACE('',#13368,0.35);
#13368 = AXIS2_PLACEMENT_3D('',#13369,#13370,#13371);
#13369 = CARTESIAN_POINT('',(-45.72,2.54,-3.1));
#13370 = DIRECTION('',(0.,0.,1.));
#13371 = DIRECTION('',(1.,0.,0.));
#13372 = DEFINITIONAL_REPRESENTATION('',(#13373),#13377);
#13373 = LINE('',#13374,#13375);
#13374 = CARTESIAN_POINT('',(6.28318530718,-0.));
#13375 = VECTOR('',#13376,1.);
#13376 = DIRECTION('',(0.,1.));
#13377 = ( GEOMETRIC_REPRESENTATION_CONTEXT(2) 
PARAMETRIC_REPRESENTATION_CONTEXT() REPRESENTATION_CONTEXT('2D SPACE',''
  ) );
#13378 = PCURVE('',#13367,#13379);
#13379 = DEFINITIONAL_REPRESENTATION('',(#13380),#13384);
#13380 = LINE('',#13381,#13382);
#13381 = CARTESIAN_POINT('',(0.,-0.));
#13382 = VECTOR('',#13383,1.);
#13383 = DIRECTION('',(0.,1.));
#13384 = ( GEOMETRIC_REPRESENTATION_CONTEXT(2) 
PARAMETRIC_REPRESENTATION_CONTEXT() REPRESENTATION_CONTEXT('2D SPACE',''
  ) );
#13385 = ORIENTED_EDGE('',*,*,#13386,.F.);
#13386 = EDGE_CURVE('',#13359,#13359,#13387,.T.);
#13387 = SURFACE_CURVE('',#13388,(#13393,#13400),.PCURVE_S1.);
#13388 = CIRCLE('',#13389,0.35);
#13389 = AXIS2_PLACEMENT_3D('',#13390,#13391,#13392);
#13390 = CARTESIAN_POINT('',(-45.72,2.54,1.44));
#13391 = DIRECTION('',(0.,0.,1.));
#13392 = DIRECTION('',(1.,0.,0.));
#13393 = PCURVE('',#13367,#13394);
#13394 = DEFINITIONAL_REPRESENTATION('',(#13395),#13399);
#13395 = LINE('',#13396,#13397);
#13396 = CARTESIAN_POINT('',(0.,4.54));
#13397 = VECTOR('',#13398,1.);
#13398 = DIRECTION('',(1.,0.));
#13399 = ( GEOMETRIC_REPRESENTATION_CONTEXT(2) 
PARAMETRIC_REPRESENTATION_CONTEXT() REPRESENTATION_CONTEXT('2D SPACE',''
  ) );
#13400 = PCURVE('',#13401,#13406);
#13401 = PLANE('',#13402);
#13402 = AXIS2_PLACEMENT_3D('',#13403,#13404,#13405);
#13403 = CARTESIAN_POINT('',(-45.72,2.54,1.44));
#13404 = DIRECTION('',(0.,0.,1.));
#13405 = DIRECTION('',(1.,0.,0.));
#13406 = DEFINITIONAL_REPRESENTATION('',(#13407),#13411);
#13407 = CIRCLE('',#13408,0.35);
#13408 = AXIS2_PLACEMENT_2D('',#13409,#13410);
#13409 = CARTESIAN_POINT('',(0.,0.));
#13410 = DIRECTION('',(1.,0.));
#13411 = ( GEOMETRIC_REPRESENTATION_CONTEXT(2) 
PARAMETRIC_REPRESENTATION_CONTEXT() REPRESENTATION_CONTEXT('2D SPACE',''
  ) );
#13412 = ORIENTED_EDGE('',*,*,#13356,.F.);
#13413 = ORIENTED_EDGE('',*,*,#13414,.T.);
#13414 = EDGE_CURVE('',#13357,#13357,#13415,.T.);
#13415 = SURFACE_CURVE('',#13416,(#13421,#13428),.PCURVE_S1.);
#13416 = CIRCLE('',#13417,0.35);
#13417 = AXIS2_PLACEMENT_3D('',#13418,#13419,#13420);
#13418 = CARTESIAN_POINT('',(-45.72,2.54,-2.82));
#13419 = DIRECTION('',(0.,0.,1.));
#13420 = DIRECTION('',(1.,0.,0.));
#13421 = PCURVE('',#13367,#13422);
#13422 = DEFINITIONAL_REPRESENTATION('',(#13423),#13427);
#13423 = LINE('',#13424,#13425);
#13424 = CARTESIAN_POINT('',(0.,0.28));
#13425 = VECTOR('',#13426,1.);
#13426 = DIRECTION('',(1.,0.));
#13427 = ( GEOMETRIC_REPRESENTATION_CONTEXT(2) 
PARAMETRIC_REPRESENTATION_CONTEXT() REPRESENTATION_CONTEXT('2D SPACE',''
  ) );
#13428 = PCURVE('',#13429,#13434);
#13429 = CONICAL_SURFACE('',#13430,0.35,0.785398163397);
#13430 = AXIS2_PLACEMENT_3D('',#13431,#13432,#13433);
#13431 = CARTESIAN_POINT('',(-45.72,2.54,-2.82));
#13432 = DIRECTION('',(0.,0.,1.));
#13433 = DIRECTION('',(1.,0.,0.));
#13434 = DEFINITIONAL_REPRESENTATION('',(#13435),#13439);
#13435 = LINE('',#13436,#13437);
#13436 = CARTESIAN_POINT('',(0.,-0.));
#13437 = VECTOR('',#13438,1.);
#13438 = DIRECTION('',(1.,-0.));
#13439 = ( GEOMETRIC_REPRESENTATION_CONTEXT(2) 
PARAMETRIC_REPRESENTATION_CONTEXT() REPRESENTATION_CONTEXT('2D SPACE',''
  ) );
#13440 = ADVANCED_FACE('',(#13441),#13429,.T.);
#13441 = FACE_BOUND('',#13442,.F.);
#13442 = EDGE_LOOP('',(#13443,#13464,#13465,#13466));
#13443 = ORIENTED_EDGE('',*,*,#13444,.F.);
#13444 = EDGE_CURVE('',#13357,#13445,#13447,.T.);
#13445 = VERTEX_POINT('',#13446);
#13446 = CARTESIAN_POINT('',(-45.65,2.54,-3.1));
#13447 = SEAM_CURVE('',#13448,(#13452,#13458),.PCURVE_S1.);
#13448 = LINE('',#13449,#13450);
#13449 = CARTESIAN_POINT('',(-45.37,2.54,-2.82));
#13450 = VECTOR('',#13451,1.);
#13451 = DIRECTION('',(-0.707106781187,-0.,-0.707106781187));
#13452 = PCURVE('',#13429,#13453);
#13453 = DEFINITIONAL_REPRESENTATION('',(#13454),#13457);
#13454 = B_SPLINE_CURVE_WITH_KNOTS('',1,(#13455,#13456),.UNSPECIFIED.,
  .F.,.F.,(2,2),(0.,0.395979797464),.PIECEWISE_BEZIER_KNOTS.);
#13455 = CARTESIAN_POINT('',(0.,0.));
#13456 = CARTESIAN_POINT('',(0.,-0.28));
#13457 = ( GEOMETRIC_REPRESENTATION_CONTEXT(2) 
PARAMETRIC_REPRESENTATION_CONTEXT() REPRESENTATION_CONTEXT('2D SPACE',''
  ) );
#13458 = PCURVE('',#13429,#13459);
#13459 = DEFINITIONAL_REPRESENTATION('',(#13460),#13463);
#13460 = B_SPLINE_CURVE_WITH_KNOTS('',1,(#13461,#13462),.UNSPECIFIED.,
  .F.,.F.,(2,2),(0.,0.395979797464),.PIECEWISE_BEZIER_KNOTS.);
#13461 = CARTESIAN_POINT('',(6.28318530718,0.));
#13462 = CARTESIAN_POINT('',(6.28318530718,-0.28));
#13463 = ( GEOMETRIC_REPRESENTATION_CONTEXT(2) 
PARAMETRIC_REPRESENTATION_CONTEXT() REPRESENTATION_CONTEXT('2D SPACE',''
  ) );
#13464 = ORIENTED_EDGE('',*,*,#13414,.T.);
#13465 = ORIENTED_EDGE('',*,*,#13444,.T.);
#13466 = ORIENTED_EDGE('',*,*,#13467,.F.);
#13467 = EDGE_CURVE('',#13445,#13445,#13468,.T.);
#13468 = SURFACE_CURVE('',#13469,(#13474,#13481),.PCURVE_S1.);
#13469 = CIRCLE('',#13470,7.E-02);
#13470 = AXIS2_PLACEMENT_3D('',#13471,#13472,#13473);
#13471 = CARTESIAN_POINT('',(-45.72,2.54,-3.1));
#13472 = DIRECTION('',(0.,0.,1.));
#13473 = DIRECTION('',(1.,0.,0.));
#13474 = PCURVE('',#13429,#13475);
#13475 = DEFINITIONAL_REPRESENTATION('',(#13476),#13480);
#13476 = LINE('',#13477,#13478);
#13477 = CARTESIAN_POINT('',(0.,-0.28));
#13478 = VECTOR('',#13479,1.);
#13479 = DIRECTION('',(1.,-0.));
#13480 = ( GEOMETRIC_REPRESENTATION_CONTEXT(2) 
PARAMETRIC_REPRESENTATION_CONTEXT() REPRESENTATION_CONTEXT('2D SPACE',''
  ) );
#13481 = PCURVE('',#13482,#13487);
#13482 = PLANE('',#13483);
#13483 = AXIS2_PLACEMENT_3D('',#13484,#13485,#13486);
#13484 = CARTESIAN_POINT('',(-45.72,2.54,-3.1));
#13485 = DIRECTION('',(0.,0.,1.));
#13486 = DIRECTION('',(1.,0.,0.));
#13487 = DEFINITIONAL_REPRESENTATION('',(#13488),#13492);
#13488 = CIRCLE('',#13489,7.E-02);
#13489 = AXIS2_PLACEMENT_2D('',#13490,#13491);
#13490 = CARTESIAN_POINT('',(0.,0.));
#13491 = DIRECTION('',(1.,0.));
#13492 = ( GEOMETRIC_REPRESENTATION_CONTEXT(2) 
PARAMETRIC_REPRESENTATION_CONTEXT() REPRESENTATION_CONTEXT('2D SPACE',''
  ) );
#13493 = ADVANCED_FACE('',(#13494),#13401,.T.);
#13494 = FACE_BOUND('',#13495,.T.);
#13495 = EDGE_LOOP('',(#13496));
#13496 = ORIENTED_EDGE('',*,*,#13386,.T.);
#13497 = ADVANCED_FACE('',(#13498),#13482,.F.);
#13498 = FACE_BOUND('',#13499,.F.);
#13499 = EDGE_LOOP('',(#13500));
#13500 = ORIENTED_EDGE('',*,*,#13467,.T.);
#13501 = MANIFOLD_SOLID_BREP('',#13502);
#13502 = CLOSED_SHELL('',(#13503,#13591,#13644,#13648));
#13503 = ADVANCED_FACE('',(#13504),#13518,.T.);
#13504 = FACE_BOUND('',#13505,.T.);
#13505 = EDGE_LOOP('',(#13506,#13536,#13563,#13564));
#13506 = ORIENTED_EDGE('',*,*,#13507,.T.);
#13507 = EDGE_CURVE('',#13508,#13510,#13512,.T.);
#13508 = VERTEX_POINT('',#13509);
#13509 = CARTESIAN_POINT('',(-47.91,0.,-2.82));
#13510 = VERTEX_POINT('',#13511);
#13511 = CARTESIAN_POINT('',(-47.91,-8.572527594031E-17,1.44));
#13512 = SEAM_CURVE('',#13513,(#13517,#13529),.PCURVE_S1.);
#13513 = LINE('',#13514,#13515);
#13514 = CARTESIAN_POINT('',(-47.91,-8.572527594031E-17,-3.1));
#13515 = VECTOR('',#13516,1.);
#13516 = DIRECTION('',(0.,0.,1.));
#13517 = PCURVE('',#13518,#13523);
#13518 = CYLINDRICAL_SURFACE('',#13519,0.35);
#13519 = AXIS2_PLACEMENT_3D('',#13520,#13521,#13522);
#13520 = CARTESIAN_POINT('',(-48.26,0.,-3.1));
#13521 = DIRECTION('',(0.,0.,1.));
#13522 = DIRECTION('',(1.,0.,0.));
#13523 = DEFINITIONAL_REPRESENTATION('',(#13524),#13528);
#13524 = LINE('',#13525,#13526);
#13525 = CARTESIAN_POINT('',(6.28318530718,-0.));
#13526 = VECTOR('',#13527,1.);
#13527 = DIRECTION('',(0.,1.));
#13528 = ( GEOMETRIC_REPRESENTATION_CONTEXT(2) 
PARAMETRIC_REPRESENTATION_CONTEXT() REPRESENTATION_CONTEXT('2D SPACE',''
  ) );
#13529 = PCURVE('',#13518,#13530);
#13530 = DEFINITIONAL_REPRESENTATION('',(#13531),#13535);
#13531 = LINE('',#13532,#13533);
#13532 = CARTESIAN_POINT('',(0.,-0.));
#13533 = VECTOR('',#13534,1.);
#13534 = DIRECTION('',(0.,1.));
#13535 = ( GEOMETRIC_REPRESENTATION_CONTEXT(2) 
PARAMETRIC_REPRESENTATION_CONTEXT() REPRESENTATION_CONTEXT('2D SPACE',''
  ) );
#13536 = ORIENTED_EDGE('',*,*,#13537,.F.);
#13537 = EDGE_CURVE('',#13510,#13510,#13538,.T.);
#13538 = SURFACE_CURVE('',#13539,(#13544,#13551),.PCURVE_S1.);
#13539 = CIRCLE('',#13540,0.35);
#13540 = AXIS2_PLACEMENT_3D('',#13541,#13542,#13543);
#13541 = CARTESIAN_POINT('',(-48.26,0.,1.44));
#13542 = DIRECTION('',(0.,0.,1.));
#13543 = DIRECTION('',(1.,0.,0.));
#13544 = PCURVE('',#13518,#13545);
#13545 = DEFINITIONAL_REPRESENTATION('',(#13546),#13550);
#13546 = LINE('',#13547,#13548);
#13547 = CARTESIAN_POINT('',(0.,4.54));
#13548 = VECTOR('',#13549,1.);
#13549 = DIRECTION('',(1.,0.));
#13550 = ( GEOMETRIC_REPRESENTATION_CONTEXT(2) 
PARAMETRIC_REPRESENTATION_CONTEXT() REPRESENTATION_CONTEXT('2D SPACE',''
  ) );
#13551 = PCURVE('',#13552,#13557);
#13552 = PLANE('',#13553);
#13553 = AXIS2_PLACEMENT_3D('',#13554,#13555,#13556);
#13554 = CARTESIAN_POINT('',(-48.26,0.,1.44));
#13555 = DIRECTION('',(0.,0.,1.));
#13556 = DIRECTION('',(1.,0.,0.));
#13557 = DEFINITIONAL_REPRESENTATION('',(#13558),#13562);
#13558 = CIRCLE('',#13559,0.35);
#13559 = AXIS2_PLACEMENT_2D('',#13560,#13561);
#13560 = CARTESIAN_POINT('',(0.,0.));
#13561 = DIRECTION('',(1.,0.));
#13562 = ( GEOMETRIC_REPRESENTATION_CONTEXT(2) 
PARAMETRIC_REPRESENTATION_CONTEXT() REPRESENTATION_CONTEXT('2D SPACE',''
  ) );
#13563 = ORIENTED_EDGE('',*,*,#13507,.F.);
#13564 = ORIENTED_EDGE('',*,*,#13565,.T.);
#13565 = EDGE_CURVE('',#13508,#13508,#13566,.T.);
#13566 = SURFACE_CURVE('',#13567,(#13572,#13579),.PCURVE_S1.);
#13567 = CIRCLE('',#13568,0.35);
#13568 = AXIS2_PLACEMENT_3D('',#13569,#13570,#13571);
#13569 = CARTESIAN_POINT('',(-48.26,0.,-2.82));
#13570 = DIRECTION('',(0.,0.,1.));
#13571 = DIRECTION('',(1.,0.,0.));
#13572 = PCURVE('',#13518,#13573);
#13573 = DEFINITIONAL_REPRESENTATION('',(#13574),#13578);
#13574 = LINE('',#13575,#13576);
#13575 = CARTESIAN_POINT('',(0.,0.28));
#13576 = VECTOR('',#13577,1.);
#13577 = DIRECTION('',(1.,0.));
#13578 = ( GEOMETRIC_REPRESENTATION_CONTEXT(2) 
PARAMETRIC_REPRESENTATION_CONTEXT() REPRESENTATION_CONTEXT('2D SPACE',''
  ) );
#13579 = PCURVE('',#13580,#13585);
#13580 = CONICAL_SURFACE('',#13581,0.35,0.785398163397);
#13581 = AXIS2_PLACEMENT_3D('',#13582,#13583,#13584);
#13582 = CARTESIAN_POINT('',(-48.26,0.,-2.82));
#13583 = DIRECTION('',(0.,0.,1.));
#13584 = DIRECTION('',(1.,0.,0.));
#13585 = DEFINITIONAL_REPRESENTATION('',(#13586),#13590);
#13586 = LINE('',#13587,#13588);
#13587 = CARTESIAN_POINT('',(0.,-0.));
#13588 = VECTOR('',#13589,1.);
#13589 = DIRECTION('',(1.,-0.));
#13590 = ( GEOMETRIC_REPRESENTATION_CONTEXT(2) 
PARAMETRIC_REPRESENTATION_CONTEXT() REPRESENTATION_CONTEXT('2D SPACE',''
  ) );
#13591 = ADVANCED_FACE('',(#13592),#13580,.T.);
#13592 = FACE_BOUND('',#13593,.F.);
#13593 = EDGE_LOOP('',(#13594,#13615,#13616,#13617));
#13594 = ORIENTED_EDGE('',*,*,#13595,.F.);
#13595 = EDGE_CURVE('',#13508,#13596,#13598,.T.);
#13596 = VERTEX_POINT('',#13597);
#13597 = CARTESIAN_POINT('',(-48.19,0.,-3.1));
#13598 = SEAM_CURVE('',#13599,(#13603,#13609),.PCURVE_S1.);
#13599 = LINE('',#13600,#13601);
#13600 = CARTESIAN_POINT('',(-47.91,0.,-2.82));
#13601 = VECTOR('',#13602,1.);
#13602 = DIRECTION('',(-0.707106781187,-0.,-0.707106781187));
#13603 = PCURVE('',#13580,#13604);
#13604 = DEFINITIONAL_REPRESENTATION('',(#13605),#13608);
#13605 = B_SPLINE_CURVE_WITH_KNOTS('',1,(#13606,#13607),.UNSPECIFIED.,
  .F.,.F.,(2,2),(0.,0.395979797464),.PIECEWISE_BEZIER_KNOTS.);
#13606 = CARTESIAN_POINT('',(0.,0.));
#13607 = CARTESIAN_POINT('',(0.,-0.28));
#13608 = ( GEOMETRIC_REPRESENTATION_CONTEXT(2) 
PARAMETRIC_REPRESENTATION_CONTEXT() REPRESENTATION_CONTEXT('2D SPACE',''
  ) );
#13609 = PCURVE('',#13580,#13610);
#13610 = DEFINITIONAL_REPRESENTATION('',(#13611),#13614);
#13611 = B_SPLINE_CURVE_WITH_KNOTS('',1,(#13612,#13613),.UNSPECIFIED.,
  .F.,.F.,(2,2),(0.,0.395979797464),.PIECEWISE_BEZIER_KNOTS.);
#13612 = CARTESIAN_POINT('',(6.28318530718,0.));
#13613 = CARTESIAN_POINT('',(6.28318530718,-0.28));
#13614 = ( GEOMETRIC_REPRESENTATION_CONTEXT(2) 
PARAMETRIC_REPRESENTATION_CONTEXT() REPRESENTATION_CONTEXT('2D SPACE',''
  ) );
#13615 = ORIENTED_EDGE('',*,*,#13565,.T.);
#13616 = ORIENTED_EDGE('',*,*,#13595,.T.);
#13617 = ORIENTED_EDGE('',*,*,#13618,.F.);
#13618 = EDGE_CURVE('',#13596,#13596,#13619,.T.);
#13619 = SURFACE_CURVE('',#13620,(#13625,#13632),.PCURVE_S1.);
#13620 = CIRCLE('',#13621,7.E-02);
#13621 = AXIS2_PLACEMENT_3D('',#13622,#13623,#13624);
#13622 = CARTESIAN_POINT('',(-48.26,0.,-3.1));
#13623 = DIRECTION('',(0.,0.,1.));
#13624 = DIRECTION('',(1.,0.,0.));
#13625 = PCURVE('',#13580,#13626);
#13626 = DEFINITIONAL_REPRESENTATION('',(#13627),#13631);
#13627 = LINE('',#13628,#13629);
#13628 = CARTESIAN_POINT('',(0.,-0.28));
#13629 = VECTOR('',#13630,1.);
#13630 = DIRECTION('',(1.,-0.));
#13631 = ( GEOMETRIC_REPRESENTATION_CONTEXT(2) 
PARAMETRIC_REPRESENTATION_CONTEXT() REPRESENTATION_CONTEXT('2D SPACE',''
  ) );
#13632 = PCURVE('',#13633,#13638);
#13633 = PLANE('',#13634);
#13634 = AXIS2_PLACEMENT_3D('',#13635,#13636,#13637);
#13635 = CARTESIAN_POINT('',(-48.26,0.,-3.1));
#13636 = DIRECTION('',(0.,0.,1.));
#13637 = DIRECTION('',(1.,0.,0.));
#13638 = DEFINITIONAL_REPRESENTATION('',(#13639),#13643);
#13639 = CIRCLE('',#13640,7.E-02);
#13640 = AXIS2_PLACEMENT_2D('',#13641,#13642);
#13641 = CARTESIAN_POINT('',(0.,0.));
#13642 = DIRECTION('',(1.,0.));
#13643 = ( GEOMETRIC_REPRESENTATION_CONTEXT(2) 
PARAMETRIC_REPRESENTATION_CONTEXT() REPRESENTATION_CONTEXT('2D SPACE',''
  ) );
#13644 = ADVANCED_FACE('',(#13645),#13552,.T.);
#13645 = FACE_BOUND('',#13646,.T.);
#13646 = EDGE_LOOP('',(#13647));
#13647 = ORIENTED_EDGE('',*,*,#13537,.T.);
#13648 = ADVANCED_FACE('',(#13649),#13633,.F.);
#13649 = FACE_BOUND('',#13650,.F.);
#13650 = EDGE_LOOP('',(#13651));
#13651 = ORIENTED_EDGE('',*,*,#13618,.T.);
#13652 = MANIFOLD_SOLID_BREP('',#13653);
#13653 = CLOSED_SHELL('',(#13654,#13742,#13795,#13799));
#13654 = ADVANCED_FACE('',(#13655),#13669,.T.);
#13655 = FACE_BOUND('',#13656,.T.);
#13656 = EDGE_LOOP('',(#13657,#13687,#13714,#13715));
#13657 = ORIENTED_EDGE('',*,*,#13658,.T.);
#13658 = EDGE_CURVE('',#13659,#13661,#13663,.T.);
#13659 = VERTEX_POINT('',#13660);
#13660 = CARTESIAN_POINT('',(-47.91,2.54,-2.82));
#13661 = VERTEX_POINT('',#13662);
#13662 = CARTESIAN_POINT('',(-47.91,2.54,1.44));
#13663 = SEAM_CURVE('',#13664,(#13668,#13680),.PCURVE_S1.);
#13664 = LINE('',#13665,#13666);
#13665 = CARTESIAN_POINT('',(-47.91,2.54,-3.1));
#13666 = VECTOR('',#13667,1.);
#13667 = DIRECTION('',(0.,0.,1.));
#13668 = PCURVE('',#13669,#13674);
#13669 = CYLINDRICAL_SURFACE('',#13670,0.35);
#13670 = AXIS2_PLACEMENT_3D('',#13671,#13672,#13673);
#13671 = CARTESIAN_POINT('',(-48.26,2.54,-3.1));
#13672 = DIRECTION('',(0.,0.,1.));
#13673 = DIRECTION('',(1.,0.,0.));
#13674 = DEFINITIONAL_REPRESENTATION('',(#13675),#13679);
#13675 = LINE('',#13676,#13677);
#13676 = CARTESIAN_POINT('',(6.28318530718,-0.));
#13677 = VECTOR('',#13678,1.);
#13678 = DIRECTION('',(0.,1.));
#13679 = ( GEOMETRIC_REPRESENTATION_CONTEXT(2) 
PARAMETRIC_REPRESENTATION_CONTEXT() REPRESENTATION_CONTEXT('2D SPACE',''
  ) );
#13680 = PCURVE('',#13669,#13681);
#13681 = DEFINITIONAL_REPRESENTATION('',(#13682),#13686);
#13682 = LINE('',#13683,#13684);
#13683 = CARTESIAN_POINT('',(0.,-0.));
#13684 = VECTOR('',#13685,1.);
#13685 = DIRECTION('',(0.,1.));
#13686 = ( GEOMETRIC_REPRESENTATION_CONTEXT(2) 
PARAMETRIC_REPRESENTATION_CONTEXT() REPRESENTATION_CONTEXT('2D SPACE',''
  ) );
#13687 = ORIENTED_EDGE('',*,*,#13688,.F.);
#13688 = EDGE_CURVE('',#13661,#13661,#13689,.T.);
#13689 = SURFACE_CURVE('',#13690,(#13695,#13702),.PCURVE_S1.);
#13690 = CIRCLE('',#13691,0.35);
#13691 = AXIS2_PLACEMENT_3D('',#13692,#13693,#13694);
#13692 = CARTESIAN_POINT('',(-48.26,2.54,1.44));
#13693 = DIRECTION('',(0.,0.,1.));
#13694 = DIRECTION('',(1.,0.,0.));
#13695 = PCURVE('',#13669,#13696);
#13696 = DEFINITIONAL_REPRESENTATION('',(#13697),#13701);
#13697 = LINE('',#13698,#13699);
#13698 = CARTESIAN_POINT('',(0.,4.54));
#13699 = VECTOR('',#13700,1.);
#13700 = DIRECTION('',(1.,0.));
#13701 = ( GEOMETRIC_REPRESENTATION_CONTEXT(2) 
PARAMETRIC_REPRESENTATION_CONTEXT() REPRESENTATION_CONTEXT('2D SPACE',''
  ) );
#13702 = PCURVE('',#13703,#13708);
#13703 = PLANE('',#13704);
#13704 = AXIS2_PLACEMENT_3D('',#13705,#13706,#13707);
#13705 = CARTESIAN_POINT('',(-48.26,2.54,1.44));
#13706 = DIRECTION('',(0.,0.,1.));
#13707 = DIRECTION('',(1.,0.,0.));
#13708 = DEFINITIONAL_REPRESENTATION('',(#13709),#13713);
#13709 = CIRCLE('',#13710,0.35);
#13710 = AXIS2_PLACEMENT_2D('',#13711,#13712);
#13711 = CARTESIAN_POINT('',(0.,0.));
#13712 = DIRECTION('',(1.,0.));
#13713 = ( GEOMETRIC_REPRESENTATION_CONTEXT(2) 
PARAMETRIC_REPRESENTATION_CONTEXT() REPRESENTATION_CONTEXT('2D SPACE',''
  ) );
#13714 = ORIENTED_EDGE('',*,*,#13658,.F.);
#13715 = ORIENTED_EDGE('',*,*,#13716,.T.);
#13716 = EDGE_CURVE('',#13659,#13659,#13717,.T.);
#13717 = SURFACE_CURVE('',#13718,(#13723,#13730),.PCURVE_S1.);
#13718 = CIRCLE('',#13719,0.35);
#13719 = AXIS2_PLACEMENT_3D('',#13720,#13721,#13722);
#13720 = CARTESIAN_POINT('',(-48.26,2.54,-2.82));
#13721 = DIRECTION('',(0.,0.,1.));
#13722 = DIRECTION('',(1.,0.,0.));
#13723 = PCURVE('',#13669,#13724);
#13724 = DEFINITIONAL_REPRESENTATION('',(#13725),#13729);
#13725 = LINE('',#13726,#13727);
#13726 = CARTESIAN_POINT('',(0.,0.28));
#13727 = VECTOR('',#13728,1.);
#13728 = DIRECTION('',(1.,0.));
#13729 = ( GEOMETRIC_REPRESENTATION_CONTEXT(2) 
PARAMETRIC_REPRESENTATION_CONTEXT() REPRESENTATION_CONTEXT('2D SPACE',''
  ) );
#13730 = PCURVE('',#13731,#13736);
#13731 = CONICAL_SURFACE('',#13732,0.35,0.785398163397);
#13732 = AXIS2_PLACEMENT_3D('',#13733,#13734,#13735);
#13733 = CARTESIAN_POINT('',(-48.26,2.54,-2.82));
#13734 = DIRECTION('',(0.,0.,1.));
#13735 = DIRECTION('',(1.,0.,0.));
#13736 = DEFINITIONAL_REPRESENTATION('',(#13737),#13741);
#13737 = LINE('',#13738,#13739);
#13738 = CARTESIAN_POINT('',(0.,-0.));
#13739 = VECTOR('',#13740,1.);
#13740 = DIRECTION('',(1.,-0.));
#13741 = ( GEOMETRIC_REPRESENTATION_CONTEXT(2) 
PARAMETRIC_REPRESENTATION_CONTEXT() REPRESENTATION_CONTEXT('2D SPACE',''
  ) );
#13742 = ADVANCED_FACE('',(#13743),#13731,.T.);
#13743 = FACE_BOUND('',#13744,.F.);
#13744 = EDGE_LOOP('',(#13745,#13766,#13767,#13768));
#13745 = ORIENTED_EDGE('',*,*,#13746,.F.);
#13746 = EDGE_CURVE('',#13659,#13747,#13749,.T.);
#13747 = VERTEX_POINT('',#13748);
#13748 = CARTESIAN_POINT('',(-48.19,2.54,-3.1));
#13749 = SEAM_CURVE('',#13750,(#13754,#13760),.PCURVE_S1.);
#13750 = LINE('',#13751,#13752);
#13751 = CARTESIAN_POINT('',(-47.91,2.54,-2.82));
#13752 = VECTOR('',#13753,1.);
#13753 = DIRECTION('',(-0.707106781187,-0.,-0.707106781187));
#13754 = PCURVE('',#13731,#13755);
#13755 = DEFINITIONAL_REPRESENTATION('',(#13756),#13759);
#13756 = B_SPLINE_CURVE_WITH_KNOTS('',1,(#13757,#13758),.UNSPECIFIED.,
  .F.,.F.,(2,2),(0.,0.395979797464),.PIECEWISE_BEZIER_KNOTS.);
#13757 = CARTESIAN_POINT('',(0.,0.));
#13758 = CARTESIAN_POINT('',(0.,-0.28));
#13759 = ( GEOMETRIC_REPRESENTATION_CONTEXT(2) 
PARAMETRIC_REPRESENTATION_CONTEXT() REPRESENTATION_CONTEXT('2D SPACE',''
  ) );
#13760 = PCURVE('',#13731,#13761);
#13761 = DEFINITIONAL_REPRESENTATION('',(#13762),#13765);
#13762 = B_SPLINE_CURVE_WITH_KNOTS('',1,(#13763,#13764),.UNSPECIFIED.,
  .F.,.F.,(2,2),(0.,0.395979797464),.PIECEWISE_BEZIER_KNOTS.);
#13763 = CARTESIAN_POINT('',(6.28318530718,0.));
#13764 = CARTESIAN_POINT('',(6.28318530718,-0.28));
#13765 = ( GEOMETRIC_REPRESENTATION_CONTEXT(2) 
PARAMETRIC_REPRESENTATION_CONTEXT() REPRESENTATION_CONTEXT('2D SPACE',''
  ) );
#13766 = ORIENTED_EDGE('',*,*,#13716,.T.);
#13767 = ORIENTED_EDGE('',*,*,#13746,.T.);
#13768 = ORIENTED_EDGE('',*,*,#13769,.F.);
#13769 = EDGE_CURVE('',#13747,#13747,#13770,.T.);
#13770 = SURFACE_CURVE('',#13771,(#13776,#13783),.PCURVE_S1.);
#13771 = CIRCLE('',#13772,7.E-02);
#13772 = AXIS2_PLACEMENT_3D('',#13773,#13774,#13775);
#13773 = CARTESIAN_POINT('',(-48.26,2.54,-3.1));
#13774 = DIRECTION('',(0.,0.,1.));
#13775 = DIRECTION('',(1.,0.,0.));
#13776 = PCURVE('',#13731,#13777);
#13777 = DEFINITIONAL_REPRESENTATION('',(#13778),#13782);
#13778 = LINE('',#13779,#13780);
#13779 = CARTESIAN_POINT('',(0.,-0.28));
#13780 = VECTOR('',#13781,1.);
#13781 = DIRECTION('',(1.,-0.));
#13782 = ( GEOMETRIC_REPRESENTATION_CONTEXT(2) 
PARAMETRIC_REPRESENTATION_CONTEXT() REPRESENTATION_CONTEXT('2D SPACE',''
  ) );
#13783 = PCURVE('',#13784,#13789);
#13784 = PLANE('',#13785);
#13785 = AXIS2_PLACEMENT_3D('',#13786,#13787,#13788);
#13786 = CARTESIAN_POINT('',(-48.26,2.54,-3.1));
#13787 = DIRECTION('',(0.,0.,1.));
#13788 = DIRECTION('',(1.,0.,0.));
#13789 = DEFINITIONAL_REPRESENTATION('',(#13790),#13794);
#13790 = CIRCLE('',#13791,7.E-02);
#13791 = AXIS2_PLACEMENT_2D('',#13792,#13793);
#13792 = CARTESIAN_POINT('',(0.,0.));
#13793 = DIRECTION('',(1.,0.));
#13794 = ( GEOMETRIC_REPRESENTATION_CONTEXT(2) 
PARAMETRIC_REPRESENTATION_CONTEXT() REPRESENTATION_CONTEXT('2D SPACE',''
  ) );
#13795 = ADVANCED_FACE('',(#13796),#13703,.T.);
#13796 = FACE_BOUND('',#13797,.T.);
#13797 = EDGE_LOOP('',(#13798));
#13798 = ORIENTED_EDGE('',*,*,#13688,.T.);
#13799 = ADVANCED_FACE('',(#13800),#13784,.F.);
#13800 = FACE_BOUND('',#13801,.F.);
#13801 = EDGE_LOOP('',(#13802));
#13802 = ORIENTED_EDGE('',*,*,#13769,.T.);
#13803 = MANIFOLD_SOLID_BREP('',#13804);
#13804 = CLOSED_SHELL('',(#13805,#13893,#13946,#13950));
#13805 = ADVANCED_FACE('',(#13806),#13820,.T.);
#13806 = FACE_BOUND('',#13807,.T.);
#13807 = EDGE_LOOP('',(#13808,#13838,#13865,#13866));
#13808 = ORIENTED_EDGE('',*,*,#13809,.T.);
#13809 = EDGE_CURVE('',#13810,#13812,#13814,.T.);
#13810 = VERTEX_POINT('',#13811);
#13811 = CARTESIAN_POINT('',(-50.45,0.,-2.82));
#13812 = VERTEX_POINT('',#13813);
#13813 = CARTESIAN_POINT('',(-50.45,-8.572527594031E-17,1.44));
#13814 = SEAM_CURVE('',#13815,(#13819,#13831),.PCURVE_S1.);
#13815 = LINE('',#13816,#13817);
#13816 = CARTESIAN_POINT('',(-50.45,-8.572527594031E-17,-3.1));
#13817 = VECTOR('',#13818,1.);
#13818 = DIRECTION('',(0.,0.,1.));
#13819 = PCURVE('',#13820,#13825);
#13820 = CYLINDRICAL_SURFACE('',#13821,0.35);
#13821 = AXIS2_PLACEMENT_3D('',#13822,#13823,#13824);
#13822 = CARTESIAN_POINT('',(-50.8,0.,-3.1));
#13823 = DIRECTION('',(0.,0.,1.));
#13824 = DIRECTION('',(1.,0.,0.));
#13825 = DEFINITIONAL_REPRESENTATION('',(#13826),#13830);
#13826 = LINE('',#13827,#13828);
#13827 = CARTESIAN_POINT('',(6.28318530718,-0.));
#13828 = VECTOR('',#13829,1.);
#13829 = DIRECTION('',(0.,1.));
#13830 = ( GEOMETRIC_REPRESENTATION_CONTEXT(2) 
PARAMETRIC_REPRESENTATION_CONTEXT() REPRESENTATION_CONTEXT('2D SPACE',''
  ) );
#13831 = PCURVE('',#13820,#13832);
#13832 = DEFINITIONAL_REPRESENTATION('',(#13833),#13837);
#13833 = LINE('',#13834,#13835);
#13834 = CARTESIAN_POINT('',(0.,-0.));
#13835 = VECTOR('',#13836,1.);
#13836 = DIRECTION('',(0.,1.));
#13837 = ( GEOMETRIC_REPRESENTATION_CONTEXT(2) 
PARAMETRIC_REPRESENTATION_CONTEXT() REPRESENTATION_CONTEXT('2D SPACE',''
  ) );
#13838 = ORIENTED_EDGE('',*,*,#13839,.F.);
#13839 = EDGE_CURVE('',#13812,#13812,#13840,.T.);
#13840 = SURFACE_CURVE('',#13841,(#13846,#13853),.PCURVE_S1.);
#13841 = CIRCLE('',#13842,0.35);
#13842 = AXIS2_PLACEMENT_3D('',#13843,#13844,#13845);
#13843 = CARTESIAN_POINT('',(-50.8,0.,1.44));
#13844 = DIRECTION('',(0.,0.,1.));
#13845 = DIRECTION('',(1.,0.,0.));
#13846 = PCURVE('',#13820,#13847);
#13847 = DEFINITIONAL_REPRESENTATION('',(#13848),#13852);
#13848 = LINE('',#13849,#13850);
#13849 = CARTESIAN_POINT('',(0.,4.54));
#13850 = VECTOR('',#13851,1.);
#13851 = DIRECTION('',(1.,0.));
#13852 = ( GEOMETRIC_REPRESENTATION_CONTEXT(2) 
PARAMETRIC_REPRESENTATION_CONTEXT() REPRESENTATION_CONTEXT('2D SPACE',''
  ) );
#13853 = PCURVE('',#13854,#13859);
#13854 = PLANE('',#13855);
#13855 = AXIS2_PLACEMENT_3D('',#13856,#13857,#13858);
#13856 = CARTESIAN_POINT('',(-50.8,0.,1.44));
#13857 = DIRECTION('',(0.,0.,1.));
#13858 = DIRECTION('',(1.,0.,0.));
#13859 = DEFINITIONAL_REPRESENTATION('',(#13860),#13864);
#13860 = CIRCLE('',#13861,0.35);
#13861 = AXIS2_PLACEMENT_2D('',#13862,#13863);
#13862 = CARTESIAN_POINT('',(0.,0.));
#13863 = DIRECTION('',(1.,0.));
#13864 = ( GEOMETRIC_REPRESENTATION_CONTEXT(2) 
PARAMETRIC_REPRESENTATION_CONTEXT() REPRESENTATION_CONTEXT('2D SPACE',''
  ) );
#13865 = ORIENTED_EDGE('',*,*,#13809,.F.);
#13866 = ORIENTED_EDGE('',*,*,#13867,.T.);
#13867 = EDGE_CURVE('',#13810,#13810,#13868,.T.);
#13868 = SURFACE_CURVE('',#13869,(#13874,#13881),.PCURVE_S1.);
#13869 = CIRCLE('',#13870,0.35);
#13870 = AXIS2_PLACEMENT_3D('',#13871,#13872,#13873);
#13871 = CARTESIAN_POINT('',(-50.8,0.,-2.82));
#13872 = DIRECTION('',(0.,0.,1.));
#13873 = DIRECTION('',(1.,0.,0.));
#13874 = PCURVE('',#13820,#13875);
#13875 = DEFINITIONAL_REPRESENTATION('',(#13876),#13880);
#13876 = LINE('',#13877,#13878);
#13877 = CARTESIAN_POINT('',(0.,0.28));
#13878 = VECTOR('',#13879,1.);
#13879 = DIRECTION('',(1.,0.));
#13880 = ( GEOMETRIC_REPRESENTATION_CONTEXT(2) 
PARAMETRIC_REPRESENTATION_CONTEXT() REPRESENTATION_CONTEXT('2D SPACE',''
  ) );
#13881 = PCURVE('',#13882,#13887);
#13882 = CONICAL_SURFACE('',#13883,0.35,0.785398163397);
#13883 = AXIS2_PLACEMENT_3D('',#13884,#13885,#13886);
#13884 = CARTESIAN_POINT('',(-50.8,0.,-2.82));
#13885 = DIRECTION('',(0.,0.,1.));
#13886 = DIRECTION('',(1.,0.,0.));
#13887 = DEFINITIONAL_REPRESENTATION('',(#13888),#13892);
#13888 = LINE('',#13889,#13890);
#13889 = CARTESIAN_POINT('',(0.,-0.));
#13890 = VECTOR('',#13891,1.);
#13891 = DIRECTION('',(1.,-0.));
#13892 = ( GEOMETRIC_REPRESENTATION_CONTEXT(2) 
PARAMETRIC_REPRESENTATION_CONTEXT() REPRESENTATION_CONTEXT('2D SPACE',''
  ) );
#13893 = ADVANCED_FACE('',(#13894),#13882,.T.);
#13894 = FACE_BOUND('',#13895,.F.);
#13895 = EDGE_LOOP('',(#13896,#13917,#13918,#13919));
#13896 = ORIENTED_EDGE('',*,*,#13897,.F.);
#13897 = EDGE_CURVE('',#13810,#13898,#13900,.T.);
#13898 = VERTEX_POINT('',#13899);
#13899 = CARTESIAN_POINT('',(-50.73,0.,-3.1));
#13900 = SEAM_CURVE('',#13901,(#13905,#13911),.PCURVE_S1.);
#13901 = LINE('',#13902,#13903);
#13902 = CARTESIAN_POINT('',(-50.45,0.,-2.82));
#13903 = VECTOR('',#13904,1.);
#13904 = DIRECTION('',(-0.707106781187,-0.,-0.707106781187));
#13905 = PCURVE('',#13882,#13906);
#13906 = DEFINITIONAL_REPRESENTATION('',(#13907),#13910);
#13907 = B_SPLINE_CURVE_WITH_KNOTS('',1,(#13908,#13909),.UNSPECIFIED.,
  .F.,.F.,(2,2),(0.,0.395979797464),.PIECEWISE_BEZIER_KNOTS.);
#13908 = CARTESIAN_POINT('',(0.,0.));
#13909 = CARTESIAN_POINT('',(0.,-0.28));
#13910 = ( GEOMETRIC_REPRESENTATION_CONTEXT(2) 
PARAMETRIC_REPRESENTATION_CONTEXT() REPRESENTATION_CONTEXT('2D SPACE',''
  ) );
#13911 = PCURVE('',#13882,#13912);
#13912 = DEFINITIONAL_REPRESENTATION('',(#13913),#13916);
#13913 = B_SPLINE_CURVE_WITH_KNOTS('',1,(#13914,#13915),.UNSPECIFIED.,
  .F.,.F.,(2,2),(0.,0.395979797464),.PIECEWISE_BEZIER_KNOTS.);
#13914 = CARTESIAN_POINT('',(6.28318530718,0.));
#13915 = CARTESIAN_POINT('',(6.28318530718,-0.28));
#13916 = ( GEOMETRIC_REPRESENTATION_CONTEXT(2) 
PARAMETRIC_REPRESENTATION_CONTEXT() REPRESENTATION_CONTEXT('2D SPACE',''
  ) );
#13917 = ORIENTED_EDGE('',*,*,#13867,.T.);
#13918 = ORIENTED_EDGE('',*,*,#13897,.T.);
#13919 = ORIENTED_EDGE('',*,*,#13920,.F.);
#13920 = EDGE_CURVE('',#13898,#13898,#13921,.T.);
#13921 = SURFACE_CURVE('',#13922,(#13927,#13934),.PCURVE_S1.);
#13922 = CIRCLE('',#13923,7.E-02);
#13923 = AXIS2_PLACEMENT_3D('',#13924,#13925,#13926);
#13924 = CARTESIAN_POINT('',(-50.8,0.,-3.1));
#13925 = DIRECTION('',(0.,0.,1.));
#13926 = DIRECTION('',(1.,0.,0.));
#13927 = PCURVE('',#13882,#13928);
#13928 = DEFINITIONAL_REPRESENTATION('',(#13929),#13933);
#13929 = LINE('',#13930,#13931);
#13930 = CARTESIAN_POINT('',(0.,-0.28));
#13931 = VECTOR('',#13932,1.);
#13932 = DIRECTION('',(1.,-0.));
#13933 = ( GEOMETRIC_REPRESENTATION_CONTEXT(2) 
PARAMETRIC_REPRESENTATION_CONTEXT() REPRESENTATION_CONTEXT('2D SPACE',''
  ) );
#13934 = PCURVE('',#13935,#13940);
#13935 = PLANE('',#13936);
#13936 = AXIS2_PLACEMENT_3D('',#13937,#13938,#13939);
#13937 = CARTESIAN_POINT('',(-50.8,0.,-3.1));
#13938 = DIRECTION('',(0.,0.,1.));
#13939 = DIRECTION('',(1.,0.,0.));
#13940 = DEFINITIONAL_REPRESENTATION('',(#13941),#13945);
#13941 = CIRCLE('',#13942,7.E-02);
#13942 = AXIS2_PLACEMENT_2D('',#13943,#13944);
#13943 = CARTESIAN_POINT('',(0.,0.));
#13944 = DIRECTION('',(1.,0.));
#13945 = ( GEOMETRIC_REPRESENTATION_CONTEXT(2) 
PARAMETRIC_REPRESENTATION_CONTEXT() REPRESENTATION_CONTEXT('2D SPACE',''
  ) );
#13946 = ADVANCED_FACE('',(#13947),#13854,.T.);
#13947 = FACE_BOUND('',#13948,.T.);
#13948 = EDGE_LOOP('',(#13949));
#13949 = ORIENTED_EDGE('',*,*,#13839,.T.);
#13950 = ADVANCED_FACE('',(#13951),#13935,.F.);
#13951 = FACE_BOUND('',#13952,.F.);
#13952 = EDGE_LOOP('',(#13953));
#13953 = ORIENTED_EDGE('',*,*,#13920,.T.);
#13954 = MANIFOLD_SOLID_BREP('',#13955);
#13955 = CLOSED_SHELL('',(#13956,#14044,#14097,#14101));
#13956 = ADVANCED_FACE('',(#13957),#13971,.T.);
#13957 = FACE_BOUND('',#13958,.T.);
#13958 = EDGE_LOOP('',(#13959,#13989,#14016,#14017));
#13959 = ORIENTED_EDGE('',*,*,#13960,.T.);
#13960 = EDGE_CURVE('',#13961,#13963,#13965,.T.);
#13961 = VERTEX_POINT('',#13962);
#13962 = CARTESIAN_POINT('',(-50.45,2.54,-2.82));
#13963 = VERTEX_POINT('',#13964);
#13964 = CARTESIAN_POINT('',(-50.45,2.54,1.44));
#13965 = SEAM_CURVE('',#13966,(#13970,#13982),.PCURVE_S1.);
#13966 = LINE('',#13967,#13968);
#13967 = CARTESIAN_POINT('',(-50.45,2.54,-3.1));
#13968 = VECTOR('',#13969,1.);
#13969 = DIRECTION('',(0.,0.,1.));
#13970 = PCURVE('',#13971,#13976);
#13971 = CYLINDRICAL_SURFACE('',#13972,0.35);
#13972 = AXIS2_PLACEMENT_3D('',#13973,#13974,#13975);
#13973 = CARTESIAN_POINT('',(-50.8,2.54,-3.1));
#13974 = DIRECTION('',(0.,0.,1.));
#13975 = DIRECTION('',(1.,0.,0.));
#13976 = DEFINITIONAL_REPRESENTATION('',(#13977),#13981);
#13977 = LINE('',#13978,#13979);
#13978 = CARTESIAN_POINT('',(6.28318530718,-0.));
#13979 = VECTOR('',#13980,1.);
#13980 = DIRECTION('',(0.,1.));
#13981 = ( GEOMETRIC_REPRESENTATION_CONTEXT(2) 
PARAMETRIC_REPRESENTATION_CONTEXT() REPRESENTATION_CONTEXT('2D SPACE',''
  ) );
#13982 = PCURVE('',#13971,#13983);
#13983 = DEFINITIONAL_REPRESENTATION('',(#13984),#13988);
#13984 = LINE('',#13985,#13986);
#13985 = CARTESIAN_POINT('',(0.,-0.));
#13986 = VECTOR('',#13987,1.);
#13987 = DIRECTION('',(0.,1.));
#13988 = ( GEOMETRIC_REPRESENTATION_CONTEXT(2) 
PARAMETRIC_REPRESENTATION_CONTEXT() REPRESENTATION_CONTEXT('2D SPACE',''
  ) );
#13989 = ORIENTED_EDGE('',*,*,#13990,.F.);
#13990 = EDGE_CURVE('',#13963,#13963,#13991,.T.);
#13991 = SURFACE_CURVE('',#13992,(#13997,#14004),.PCURVE_S1.);
#13992 = CIRCLE('',#13993,0.35);
#13993 = AXIS2_PLACEMENT_3D('',#13994,#13995,#13996);
#13994 = CARTESIAN_POINT('',(-50.8,2.54,1.44));
#13995 = DIRECTION('',(0.,0.,1.));
#13996 = DIRECTION('',(1.,0.,0.));
#13997 = PCURVE('',#13971,#13998);
#13998 = DEFINITIONAL_REPRESENTATION('',(#13999),#14003);
#13999 = LINE('',#14000,#14001);
#14000 = CARTESIAN_POINT('',(0.,4.54));
#14001 = VECTOR('',#14002,1.);
#14002 = DIRECTION('',(1.,0.));
#14003 = ( GEOMETRIC_REPRESENTATION_CONTEXT(2) 
PARAMETRIC_REPRESENTATION_CONTEXT() REPRESENTATION_CONTEXT('2D SPACE',''
  ) );
#14004 = PCURVE('',#14005,#14010);
#14005 = PLANE('',#14006);
#14006 = AXIS2_PLACEMENT_3D('',#14007,#14008,#14009);
#14007 = CARTESIAN_POINT('',(-50.8,2.54,1.44));
#14008 = DIRECTION('',(0.,0.,1.));
#14009 = DIRECTION('',(1.,0.,0.));
#14010 = DEFINITIONAL_REPRESENTATION('',(#14011),#14015);
#14011 = CIRCLE('',#14012,0.35);
#14012 = AXIS2_PLACEMENT_2D('',#14013,#14014);
#14013 = CARTESIAN_POINT('',(0.,0.));
#14014 = DIRECTION('',(1.,0.));
#14015 = ( GEOMETRIC_REPRESENTATION_CONTEXT(2) 
PARAMETRIC_REPRESENTATION_CONTEXT() REPRESENTATION_CONTEXT('2D SPACE',''
  ) );
#14016 = ORIENTED_EDGE('',*,*,#13960,.F.);
#14017 = ORIENTED_EDGE('',*,*,#14018,.T.);
#14018 = EDGE_CURVE('',#13961,#13961,#14019,.T.);
#14019 = SURFACE_CURVE('',#14020,(#14025,#14032),.PCURVE_S1.);
#14020 = CIRCLE('',#14021,0.35);
#14021 = AXIS2_PLACEMENT_3D('',#14022,#14023,#14024);
#14022 = CARTESIAN_POINT('',(-50.8,2.54,-2.82));
#14023 = DIRECTION('',(0.,0.,1.));
#14024 = DIRECTION('',(1.,0.,0.));
#14025 = PCURVE('',#13971,#14026);
#14026 = DEFINITIONAL_REPRESENTATION('',(#14027),#14031);
#14027 = LINE('',#14028,#14029);
#14028 = CARTESIAN_POINT('',(0.,0.28));
#14029 = VECTOR('',#14030,1.);
#14030 = DIRECTION('',(1.,0.));
#14031 = ( GEOMETRIC_REPRESENTATION_CONTEXT(2) 
PARAMETRIC_REPRESENTATION_CONTEXT() REPRESENTATION_CONTEXT('2D SPACE',''
  ) );
#14032 = PCURVE('',#14033,#14038);
#14033 = CONICAL_SURFACE('',#14034,0.35,0.785398163397);
#14034 = AXIS2_PLACEMENT_3D('',#14035,#14036,#14037);
#14035 = CARTESIAN_POINT('',(-50.8,2.54,-2.82));
#14036 = DIRECTION('',(0.,0.,1.));
#14037 = DIRECTION('',(1.,0.,0.));
#14038 = DEFINITIONAL_REPRESENTATION('',(#14039),#14043);
#14039 = LINE('',#14040,#14041);
#14040 = CARTESIAN_POINT('',(0.,-0.));
#14041 = VECTOR('',#14042,1.);
#14042 = DIRECTION('',(1.,-0.));
#14043 = ( GEOMETRIC_REPRESENTATION_CONTEXT(2) 
PARAMETRIC_REPRESENTATION_CONTEXT() REPRESENTATION_CONTEXT('2D SPACE',''
  ) );
#14044 = ADVANCED_FACE('',(#14045),#14033,.T.);
#14045 = FACE_BOUND('',#14046,.F.);
#14046 = EDGE_LOOP('',(#14047,#14068,#14069,#14070));
#14047 = ORIENTED_EDGE('',*,*,#14048,.F.);
#14048 = EDGE_CURVE('',#13961,#14049,#14051,.T.);
#14049 = VERTEX_POINT('',#14050);
#14050 = CARTESIAN_POINT('',(-50.73,2.54,-3.1));
#14051 = SEAM_CURVE('',#14052,(#14056,#14062),.PCURVE_S1.);
#14052 = LINE('',#14053,#14054);
#14053 = CARTESIAN_POINT('',(-50.45,2.54,-2.82));
#14054 = VECTOR('',#14055,1.);
#14055 = DIRECTION('',(-0.707106781187,-0.,-0.707106781187));
#14056 = PCURVE('',#14033,#14057);
#14057 = DEFINITIONAL_REPRESENTATION('',(#14058),#14061);
#14058 = B_SPLINE_CURVE_WITH_KNOTS('',1,(#14059,#14060),.UNSPECIFIED.,
  .F.,.F.,(2,2),(0.,0.395979797464),.PIECEWISE_BEZIER_KNOTS.);
#14059 = CARTESIAN_POINT('',(0.,0.));
#14060 = CARTESIAN_POINT('',(0.,-0.28));
#14061 = ( GEOMETRIC_REPRESENTATION_CONTEXT(2) 
PARAMETRIC_REPRESENTATION_CONTEXT() REPRESENTATION_CONTEXT('2D SPACE',''
  ) );
#14062 = PCURVE('',#14033,#14063);
#14063 = DEFINITIONAL_REPRESENTATION('',(#14064),#14067);
#14064 = B_SPLINE_CURVE_WITH_KNOTS('',1,(#14065,#14066),.UNSPECIFIED.,
  .F.,.F.,(2,2),(0.,0.395979797464),.PIECEWISE_BEZIER_KNOTS.);
#14065 = CARTESIAN_POINT('',(6.28318530718,0.));
#14066 = CARTESIAN_POINT('',(6.28318530718,-0.28));
#14067 = ( GEOMETRIC_REPRESENTATION_CONTEXT(2) 
PARAMETRIC_REPRESENTATION_CONTEXT() REPRESENTATION_CONTEXT('2D SPACE',''
  ) );
#14068 = ORIENTED_EDGE('',*,*,#14018,.T.);
#14069 = ORIENTED_EDGE('',*,*,#14048,.T.);
#14070 = ORIENTED_EDGE('',*,*,#14071,.F.);
#14071 = EDGE_CURVE('',#14049,#14049,#14072,.T.);
#14072 = SURFACE_CURVE('',#14073,(#14078,#14085),.PCURVE_S1.);
#14073 = CIRCLE('',#14074,7.E-02);
#14074 = AXIS2_PLACEMENT_3D('',#14075,#14076,#14077);
#14075 = CARTESIAN_POINT('',(-50.8,2.54,-3.1));
#14076 = DIRECTION('',(0.,0.,1.));
#14077 = DIRECTION('',(1.,0.,0.));
#14078 = PCURVE('',#14033,#14079);
#14079 = DEFINITIONAL_REPRESENTATION('',(#14080),#14084);
#14080 = LINE('',#14081,#14082);
#14081 = CARTESIAN_POINT('',(0.,-0.28));
#14082 = VECTOR('',#14083,1.);
#14083 = DIRECTION('',(1.,-0.));
#14084 = ( GEOMETRIC_REPRESENTATION_CONTEXT(2) 
PARAMETRIC_REPRESENTATION_CONTEXT() REPRESENTATION_CONTEXT('2D SPACE',''
  ) );
#14085 = PCURVE('',#14086,#14091);
#14086 = PLANE('',#14087);
#14087 = AXIS2_PLACEMENT_3D('',#14088,#14089,#14090);
#14088 = CARTESIAN_POINT('',(-50.8,2.54,-3.1));
#14089 = DIRECTION('',(0.,0.,1.));
#14090 = DIRECTION('',(1.,0.,0.));
#14091 = DEFINITIONAL_REPRESENTATION('',(#14092),#14096);
#14092 = CIRCLE('',#14093,7.E-02);
#14093 = AXIS2_PLACEMENT_2D('',#14094,#14095);
#14094 = CARTESIAN_POINT('',(0.,0.));
#14095 = DIRECTION('',(1.,0.));
#14096 = ( GEOMETRIC_REPRESENTATION_CONTEXT(2) 
PARAMETRIC_REPRESENTATION_CONTEXT() REPRESENTATION_CONTEXT('2D SPACE',''
  ) );
#14097 = ADVANCED_FACE('',(#14098),#14005,.T.);
#14098 = FACE_BOUND('',#14099,.T.);
#14099 = EDGE_LOOP('',(#14100));
#14100 = ORIENTED_EDGE('',*,*,#13990,.T.);
#14101 = ADVANCED_FACE('',(#14102),#14086,.F.);
#14102 = FACE_BOUND('',#14103,.F.);
#14103 = EDGE_LOOP('',(#14104));
#14104 = ORIENTED_EDGE('',*,*,#14071,.T.);
#14105 = MANIFOLD_SOLID_BREP('',#14106);
#14106 = CLOSED_SHELL('',(#14107,#14195,#14248,#14252));
#14107 = ADVANCED_FACE('',(#14108),#14122,.T.);
#14108 = FACE_BOUND('',#14109,.T.);
#14109 = EDGE_LOOP('',(#14110,#14140,#14167,#14168));
#14110 = ORIENTED_EDGE('',*,*,#14111,.T.);
#14111 = EDGE_CURVE('',#14112,#14114,#14116,.T.);
#14112 = VERTEX_POINT('',#14113);
#14113 = CARTESIAN_POINT('',(-52.99,0.,-2.82));
#14114 = VERTEX_POINT('',#14115);
#14115 = CARTESIAN_POINT('',(-52.99,-8.572527594031E-17,1.44));
#14116 = SEAM_CURVE('',#14117,(#14121,#14133),.PCURVE_S1.);
#14117 = LINE('',#14118,#14119);
#14118 = CARTESIAN_POINT('',(-52.99,-8.572527594031E-17,-3.1));
#14119 = VECTOR('',#14120,1.);
#14120 = DIRECTION('',(0.,0.,1.));
#14121 = PCURVE('',#14122,#14127);
#14122 = CYLINDRICAL_SURFACE('',#14123,0.35);
#14123 = AXIS2_PLACEMENT_3D('',#14124,#14125,#14126);
#14124 = CARTESIAN_POINT('',(-53.34,0.,-3.1));
#14125 = DIRECTION('',(0.,0.,1.));
#14126 = DIRECTION('',(1.,0.,0.));
#14127 = DEFINITIONAL_REPRESENTATION('',(#14128),#14132);
#14128 = LINE('',#14129,#14130);
#14129 = CARTESIAN_POINT('',(6.28318530718,-0.));
#14130 = VECTOR('',#14131,1.);
#14131 = DIRECTION('',(0.,1.));
#14132 = ( GEOMETRIC_REPRESENTATION_CONTEXT(2) 
PARAMETRIC_REPRESENTATION_CONTEXT() REPRESENTATION_CONTEXT('2D SPACE',''
  ) );
#14133 = PCURVE('',#14122,#14134);
#14134 = DEFINITIONAL_REPRESENTATION('',(#14135),#14139);
#14135 = LINE('',#14136,#14137);
#14136 = CARTESIAN_POINT('',(0.,-0.));
#14137 = VECTOR('',#14138,1.);
#14138 = DIRECTION('',(0.,1.));
#14139 = ( GEOMETRIC_REPRESENTATION_CONTEXT(2) 
PARAMETRIC_REPRESENTATION_CONTEXT() REPRESENTATION_CONTEXT('2D SPACE',''
  ) );
#14140 = ORIENTED_EDGE('',*,*,#14141,.F.);
#14141 = EDGE_CURVE('',#14114,#14114,#14142,.T.);
#14142 = SURFACE_CURVE('',#14143,(#14148,#14155),.PCURVE_S1.);
#14143 = CIRCLE('',#14144,0.35);
#14144 = AXIS2_PLACEMENT_3D('',#14145,#14146,#14147);
#14145 = CARTESIAN_POINT('',(-53.34,0.,1.44));
#14146 = DIRECTION('',(0.,0.,1.));
#14147 = DIRECTION('',(1.,0.,0.));
#14148 = PCURVE('',#14122,#14149);
#14149 = DEFINITIONAL_REPRESENTATION('',(#14150),#14154);
#14150 = LINE('',#14151,#14152);
#14151 = CARTESIAN_POINT('',(0.,4.54));
#14152 = VECTOR('',#14153,1.);
#14153 = DIRECTION('',(1.,0.));
#14154 = ( GEOMETRIC_REPRESENTATION_CONTEXT(2) 
PARAMETRIC_REPRESENTATION_CONTEXT() REPRESENTATION_CONTEXT('2D SPACE',''
  ) );
#14155 = PCURVE('',#14156,#14161);
#14156 = PLANE('',#14157);
#14157 = AXIS2_PLACEMENT_3D('',#14158,#14159,#14160);
#14158 = CARTESIAN_POINT('',(-53.34,0.,1.44));
#14159 = DIRECTION('',(0.,0.,1.));
#14160 = DIRECTION('',(1.,0.,0.));
#14161 = DEFINITIONAL_REPRESENTATION('',(#14162),#14166);
#14162 = CIRCLE('',#14163,0.35);
#14163 = AXIS2_PLACEMENT_2D('',#14164,#14165);
#14164 = CARTESIAN_POINT('',(0.,0.));
#14165 = DIRECTION('',(1.,0.));
#14166 = ( GEOMETRIC_REPRESENTATION_CONTEXT(2) 
PARAMETRIC_REPRESENTATION_CONTEXT() REPRESENTATION_CONTEXT('2D SPACE',''
  ) );
#14167 = ORIENTED_EDGE('',*,*,#14111,.F.);
#14168 = ORIENTED_EDGE('',*,*,#14169,.T.);
#14169 = EDGE_CURVE('',#14112,#14112,#14170,.T.);
#14170 = SURFACE_CURVE('',#14171,(#14176,#14183),.PCURVE_S1.);
#14171 = CIRCLE('',#14172,0.35);
#14172 = AXIS2_PLACEMENT_3D('',#14173,#14174,#14175);
#14173 = CARTESIAN_POINT('',(-53.34,0.,-2.82));
#14174 = DIRECTION('',(0.,0.,1.));
#14175 = DIRECTION('',(1.,0.,0.));
#14176 = PCURVE('',#14122,#14177);
#14177 = DEFINITIONAL_REPRESENTATION('',(#14178),#14182);
#14178 = LINE('',#14179,#14180);
#14179 = CARTESIAN_POINT('',(0.,0.28));
#14180 = VECTOR('',#14181,1.);
#14181 = DIRECTION('',(1.,0.));
#14182 = ( GEOMETRIC_REPRESENTATION_CONTEXT(2) 
PARAMETRIC_REPRESENTATION_CONTEXT() REPRESENTATION_CONTEXT('2D SPACE',''
  ) );
#14183 = PCURVE('',#14184,#14189);
#14184 = CONICAL_SURFACE('',#14185,0.35,0.785398163397);
#14185 = AXIS2_PLACEMENT_3D('',#14186,#14187,#14188);
#14186 = CARTESIAN_POINT('',(-53.34,0.,-2.82));
#14187 = DIRECTION('',(0.,0.,1.));
#14188 = DIRECTION('',(1.,0.,0.));
#14189 = DEFINITIONAL_REPRESENTATION('',(#14190),#14194);
#14190 = LINE('',#14191,#14192);
#14191 = CARTESIAN_POINT('',(0.,-0.));
#14192 = VECTOR('',#14193,1.);
#14193 = DIRECTION('',(1.,-0.));
#14194 = ( GEOMETRIC_REPRESENTATION_CONTEXT(2) 
PARAMETRIC_REPRESENTATION_CONTEXT() REPRESENTATION_CONTEXT('2D SPACE',''
  ) );
#14195 = ADVANCED_FACE('',(#14196),#14184,.T.);
#14196 = FACE_BOUND('',#14197,.F.);
#14197 = EDGE_LOOP('',(#14198,#14219,#14220,#14221));
#14198 = ORIENTED_EDGE('',*,*,#14199,.F.);
#14199 = EDGE_CURVE('',#14112,#14200,#14202,.T.);
#14200 = VERTEX_POINT('',#14201);
#14201 = CARTESIAN_POINT('',(-53.27,0.,-3.1));
#14202 = SEAM_CURVE('',#14203,(#14207,#14213),.PCURVE_S1.);
#14203 = LINE('',#14204,#14205);
#14204 = CARTESIAN_POINT('',(-52.99,0.,-2.82));
#14205 = VECTOR('',#14206,1.);
#14206 = DIRECTION('',(-0.707106781187,-0.,-0.707106781187));
#14207 = PCURVE('',#14184,#14208);
#14208 = DEFINITIONAL_REPRESENTATION('',(#14209),#14212);
#14209 = B_SPLINE_CURVE_WITH_KNOTS('',1,(#14210,#14211),.UNSPECIFIED.,
  .F.,.F.,(2,2),(0.,0.395979797464),.PIECEWISE_BEZIER_KNOTS.);
#14210 = CARTESIAN_POINT('',(0.,0.));
#14211 = CARTESIAN_POINT('',(0.,-0.28));
#14212 = ( GEOMETRIC_REPRESENTATION_CONTEXT(2) 
PARAMETRIC_REPRESENTATION_CONTEXT() REPRESENTATION_CONTEXT('2D SPACE',''
  ) );
#14213 = PCURVE('',#14184,#14214);
#14214 = DEFINITIONAL_REPRESENTATION('',(#14215),#14218);
#14215 = B_SPLINE_CURVE_WITH_KNOTS('',1,(#14216,#14217),.UNSPECIFIED.,
  .F.,.F.,(2,2),(0.,0.395979797464),.PIECEWISE_BEZIER_KNOTS.);
#14216 = CARTESIAN_POINT('',(6.28318530718,0.));
#14217 = CARTESIAN_POINT('',(6.28318530718,-0.28));
#14218 = ( GEOMETRIC_REPRESENTATION_CONTEXT(2) 
PARAMETRIC_REPRESENTATION_CONTEXT() REPRESENTATION_CONTEXT('2D SPACE',''
  ) );
#14219 = ORIENTED_EDGE('',*,*,#14169,.T.);
#14220 = ORIENTED_EDGE('',*,*,#14199,.T.);
#14221 = ORIENTED_EDGE('',*,*,#14222,.F.);
#14222 = EDGE_CURVE('',#14200,#14200,#14223,.T.);
#14223 = SURFACE_CURVE('',#14224,(#14229,#14236),.PCURVE_S1.);
#14224 = CIRCLE('',#14225,7.E-02);
#14225 = AXIS2_PLACEMENT_3D('',#14226,#14227,#14228);
#14226 = CARTESIAN_POINT('',(-53.34,0.,-3.1));
#14227 = DIRECTION('',(0.,0.,1.));
#14228 = DIRECTION('',(1.,0.,0.));
#14229 = PCURVE('',#14184,#14230);
#14230 = DEFINITIONAL_REPRESENTATION('',(#14231),#14235);
#14231 = LINE('',#14232,#14233);
#14232 = CARTESIAN_POINT('',(0.,-0.28));
#14233 = VECTOR('',#14234,1.);
#14234 = DIRECTION('',(1.,-0.));
#14235 = ( GEOMETRIC_REPRESENTATION_CONTEXT(2) 
PARAMETRIC_REPRESENTATION_CONTEXT() REPRESENTATION_CONTEXT('2D SPACE',''
  ) );
#14236 = PCURVE('',#14237,#14242);
#14237 = PLANE('',#14238);
#14238 = AXIS2_PLACEMENT_3D('',#14239,#14240,#14241);
#14239 = CARTESIAN_POINT('',(-53.34,0.,-3.1));
#14240 = DIRECTION('',(0.,0.,1.));
#14241 = DIRECTION('',(1.,0.,0.));
#14242 = DEFINITIONAL_REPRESENTATION('',(#14243),#14247);
#14243 = CIRCLE('',#14244,7.E-02);
#14244 = AXIS2_PLACEMENT_2D('',#14245,#14246);
#14245 = CARTESIAN_POINT('',(0.,0.));
#14246 = DIRECTION('',(1.,0.));
#14247 = ( GEOMETRIC_REPRESENTATION_CONTEXT(2) 
PARAMETRIC_REPRESENTATION_CONTEXT() REPRESENTATION_CONTEXT('2D SPACE',''
  ) );
#14248 = ADVANCED_FACE('',(#14249),#14156,.T.);
#14249 = FACE_BOUND('',#14250,.T.);
#14250 = EDGE_LOOP('',(#14251));
#14251 = ORIENTED_EDGE('',*,*,#14141,.T.);
#14252 = ADVANCED_FACE('',(#14253),#14237,.F.);
#14253 = FACE_BOUND('',#14254,.F.);
#14254 = EDGE_LOOP('',(#14255));
#14255 = ORIENTED_EDGE('',*,*,#14222,.T.);
#14256 = MANIFOLD_SOLID_BREP('',#14257);
#14257 = CLOSED_SHELL('',(#14258,#14346,#14399,#14403));
#14258 = ADVANCED_FACE('',(#14259),#14273,.T.);
#14259 = FACE_BOUND('',#14260,.T.);
#14260 = EDGE_LOOP('',(#14261,#14291,#14318,#14319));
#14261 = ORIENTED_EDGE('',*,*,#14262,.T.);
#14262 = EDGE_CURVE('',#14263,#14265,#14267,.T.);
#14263 = VERTEX_POINT('',#14264);
#14264 = CARTESIAN_POINT('',(-52.99,2.54,-2.82));
#14265 = VERTEX_POINT('',#14266);
#14266 = CARTESIAN_POINT('',(-52.99,2.54,1.44));
#14267 = SEAM_CURVE('',#14268,(#14272,#14284),.PCURVE_S1.);
#14268 = LINE('',#14269,#14270);
#14269 = CARTESIAN_POINT('',(-52.99,2.54,-3.1));
#14270 = VECTOR('',#14271,1.);
#14271 = DIRECTION('',(0.,0.,1.));
#14272 = PCURVE('',#14273,#14278);
#14273 = CYLINDRICAL_SURFACE('',#14274,0.35);
#14274 = AXIS2_PLACEMENT_3D('',#14275,#14276,#14277);
#14275 = CARTESIAN_POINT('',(-53.34,2.54,-3.1));
#14276 = DIRECTION('',(0.,0.,1.));
#14277 = DIRECTION('',(1.,0.,0.));
#14278 = DEFINITIONAL_REPRESENTATION('',(#14279),#14283);
#14279 = LINE('',#14280,#14281);
#14280 = CARTESIAN_POINT('',(6.28318530718,-0.));
#14281 = VECTOR('',#14282,1.);
#14282 = DIRECTION('',(0.,1.));
#14283 = ( GEOMETRIC_REPRESENTATION_CONTEXT(2) 
PARAMETRIC_REPRESENTATION_CONTEXT() REPRESENTATION_CONTEXT('2D SPACE',''
  ) );
#14284 = PCURVE('',#14273,#14285);
#14285 = DEFINITIONAL_REPRESENTATION('',(#14286),#14290);
#14286 = LINE('',#14287,#14288);
#14287 = CARTESIAN_POINT('',(0.,-0.));
#14288 = VECTOR('',#14289,1.);
#14289 = DIRECTION('',(0.,1.));
#14290 = ( GEOMETRIC_REPRESENTATION_CONTEXT(2) 
PARAMETRIC_REPRESENTATION_CONTEXT() REPRESENTATION_CONTEXT('2D SPACE',''
  ) );
#14291 = ORIENTED_EDGE('',*,*,#14292,.F.);
#14292 = EDGE_CURVE('',#14265,#14265,#14293,.T.);
#14293 = SURFACE_CURVE('',#14294,(#14299,#14306),.PCURVE_S1.);
#14294 = CIRCLE('',#14295,0.35);
#14295 = AXIS2_PLACEMENT_3D('',#14296,#14297,#14298);
#14296 = CARTESIAN_POINT('',(-53.34,2.54,1.44));
#14297 = DIRECTION('',(0.,0.,1.));
#14298 = DIRECTION('',(1.,0.,0.));
#14299 = PCURVE('',#14273,#14300);
#14300 = DEFINITIONAL_REPRESENTATION('',(#14301),#14305);
#14301 = LINE('',#14302,#14303);
#14302 = CARTESIAN_POINT('',(0.,4.54));
#14303 = VECTOR('',#14304,1.);
#14304 = DIRECTION('',(1.,0.));
#14305 = ( GEOMETRIC_REPRESENTATION_CONTEXT(2) 
PARAMETRIC_REPRESENTATION_CONTEXT() REPRESENTATION_CONTEXT('2D SPACE',''
  ) );
#14306 = PCURVE('',#14307,#14312);
#14307 = PLANE('',#14308);
#14308 = AXIS2_PLACEMENT_3D('',#14309,#14310,#14311);
#14309 = CARTESIAN_POINT('',(-53.34,2.54,1.44));
#14310 = DIRECTION('',(0.,0.,1.));
#14311 = DIRECTION('',(1.,0.,0.));
#14312 = DEFINITIONAL_REPRESENTATION('',(#14313),#14317);
#14313 = CIRCLE('',#14314,0.35);
#14314 = AXIS2_PLACEMENT_2D('',#14315,#14316);
#14315 = CARTESIAN_POINT('',(0.,0.));
#14316 = DIRECTION('',(1.,0.));
#14317 = ( GEOMETRIC_REPRESENTATION_CONTEXT(2) 
PARAMETRIC_REPRESENTATION_CONTEXT() REPRESENTATION_CONTEXT('2D SPACE',''
  ) );
#14318 = ORIENTED_EDGE('',*,*,#14262,.F.);
#14319 = ORIENTED_EDGE('',*,*,#14320,.T.);
#14320 = EDGE_CURVE('',#14263,#14263,#14321,.T.);
#14321 = SURFACE_CURVE('',#14322,(#14327,#14334),.PCURVE_S1.);
#14322 = CIRCLE('',#14323,0.35);
#14323 = AXIS2_PLACEMENT_3D('',#14324,#14325,#14326);
#14324 = CARTESIAN_POINT('',(-53.34,2.54,-2.82));
#14325 = DIRECTION('',(0.,0.,1.));
#14326 = DIRECTION('',(1.,0.,0.));
#14327 = PCURVE('',#14273,#14328);
#14328 = DEFINITIONAL_REPRESENTATION('',(#14329),#14333);
#14329 = LINE('',#14330,#14331);
#14330 = CARTESIAN_POINT('',(0.,0.28));
#14331 = VECTOR('',#14332,1.);
#14332 = DIRECTION('',(1.,0.));
#14333 = ( GEOMETRIC_REPRESENTATION_CONTEXT(2) 
PARAMETRIC_REPRESENTATION_CONTEXT() REPRESENTATION_CONTEXT('2D SPACE',''
  ) );
#14334 = PCURVE('',#14335,#14340);
#14335 = CONICAL_SURFACE('',#14336,0.35,0.785398163397);
#14336 = AXIS2_PLACEMENT_3D('',#14337,#14338,#14339);
#14337 = CARTESIAN_POINT('',(-53.34,2.54,-2.82));
#14338 = DIRECTION('',(0.,0.,1.));
#14339 = DIRECTION('',(1.,0.,0.));
#14340 = DEFINITIONAL_REPRESENTATION('',(#14341),#14345);
#14341 = LINE('',#14342,#14343);
#14342 = CARTESIAN_POINT('',(0.,-0.));
#14343 = VECTOR('',#14344,1.);
#14344 = DIRECTION('',(1.,-0.));
#14345 = ( GEOMETRIC_REPRESENTATION_CONTEXT(2) 
PARAMETRIC_REPRESENTATION_CONTEXT() REPRESENTATION_CONTEXT('2D SPACE',''
  ) );
#14346 = ADVANCED_FACE('',(#14347),#14335,.T.);
#14347 = FACE_BOUND('',#14348,.F.);
#14348 = EDGE_LOOP('',(#14349,#14370,#14371,#14372));
#14349 = ORIENTED_EDGE('',*,*,#14350,.F.);
#14350 = EDGE_CURVE('',#14263,#14351,#14353,.T.);
#14351 = VERTEX_POINT('',#14352);
#14352 = CARTESIAN_POINT('',(-53.27,2.54,-3.1));
#14353 = SEAM_CURVE('',#14354,(#14358,#14364),.PCURVE_S1.);
#14354 = LINE('',#14355,#14356);
#14355 = CARTESIAN_POINT('',(-52.99,2.54,-2.82));
#14356 = VECTOR('',#14357,1.);
#14357 = DIRECTION('',(-0.707106781187,-0.,-0.707106781187));
#14358 = PCURVE('',#14335,#14359);
#14359 = DEFINITIONAL_REPRESENTATION('',(#14360),#14363);
#14360 = B_SPLINE_CURVE_WITH_KNOTS('',1,(#14361,#14362),.UNSPECIFIED.,
  .F.,.F.,(2,2),(0.,0.395979797464),.PIECEWISE_BEZIER_KNOTS.);
#14361 = CARTESIAN_POINT('',(0.,0.));
#14362 = CARTESIAN_POINT('',(0.,-0.28));
#14363 = ( GEOMETRIC_REPRESENTATION_CONTEXT(2) 
PARAMETRIC_REPRESENTATION_CONTEXT() REPRESENTATION_CONTEXT('2D SPACE',''
  ) );
#14364 = PCURVE('',#14335,#14365);
#14365 = DEFINITIONAL_REPRESENTATION('',(#14366),#14369);
#14366 = B_SPLINE_CURVE_WITH_KNOTS('',1,(#14367,#14368),.UNSPECIFIED.,
  .F.,.F.,(2,2),(0.,0.395979797464),.PIECEWISE_BEZIER_KNOTS.);
#14367 = CARTESIAN_POINT('',(6.28318530718,0.));
#14368 = CARTESIAN_POINT('',(6.28318530718,-0.28));
#14369 = ( GEOMETRIC_REPRESENTATION_CONTEXT(2) 
PARAMETRIC_REPRESENTATION_CONTEXT() REPRESENTATION_CONTEXT('2D SPACE',''
  ) );
#14370 = ORIENTED_EDGE('',*,*,#14320,.T.);
#14371 = ORIENTED_EDGE('',*,*,#14350,.T.);
#14372 = ORIENTED_EDGE('',*,*,#14373,.F.);
#14373 = EDGE_CURVE('',#14351,#14351,#14374,.T.);
#14374 = SURFACE_CURVE('',#14375,(#14380,#14387),.PCURVE_S1.);
#14375 = CIRCLE('',#14376,7.E-02);
#14376 = AXIS2_PLACEMENT_3D('',#14377,#14378,#14379);
#14377 = CARTESIAN_POINT('',(-53.34,2.54,-3.1));
#14378 = DIRECTION('',(0.,0.,1.));
#14379 = DIRECTION('',(1.,0.,0.));
#14380 = PCURVE('',#14335,#14381);
#14381 = DEFINITIONAL_REPRESENTATION('',(#14382),#14386);
#14382 = LINE('',#14383,#14384);
#14383 = CARTESIAN_POINT('',(0.,-0.28));
#14384 = VECTOR('',#14385,1.);
#14385 = DIRECTION('',(1.,-0.));
#14386 = ( GEOMETRIC_REPRESENTATION_CONTEXT(2) 
PARAMETRIC_REPRESENTATION_CONTEXT() REPRESENTATION_CONTEXT('2D SPACE',''
  ) );
#14387 = PCURVE('',#14388,#14393);
#14388 = PLANE('',#14389);
#14389 = AXIS2_PLACEMENT_3D('',#14390,#14391,#14392);
#14390 = CARTESIAN_POINT('',(-53.34,2.54,-3.1));
#14391 = DIRECTION('',(0.,0.,1.));
#14392 = DIRECTION('',(1.,0.,0.));
#14393 = DEFINITIONAL_REPRESENTATION('',(#14394),#14398);
#14394 = CIRCLE('',#14395,7.E-02);
#14395 = AXIS2_PLACEMENT_2D('',#14396,#14397);
#14396 = CARTESIAN_POINT('',(0.,0.));
#14397 = DIRECTION('',(1.,0.));
#14398 = ( GEOMETRIC_REPRESENTATION_CONTEXT(2) 
PARAMETRIC_REPRESENTATION_CONTEXT() REPRESENTATION_CONTEXT('2D SPACE',''
  ) );
#14399 = ADVANCED_FACE('',(#14400),#14307,.T.);
#14400 = FACE_BOUND('',#14401,.T.);
#14401 = EDGE_LOOP('',(#14402));
#14402 = ORIENTED_EDGE('',*,*,#14292,.T.);
#14403 = ADVANCED_FACE('',(#14404),#14388,.F.);
#14404 = FACE_BOUND('',#14405,.F.);
#14405 = EDGE_LOOP('',(#14406));
#14406 = ORIENTED_EDGE('',*,*,#14373,.T.);
#14407 = MANIFOLD_SOLID_BREP('',#14408);
#14408 = CLOSED_SHELL('',(#14409,#14497,#14550,#14554));
#14409 = ADVANCED_FACE('',(#14410),#14424,.T.);
#14410 = FACE_BOUND('',#14411,.T.);
#14411 = EDGE_LOOP('',(#14412,#14442,#14469,#14470));
#14412 = ORIENTED_EDGE('',*,*,#14413,.T.);
#14413 = EDGE_CURVE('',#14414,#14416,#14418,.T.);
#14414 = VERTEX_POINT('',#14415);
#14415 = CARTESIAN_POINT('',(-55.53,0.,-2.82));
#14416 = VERTEX_POINT('',#14417);
#14417 = CARTESIAN_POINT('',(-55.53,-8.572527594031E-17,1.44));
#14418 = SEAM_CURVE('',#14419,(#14423,#14435),.PCURVE_S1.);
#14419 = LINE('',#14420,#14421);
#14420 = CARTESIAN_POINT('',(-55.53,-8.572527594031E-17,-3.1));
#14421 = VECTOR('',#14422,1.);
#14422 = DIRECTION('',(0.,0.,1.));
#14423 = PCURVE('',#14424,#14429);
#14424 = CYLINDRICAL_SURFACE('',#14425,0.35);
#14425 = AXIS2_PLACEMENT_3D('',#14426,#14427,#14428);
#14426 = CARTESIAN_POINT('',(-55.88,0.,-3.1));
#14427 = DIRECTION('',(0.,0.,1.));
#14428 = DIRECTION('',(1.,0.,0.));
#14429 = DEFINITIONAL_REPRESENTATION('',(#14430),#14434);
#14430 = LINE('',#14431,#14432);
#14431 = CARTESIAN_POINT('',(6.28318530718,-0.));
#14432 = VECTOR('',#14433,1.);
#14433 = DIRECTION('',(0.,1.));
#14434 = ( GEOMETRIC_REPRESENTATION_CONTEXT(2) 
PARAMETRIC_REPRESENTATION_CONTEXT() REPRESENTATION_CONTEXT('2D SPACE',''
  ) );
#14435 = PCURVE('',#14424,#14436);
#14436 = DEFINITIONAL_REPRESENTATION('',(#14437),#14441);
#14437 = LINE('',#14438,#14439);
#14438 = CARTESIAN_POINT('',(0.,-0.));
#14439 = VECTOR('',#14440,1.);
#14440 = DIRECTION('',(0.,1.));
#14441 = ( GEOMETRIC_REPRESENTATION_CONTEXT(2) 
PARAMETRIC_REPRESENTATION_CONTEXT() REPRESENTATION_CONTEXT('2D SPACE',''
  ) );
#14442 = ORIENTED_EDGE('',*,*,#14443,.F.);
#14443 = EDGE_CURVE('',#14416,#14416,#14444,.T.);
#14444 = SURFACE_CURVE('',#14445,(#14450,#14457),.PCURVE_S1.);
#14445 = CIRCLE('',#14446,0.35);
#14446 = AXIS2_PLACEMENT_3D('',#14447,#14448,#14449);
#14447 = CARTESIAN_POINT('',(-55.88,0.,1.44));
#14448 = DIRECTION('',(0.,0.,1.));
#14449 = DIRECTION('',(1.,0.,0.));
#14450 = PCURVE('',#14424,#14451);
#14451 = DEFINITIONAL_REPRESENTATION('',(#14452),#14456);
#14452 = LINE('',#14453,#14454);
#14453 = CARTESIAN_POINT('',(0.,4.54));
#14454 = VECTOR('',#14455,1.);
#14455 = DIRECTION('',(1.,0.));
#14456 = ( GEOMETRIC_REPRESENTATION_CONTEXT(2) 
PARAMETRIC_REPRESENTATION_CONTEXT() REPRESENTATION_CONTEXT('2D SPACE',''
  ) );
#14457 = PCURVE('',#14458,#14463);
#14458 = PLANE('',#14459);
#14459 = AXIS2_PLACEMENT_3D('',#14460,#14461,#14462);
#14460 = CARTESIAN_POINT('',(-55.88,0.,1.44));
#14461 = DIRECTION('',(0.,0.,1.));
#14462 = DIRECTION('',(1.,0.,0.));
#14463 = DEFINITIONAL_REPRESENTATION('',(#14464),#14468);
#14464 = CIRCLE('',#14465,0.35);
#14465 = AXIS2_PLACEMENT_2D('',#14466,#14467);
#14466 = CARTESIAN_POINT('',(0.,0.));
#14467 = DIRECTION('',(1.,0.));
#14468 = ( GEOMETRIC_REPRESENTATION_CONTEXT(2) 
PARAMETRIC_REPRESENTATION_CONTEXT() REPRESENTATION_CONTEXT('2D SPACE',''
  ) );
#14469 = ORIENTED_EDGE('',*,*,#14413,.F.);
#14470 = ORIENTED_EDGE('',*,*,#14471,.T.);
#14471 = EDGE_CURVE('',#14414,#14414,#14472,.T.);
#14472 = SURFACE_CURVE('',#14473,(#14478,#14485),.PCURVE_S1.);
#14473 = CIRCLE('',#14474,0.35);
#14474 = AXIS2_PLACEMENT_3D('',#14475,#14476,#14477);
#14475 = CARTESIAN_POINT('',(-55.88,0.,-2.82));
#14476 = DIRECTION('',(0.,0.,1.));
#14477 = DIRECTION('',(1.,0.,0.));
#14478 = PCURVE('',#14424,#14479);
#14479 = DEFINITIONAL_REPRESENTATION('',(#14480),#14484);
#14480 = LINE('',#14481,#14482);
#14481 = CARTESIAN_POINT('',(0.,0.28));
#14482 = VECTOR('',#14483,1.);
#14483 = DIRECTION('',(1.,0.));
#14484 = ( GEOMETRIC_REPRESENTATION_CONTEXT(2) 
PARAMETRIC_REPRESENTATION_CONTEXT() REPRESENTATION_CONTEXT('2D SPACE',''
  ) );
#14485 = PCURVE('',#14486,#14491);
#14486 = CONICAL_SURFACE('',#14487,0.35,0.785398163397);
#14487 = AXIS2_PLACEMENT_3D('',#14488,#14489,#14490);
#14488 = CARTESIAN_POINT('',(-55.88,0.,-2.82));
#14489 = DIRECTION('',(0.,0.,1.));
#14490 = DIRECTION('',(1.,0.,0.));
#14491 = DEFINITIONAL_REPRESENTATION('',(#14492),#14496);
#14492 = LINE('',#14493,#14494);
#14493 = CARTESIAN_POINT('',(0.,-0.));
#14494 = VECTOR('',#14495,1.);
#14495 = DIRECTION('',(1.,-0.));
#14496 = ( GEOMETRIC_REPRESENTATION_CONTEXT(2) 
PARAMETRIC_REPRESENTATION_CONTEXT() REPRESENTATION_CONTEXT('2D SPACE',''
  ) );
#14497 = ADVANCED_FACE('',(#14498),#14486,.T.);
#14498 = FACE_BOUND('',#14499,.F.);
#14499 = EDGE_LOOP('',(#14500,#14521,#14522,#14523));
#14500 = ORIENTED_EDGE('',*,*,#14501,.F.);
#14501 = EDGE_CURVE('',#14414,#14502,#14504,.T.);
#14502 = VERTEX_POINT('',#14503);
#14503 = CARTESIAN_POINT('',(-55.81,0.,-3.1));
#14504 = SEAM_CURVE('',#14505,(#14509,#14515),.PCURVE_S1.);
#14505 = LINE('',#14506,#14507);
#14506 = CARTESIAN_POINT('',(-55.53,0.,-2.82));
#14507 = VECTOR('',#14508,1.);
#14508 = DIRECTION('',(-0.707106781187,-0.,-0.707106781187));
#14509 = PCURVE('',#14486,#14510);
#14510 = DEFINITIONAL_REPRESENTATION('',(#14511),#14514);
#14511 = B_SPLINE_CURVE_WITH_KNOTS('',1,(#14512,#14513),.UNSPECIFIED.,
  .F.,.F.,(2,2),(0.,0.395979797464),.PIECEWISE_BEZIER_KNOTS.);
#14512 = CARTESIAN_POINT('',(0.,0.));
#14513 = CARTESIAN_POINT('',(0.,-0.28));
#14514 = ( GEOMETRIC_REPRESENTATION_CONTEXT(2) 
PARAMETRIC_REPRESENTATION_CONTEXT() REPRESENTATION_CONTEXT('2D SPACE',''
  ) );
#14515 = PCURVE('',#14486,#14516);
#14516 = DEFINITIONAL_REPRESENTATION('',(#14517),#14520);
#14517 = B_SPLINE_CURVE_WITH_KNOTS('',1,(#14518,#14519),.UNSPECIFIED.,
  .F.,.F.,(2,2),(0.,0.395979797464),.PIECEWISE_BEZIER_KNOTS.);
#14518 = CARTESIAN_POINT('',(6.28318530718,0.));
#14519 = CARTESIAN_POINT('',(6.28318530718,-0.28));
#14520 = ( GEOMETRIC_REPRESENTATION_CONTEXT(2) 
PARAMETRIC_REPRESENTATION_CONTEXT() REPRESENTATION_CONTEXT('2D SPACE',''
  ) );
#14521 = ORIENTED_EDGE('',*,*,#14471,.T.);
#14522 = ORIENTED_EDGE('',*,*,#14501,.T.);
#14523 = ORIENTED_EDGE('',*,*,#14524,.F.);
#14524 = EDGE_CURVE('',#14502,#14502,#14525,.T.);
#14525 = SURFACE_CURVE('',#14526,(#14531,#14538),.PCURVE_S1.);
#14526 = CIRCLE('',#14527,7.E-02);
#14527 = AXIS2_PLACEMENT_3D('',#14528,#14529,#14530);
#14528 = CARTESIAN_POINT('',(-55.88,0.,-3.1));
#14529 = DIRECTION('',(0.,0.,1.));
#14530 = DIRECTION('',(1.,0.,0.));
#14531 = PCURVE('',#14486,#14532);
#14532 = DEFINITIONAL_REPRESENTATION('',(#14533),#14537);
#14533 = LINE('',#14534,#14535);
#14534 = CARTESIAN_POINT('',(0.,-0.28));
#14535 = VECTOR('',#14536,1.);
#14536 = DIRECTION('',(1.,-0.));
#14537 = ( GEOMETRIC_REPRESENTATION_CONTEXT(2) 
PARAMETRIC_REPRESENTATION_CONTEXT() REPRESENTATION_CONTEXT('2D SPACE',''
  ) );
#14538 = PCURVE('',#14539,#14544);
#14539 = PLANE('',#14540);
#14540 = AXIS2_PLACEMENT_3D('',#14541,#14542,#14543);
#14541 = CARTESIAN_POINT('',(-55.88,0.,-3.1));
#14542 = DIRECTION('',(0.,0.,1.));
#14543 = DIRECTION('',(1.,0.,0.));
#14544 = DEFINITIONAL_REPRESENTATION('',(#14545),#14549);
#14545 = CIRCLE('',#14546,7.E-02);
#14546 = AXIS2_PLACEMENT_2D('',#14547,#14548);
#14547 = CARTESIAN_POINT('',(0.,0.));
#14548 = DIRECTION('',(1.,0.));
#14549 = ( GEOMETRIC_REPRESENTATION_CONTEXT(2) 
PARAMETRIC_REPRESENTATION_CONTEXT() REPRESENTATION_CONTEXT('2D SPACE',''
  ) );
#14550 = ADVANCED_FACE('',(#14551),#14458,.T.);
#14551 = FACE_BOUND('',#14552,.T.);
#14552 = EDGE_LOOP('',(#14553));
#14553 = ORIENTED_EDGE('',*,*,#14443,.T.);
#14554 = ADVANCED_FACE('',(#14555),#14539,.F.);
#14555 = FACE_BOUND('',#14556,.F.);
#14556 = EDGE_LOOP('',(#14557));
#14557 = ORIENTED_EDGE('',*,*,#14524,.T.);
#14558 = MANIFOLD_SOLID_BREP('',#14559);
#14559 = CLOSED_SHELL('',(#14560,#14648,#14701,#14705));
#14560 = ADVANCED_FACE('',(#14561),#14575,.T.);
#14561 = FACE_BOUND('',#14562,.T.);
#14562 = EDGE_LOOP('',(#14563,#14593,#14620,#14621));
#14563 = ORIENTED_EDGE('',*,*,#14564,.T.);
#14564 = EDGE_CURVE('',#14565,#14567,#14569,.T.);
#14565 = VERTEX_POINT('',#14566);
#14566 = CARTESIAN_POINT('',(-55.53,2.54,-2.82));
#14567 = VERTEX_POINT('',#14568);
#14568 = CARTESIAN_POINT('',(-55.53,2.54,1.44));
#14569 = SEAM_CURVE('',#14570,(#14574,#14586),.PCURVE_S1.);
#14570 = LINE('',#14571,#14572);
#14571 = CARTESIAN_POINT('',(-55.53,2.54,-3.1));
#14572 = VECTOR('',#14573,1.);
#14573 = DIRECTION('',(0.,0.,1.));
#14574 = PCURVE('',#14575,#14580);
#14575 = CYLINDRICAL_SURFACE('',#14576,0.35);
#14576 = AXIS2_PLACEMENT_3D('',#14577,#14578,#14579);
#14577 = CARTESIAN_POINT('',(-55.88,2.54,-3.1));
#14578 = DIRECTION('',(0.,0.,1.));
#14579 = DIRECTION('',(1.,0.,0.));
#14580 = DEFINITIONAL_REPRESENTATION('',(#14581),#14585);
#14581 = LINE('',#14582,#14583);
#14582 = CARTESIAN_POINT('',(6.28318530718,-0.));
#14583 = VECTOR('',#14584,1.);
#14584 = DIRECTION('',(0.,1.));
#14585 = ( GEOMETRIC_REPRESENTATION_CONTEXT(2) 
PARAMETRIC_REPRESENTATION_CONTEXT() REPRESENTATION_CONTEXT('2D SPACE',''
  ) );
#14586 = PCURVE('',#14575,#14587);
#14587 = DEFINITIONAL_REPRESENTATION('',(#14588),#14592);
#14588 = LINE('',#14589,#14590);
#14589 = CARTESIAN_POINT('',(0.,-0.));
#14590 = VECTOR('',#14591,1.);
#14591 = DIRECTION('',(0.,1.));
#14592 = ( GEOMETRIC_REPRESENTATION_CONTEXT(2) 
PARAMETRIC_REPRESENTATION_CONTEXT() REPRESENTATION_CONTEXT('2D SPACE',''
  ) );
#14593 = ORIENTED_EDGE('',*,*,#14594,.F.);
#14594 = EDGE_CURVE('',#14567,#14567,#14595,.T.);
#14595 = SURFACE_CURVE('',#14596,(#14601,#14608),.PCURVE_S1.);
#14596 = CIRCLE('',#14597,0.35);
#14597 = AXIS2_PLACEMENT_3D('',#14598,#14599,#14600);
#14598 = CARTESIAN_POINT('',(-55.88,2.54,1.44));
#14599 = DIRECTION('',(0.,0.,1.));
#14600 = DIRECTION('',(1.,0.,0.));
#14601 = PCURVE('',#14575,#14602);
#14602 = DEFINITIONAL_REPRESENTATION('',(#14603),#14607);
#14603 = LINE('',#14604,#14605);
#14604 = CARTESIAN_POINT('',(0.,4.54));
#14605 = VECTOR('',#14606,1.);
#14606 = DIRECTION('',(1.,0.));
#14607 = ( GEOMETRIC_REPRESENTATION_CONTEXT(2) 
PARAMETRIC_REPRESENTATION_CONTEXT() REPRESENTATION_CONTEXT('2D SPACE',''
  ) );
#14608 = PCURVE('',#14609,#14614);
#14609 = PLANE('',#14610);
#14610 = AXIS2_PLACEMENT_3D('',#14611,#14612,#14613);
#14611 = CARTESIAN_POINT('',(-55.88,2.54,1.44));
#14612 = DIRECTION('',(0.,0.,1.));
#14613 = DIRECTION('',(1.,0.,0.));
#14614 = DEFINITIONAL_REPRESENTATION('',(#14615),#14619);
#14615 = CIRCLE('',#14616,0.35);
#14616 = AXIS2_PLACEMENT_2D('',#14617,#14618);
#14617 = CARTESIAN_POINT('',(0.,0.));
#14618 = DIRECTION('',(1.,0.));
#14619 = ( GEOMETRIC_REPRESENTATION_CONTEXT(2) 
PARAMETRIC_REPRESENTATION_CONTEXT() REPRESENTATION_CONTEXT('2D SPACE',''
  ) );
#14620 = ORIENTED_EDGE('',*,*,#14564,.F.);
#14621 = ORIENTED_EDGE('',*,*,#14622,.T.);
#14622 = EDGE_CURVE('',#14565,#14565,#14623,.T.);
#14623 = SURFACE_CURVE('',#14624,(#14629,#14636),.PCURVE_S1.);
#14624 = CIRCLE('',#14625,0.35);
#14625 = AXIS2_PLACEMENT_3D('',#14626,#14627,#14628);
#14626 = CARTESIAN_POINT('',(-55.88,2.54,-2.82));
#14627 = DIRECTION('',(0.,0.,1.));
#14628 = DIRECTION('',(1.,0.,0.));
#14629 = PCURVE('',#14575,#14630);
#14630 = DEFINITIONAL_REPRESENTATION('',(#14631),#14635);
#14631 = LINE('',#14632,#14633);
#14632 = CARTESIAN_POINT('',(0.,0.28));
#14633 = VECTOR('',#14634,1.);
#14634 = DIRECTION('',(1.,0.));
#14635 = ( GEOMETRIC_REPRESENTATION_CONTEXT(2) 
PARAMETRIC_REPRESENTATION_CONTEXT() REPRESENTATION_CONTEXT('2D SPACE',''
  ) );
#14636 = PCURVE('',#14637,#14642);
#14637 = CONICAL_SURFACE('',#14638,0.35,0.785398163397);
#14638 = AXIS2_PLACEMENT_3D('',#14639,#14640,#14641);
#14639 = CARTESIAN_POINT('',(-55.88,2.54,-2.82));
#14640 = DIRECTION('',(0.,0.,1.));
#14641 = DIRECTION('',(1.,0.,0.));
#14642 = DEFINITIONAL_REPRESENTATION('',(#14643),#14647);
#14643 = LINE('',#14644,#14645);
#14644 = CARTESIAN_POINT('',(0.,-0.));
#14645 = VECTOR('',#14646,1.);
#14646 = DIRECTION('',(1.,-0.));
#14647 = ( GEOMETRIC_REPRESENTATION_CONTEXT(2) 
PARAMETRIC_REPRESENTATION_CONTEXT() REPRESENTATION_CONTEXT('2D SPACE',''
  ) );
#14648 = ADVANCED_FACE('',(#14649),#14637,.T.);
#14649 = FACE_BOUND('',#14650,.F.);
#14650 = EDGE_LOOP('',(#14651,#14672,#14673,#14674));
#14651 = ORIENTED_EDGE('',*,*,#14652,.F.);
#14652 = EDGE_CURVE('',#14565,#14653,#14655,.T.);
#14653 = VERTEX_POINT('',#14654);
#14654 = CARTESIAN_POINT('',(-55.81,2.54,-3.1));
#14655 = SEAM_CURVE('',#14656,(#14660,#14666),.PCURVE_S1.);
#14656 = LINE('',#14657,#14658);
#14657 = CARTESIAN_POINT('',(-55.53,2.54,-2.82));
#14658 = VECTOR('',#14659,1.);
#14659 = DIRECTION('',(-0.707106781187,-0.,-0.707106781187));
#14660 = PCURVE('',#14637,#14661);
#14661 = DEFINITIONAL_REPRESENTATION('',(#14662),#14665);
#14662 = B_SPLINE_CURVE_WITH_KNOTS('',1,(#14663,#14664),.UNSPECIFIED.,
  .F.,.F.,(2,2),(0.,0.395979797464),.PIECEWISE_BEZIER_KNOTS.);
#14663 = CARTESIAN_POINT('',(0.,0.));
#14664 = CARTESIAN_POINT('',(0.,-0.28));
#14665 = ( GEOMETRIC_REPRESENTATION_CONTEXT(2) 
PARAMETRIC_REPRESENTATION_CONTEXT() REPRESENTATION_CONTEXT('2D SPACE',''
  ) );
#14666 = PCURVE('',#14637,#14667);
#14667 = DEFINITIONAL_REPRESENTATION('',(#14668),#14671);
#14668 = B_SPLINE_CURVE_WITH_KNOTS('',1,(#14669,#14670),.UNSPECIFIED.,
  .F.,.F.,(2,2),(0.,0.395979797464),.PIECEWISE_BEZIER_KNOTS.);
#14669 = CARTESIAN_POINT('',(6.28318530718,0.));
#14670 = CARTESIAN_POINT('',(6.28318530718,-0.28));
#14671 = ( GEOMETRIC_REPRESENTATION_CONTEXT(2) 
PARAMETRIC_REPRESENTATION_CONTEXT() REPRESENTATION_CONTEXT('2D SPACE',''
  ) );
#14672 = ORIENTED_EDGE('',*,*,#14622,.T.);
#14673 = ORIENTED_EDGE('',*,*,#14652,.T.);
#14674 = ORIENTED_EDGE('',*,*,#14675,.F.);
#14675 = EDGE_CURVE('',#14653,#14653,#14676,.T.);
#14676 = SURFACE_CURVE('',#14677,(#14682,#14689),.PCURVE_S1.);
#14677 = CIRCLE('',#14678,7.E-02);
#14678 = AXIS2_PLACEMENT_3D('',#14679,#14680,#14681);
#14679 = CARTESIAN_POINT('',(-55.88,2.54,-3.1));
#14680 = DIRECTION('',(0.,0.,1.));
#14681 = DIRECTION('',(1.,0.,0.));
#14682 = PCURVE('',#14637,#14683);
#14683 = DEFINITIONAL_REPRESENTATION('',(#14684),#14688);
#14684 = LINE('',#14685,#14686);
#14685 = CARTESIAN_POINT('',(0.,-0.28));
#14686 = VECTOR('',#14687,1.);
#14687 = DIRECTION('',(1.,-0.));
#14688 = ( GEOMETRIC_REPRESENTATION_CONTEXT(2) 
PARAMETRIC_REPRESENTATION_CONTEXT() REPRESENTATION_CONTEXT('2D SPACE',''
  ) );
#14689 = PCURVE('',#14690,#14695);
#14690 = PLANE('',#14691);
#14691 = AXIS2_PLACEMENT_3D('',#14692,#14693,#14694);
#14692 = CARTESIAN_POINT('',(-55.88,2.54,-3.1));
#14693 = DIRECTION('',(0.,0.,1.));
#14694 = DIRECTION('',(1.,0.,0.));
#14695 = DEFINITIONAL_REPRESENTATION('',(#14696),#14700);
#14696 = CIRCLE('',#14697,7.E-02);
#14697 = AXIS2_PLACEMENT_2D('',#14698,#14699);
#14698 = CARTESIAN_POINT('',(0.,0.));
#14699 = DIRECTION('',(1.,0.));
#14700 = ( GEOMETRIC_REPRESENTATION_CONTEXT(2) 
PARAMETRIC_REPRESENTATION_CONTEXT() REPRESENTATION_CONTEXT('2D SPACE',''
  ) );
#14701 = ADVANCED_FACE('',(#14702),#14609,.T.);
#14702 = FACE_BOUND('',#14703,.T.);
#14703 = EDGE_LOOP('',(#14704));
#14704 = ORIENTED_EDGE('',*,*,#14594,.T.);
#14705 = ADVANCED_FACE('',(#14706),#14690,.F.);
#14706 = FACE_BOUND('',#14707,.F.);
#14707 = EDGE_LOOP('',(#14708));
#14708 = ORIENTED_EDGE('',*,*,#14675,.T.);
#14709 = MANIFOLD_SOLID_BREP('',#14710);
#14710 = CLOSED_SHELL('',(#14711,#14799,#14852,#14856));
#14711 = ADVANCED_FACE('',(#14712),#14726,.T.);
#14712 = FACE_BOUND('',#14713,.T.);
#14713 = EDGE_LOOP('',(#14714,#14744,#14771,#14772));
#14714 = ORIENTED_EDGE('',*,*,#14715,.T.);
#14715 = EDGE_CURVE('',#14716,#14718,#14720,.T.);
#14716 = VERTEX_POINT('',#14717);
#14717 = CARTESIAN_POINT('',(-58.07,0.,-2.82));
#14718 = VERTEX_POINT('',#14719);
#14719 = CARTESIAN_POINT('',(-58.07,-8.572527594031E-17,1.44));
#14720 = SEAM_CURVE('',#14721,(#14725,#14737),.PCURVE_S1.);
#14721 = LINE('',#14722,#14723);
#14722 = CARTESIAN_POINT('',(-58.07,-8.572527594031E-17,-3.1));
#14723 = VECTOR('',#14724,1.);
#14724 = DIRECTION('',(0.,0.,1.));
#14725 = PCURVE('',#14726,#14731);
#14726 = CYLINDRICAL_SURFACE('',#14727,0.35);
#14727 = AXIS2_PLACEMENT_3D('',#14728,#14729,#14730);
#14728 = CARTESIAN_POINT('',(-58.42,0.,-3.1));
#14729 = DIRECTION('',(0.,0.,1.));
#14730 = DIRECTION('',(1.,0.,0.));
#14731 = DEFINITIONAL_REPRESENTATION('',(#14732),#14736);
#14732 = LINE('',#14733,#14734);
#14733 = CARTESIAN_POINT('',(6.28318530718,-0.));
#14734 = VECTOR('',#14735,1.);
#14735 = DIRECTION('',(0.,1.));
#14736 = ( GEOMETRIC_REPRESENTATION_CONTEXT(2) 
PARAMETRIC_REPRESENTATION_CONTEXT() REPRESENTATION_CONTEXT('2D SPACE',''
  ) );
#14737 = PCURVE('',#14726,#14738);
#14738 = DEFINITIONAL_REPRESENTATION('',(#14739),#14743);
#14739 = LINE('',#14740,#14741);
#14740 = CARTESIAN_POINT('',(0.,-0.));
#14741 = VECTOR('',#14742,1.);
#14742 = DIRECTION('',(0.,1.));
#14743 = ( GEOMETRIC_REPRESENTATION_CONTEXT(2) 
PARAMETRIC_REPRESENTATION_CONTEXT() REPRESENTATION_CONTEXT('2D SPACE',''
  ) );
#14744 = ORIENTED_EDGE('',*,*,#14745,.F.);
#14745 = EDGE_CURVE('',#14718,#14718,#14746,.T.);
#14746 = SURFACE_CURVE('',#14747,(#14752,#14759),.PCURVE_S1.);
#14747 = CIRCLE('',#14748,0.35);
#14748 = AXIS2_PLACEMENT_3D('',#14749,#14750,#14751);
#14749 = CARTESIAN_POINT('',(-58.42,0.,1.44));
#14750 = DIRECTION('',(0.,0.,1.));
#14751 = DIRECTION('',(1.,0.,0.));
#14752 = PCURVE('',#14726,#14753);
#14753 = DEFINITIONAL_REPRESENTATION('',(#14754),#14758);
#14754 = LINE('',#14755,#14756);
#14755 = CARTESIAN_POINT('',(0.,4.54));
#14756 = VECTOR('',#14757,1.);
#14757 = DIRECTION('',(1.,0.));
#14758 = ( GEOMETRIC_REPRESENTATION_CONTEXT(2) 
PARAMETRIC_REPRESENTATION_CONTEXT() REPRESENTATION_CONTEXT('2D SPACE',''
  ) );
#14759 = PCURVE('',#14760,#14765);
#14760 = PLANE('',#14761);
#14761 = AXIS2_PLACEMENT_3D('',#14762,#14763,#14764);
#14762 = CARTESIAN_POINT('',(-58.42,0.,1.44));
#14763 = DIRECTION('',(0.,0.,1.));
#14764 = DIRECTION('',(1.,0.,0.));
#14765 = DEFINITIONAL_REPRESENTATION('',(#14766),#14770);
#14766 = CIRCLE('',#14767,0.35);
#14767 = AXIS2_PLACEMENT_2D('',#14768,#14769);
#14768 = CARTESIAN_POINT('',(0.,0.));
#14769 = DIRECTION('',(1.,0.));
#14770 = ( GEOMETRIC_REPRESENTATION_CONTEXT(2) 
PARAMETRIC_REPRESENTATION_CONTEXT() REPRESENTATION_CONTEXT('2D SPACE',''
  ) );
#14771 = ORIENTED_EDGE('',*,*,#14715,.F.);
#14772 = ORIENTED_EDGE('',*,*,#14773,.T.);
#14773 = EDGE_CURVE('',#14716,#14716,#14774,.T.);
#14774 = SURFACE_CURVE('',#14775,(#14780,#14787),.PCURVE_S1.);
#14775 = CIRCLE('',#14776,0.35);
#14776 = AXIS2_PLACEMENT_3D('',#14777,#14778,#14779);
#14777 = CARTESIAN_POINT('',(-58.42,0.,-2.82));
#14778 = DIRECTION('',(0.,0.,1.));
#14779 = DIRECTION('',(1.,0.,0.));
#14780 = PCURVE('',#14726,#14781);
#14781 = DEFINITIONAL_REPRESENTATION('',(#14782),#14786);
#14782 = LINE('',#14783,#14784);
#14783 = CARTESIAN_POINT('',(0.,0.28));
#14784 = VECTOR('',#14785,1.);
#14785 = DIRECTION('',(1.,0.));
#14786 = ( GEOMETRIC_REPRESENTATION_CONTEXT(2) 
PARAMETRIC_REPRESENTATION_CONTEXT() REPRESENTATION_CONTEXT('2D SPACE',''
  ) );
#14787 = PCURVE('',#14788,#14793);
#14788 = CONICAL_SURFACE('',#14789,0.35,0.785398163397);
#14789 = AXIS2_PLACEMENT_3D('',#14790,#14791,#14792);
#14790 = CARTESIAN_POINT('',(-58.42,0.,-2.82));
#14791 = DIRECTION('',(0.,0.,1.));
#14792 = DIRECTION('',(1.,0.,0.));
#14793 = DEFINITIONAL_REPRESENTATION('',(#14794),#14798);
#14794 = LINE('',#14795,#14796);
#14795 = CARTESIAN_POINT('',(0.,-0.));
#14796 = VECTOR('',#14797,1.);
#14797 = DIRECTION('',(1.,-0.));
#14798 = ( GEOMETRIC_REPRESENTATION_CONTEXT(2) 
PARAMETRIC_REPRESENTATION_CONTEXT() REPRESENTATION_CONTEXT('2D SPACE',''
  ) );
#14799 = ADVANCED_FACE('',(#14800),#14788,.T.);
#14800 = FACE_BOUND('',#14801,.F.);
#14801 = EDGE_LOOP('',(#14802,#14823,#14824,#14825));
#14802 = ORIENTED_EDGE('',*,*,#14803,.F.);
#14803 = EDGE_CURVE('',#14716,#14804,#14806,.T.);
#14804 = VERTEX_POINT('',#14805);
#14805 = CARTESIAN_POINT('',(-58.35,0.,-3.1));
#14806 = SEAM_CURVE('',#14807,(#14811,#14817),.PCURVE_S1.);
#14807 = LINE('',#14808,#14809);
#14808 = CARTESIAN_POINT('',(-58.07,0.,-2.82));
#14809 = VECTOR('',#14810,1.);
#14810 = DIRECTION('',(-0.707106781187,-0.,-0.707106781187));
#14811 = PCURVE('',#14788,#14812);
#14812 = DEFINITIONAL_REPRESENTATION('',(#14813),#14816);
#14813 = B_SPLINE_CURVE_WITH_KNOTS('',1,(#14814,#14815),.UNSPECIFIED.,
  .F.,.F.,(2,2),(0.,0.395979797464),.PIECEWISE_BEZIER_KNOTS.);
#14814 = CARTESIAN_POINT('',(0.,0.));
#14815 = CARTESIAN_POINT('',(0.,-0.28));
#14816 = ( GEOMETRIC_REPRESENTATION_CONTEXT(2) 
PARAMETRIC_REPRESENTATION_CONTEXT() REPRESENTATION_CONTEXT('2D SPACE',''
  ) );
#14817 = PCURVE('',#14788,#14818);
#14818 = DEFINITIONAL_REPRESENTATION('',(#14819),#14822);
#14819 = B_SPLINE_CURVE_WITH_KNOTS('',1,(#14820,#14821),.UNSPECIFIED.,
  .F.,.F.,(2,2),(0.,0.395979797464),.PIECEWISE_BEZIER_KNOTS.);
#14820 = CARTESIAN_POINT('',(6.28318530718,0.));
#14821 = CARTESIAN_POINT('',(6.28318530718,-0.28));
#14822 = ( GEOMETRIC_REPRESENTATION_CONTEXT(2) 
PARAMETRIC_REPRESENTATION_CONTEXT() REPRESENTATION_CONTEXT('2D SPACE',''
  ) );
#14823 = ORIENTED_EDGE('',*,*,#14773,.T.);
#14824 = ORIENTED_EDGE('',*,*,#14803,.T.);
#14825 = ORIENTED_EDGE('',*,*,#14826,.F.);
#14826 = EDGE_CURVE('',#14804,#14804,#14827,.T.);
#14827 = SURFACE_CURVE('',#14828,(#14833,#14840),.PCURVE_S1.);
#14828 = CIRCLE('',#14829,7.E-02);
#14829 = AXIS2_PLACEMENT_3D('',#14830,#14831,#14832);
#14830 = CARTESIAN_POINT('',(-58.42,0.,-3.1));
#14831 = DIRECTION('',(0.,0.,1.));
#14832 = DIRECTION('',(1.,0.,0.));
#14833 = PCURVE('',#14788,#14834);
#14834 = DEFINITIONAL_REPRESENTATION('',(#14835),#14839);
#14835 = LINE('',#14836,#14837);
#14836 = CARTESIAN_POINT('',(0.,-0.28));
#14837 = VECTOR('',#14838,1.);
#14838 = DIRECTION('',(1.,-0.));
#14839 = ( GEOMETRIC_REPRESENTATION_CONTEXT(2) 
PARAMETRIC_REPRESENTATION_CONTEXT() REPRESENTATION_CONTEXT('2D SPACE',''
  ) );
#14840 = PCURVE('',#14841,#14846);
#14841 = PLANE('',#14842);
#14842 = AXIS2_PLACEMENT_3D('',#14843,#14844,#14845);
#14843 = CARTESIAN_POINT('',(-58.42,0.,-3.1));
#14844 = DIRECTION('',(0.,0.,1.));
#14845 = DIRECTION('',(1.,0.,0.));
#14846 = DEFINITIONAL_REPRESENTATION('',(#14847),#14851);
#14847 = CIRCLE('',#14848,7.E-02);
#14848 = AXIS2_PLACEMENT_2D('',#14849,#14850);
#14849 = CARTESIAN_POINT('',(0.,0.));
#14850 = DIRECTION('',(1.,0.));
#14851 = ( GEOMETRIC_REPRESENTATION_CONTEXT(2) 
PARAMETRIC_REPRESENTATION_CONTEXT() REPRESENTATION_CONTEXT('2D SPACE',''
  ) );
#14852 = ADVANCED_FACE('',(#14853),#14760,.T.);
#14853 = FACE_BOUND('',#14854,.T.);
#14854 = EDGE_LOOP('',(#14855));
#14855 = ORIENTED_EDGE('',*,*,#14745,.T.);
#14856 = ADVANCED_FACE('',(#14857),#14841,.F.);
#14857 = FACE_BOUND('',#14858,.F.);
#14858 = EDGE_LOOP('',(#14859));
#14859 = ORIENTED_EDGE('',*,*,#14826,.T.);
#14860 = MANIFOLD_SOLID_BREP('',#14861);
#14861 = CLOSED_SHELL('',(#14862,#14950,#15003,#15007));
#14862 = ADVANCED_FACE('',(#14863),#14877,.T.);
#14863 = FACE_BOUND('',#14864,.T.);
#14864 = EDGE_LOOP('',(#14865,#14895,#14922,#14923));
#14865 = ORIENTED_EDGE('',*,*,#14866,.T.);
#14866 = EDGE_CURVE('',#14867,#14869,#14871,.T.);
#14867 = VERTEX_POINT('',#14868);
#14868 = CARTESIAN_POINT('',(-58.07,2.54,-2.82));
#14869 = VERTEX_POINT('',#14870);
#14870 = CARTESIAN_POINT('',(-58.07,2.54,1.44));
#14871 = SEAM_CURVE('',#14872,(#14876,#14888),.PCURVE_S1.);
#14872 = LINE('',#14873,#14874);
#14873 = CARTESIAN_POINT('',(-58.07,2.54,-3.1));
#14874 = VECTOR('',#14875,1.);
#14875 = DIRECTION('',(0.,0.,1.));
#14876 = PCURVE('',#14877,#14882);
#14877 = CYLINDRICAL_SURFACE('',#14878,0.35);
#14878 = AXIS2_PLACEMENT_3D('',#14879,#14880,#14881);
#14879 = CARTESIAN_POINT('',(-58.42,2.54,-3.1));
#14880 = DIRECTION('',(0.,0.,1.));
#14881 = DIRECTION('',(1.,0.,0.));
#14882 = DEFINITIONAL_REPRESENTATION('',(#14883),#14887);
#14883 = LINE('',#14884,#14885);
#14884 = CARTESIAN_POINT('',(6.28318530718,-0.));
#14885 = VECTOR('',#14886,1.);
#14886 = DIRECTION('',(0.,1.));
#14887 = ( GEOMETRIC_REPRESENTATION_CONTEXT(2) 
PARAMETRIC_REPRESENTATION_CONTEXT() REPRESENTATION_CONTEXT('2D SPACE',''
  ) );
#14888 = PCURVE('',#14877,#14889);
#14889 = DEFINITIONAL_REPRESENTATION('',(#14890),#14894);
#14890 = LINE('',#14891,#14892);
#14891 = CARTESIAN_POINT('',(0.,-0.));
#14892 = VECTOR('',#14893,1.);
#14893 = DIRECTION('',(0.,1.));
#14894 = ( GEOMETRIC_REPRESENTATION_CONTEXT(2) 
PARAMETRIC_REPRESENTATION_CONTEXT() REPRESENTATION_CONTEXT('2D SPACE',''
  ) );
#14895 = ORIENTED_EDGE('',*,*,#14896,.F.);
#14896 = EDGE_CURVE('',#14869,#14869,#14897,.T.);
#14897 = SURFACE_CURVE('',#14898,(#14903,#14910),.PCURVE_S1.);
#14898 = CIRCLE('',#14899,0.35);
#14899 = AXIS2_PLACEMENT_3D('',#14900,#14901,#14902);
#14900 = CARTESIAN_POINT('',(-58.42,2.54,1.44));
#14901 = DIRECTION('',(0.,0.,1.));
#14902 = DIRECTION('',(1.,0.,0.));
#14903 = PCURVE('',#14877,#14904);
#14904 = DEFINITIONAL_REPRESENTATION('',(#14905),#14909);
#14905 = LINE('',#14906,#14907);
#14906 = CARTESIAN_POINT('',(0.,4.54));
#14907 = VECTOR('',#14908,1.);
#14908 = DIRECTION('',(1.,0.));
#14909 = ( GEOMETRIC_REPRESENTATION_CONTEXT(2) 
PARAMETRIC_REPRESENTATION_CONTEXT() REPRESENTATION_CONTEXT('2D SPACE',''
  ) );
#14910 = PCURVE('',#14911,#14916);
#14911 = PLANE('',#14912);
#14912 = AXIS2_PLACEMENT_3D('',#14913,#14914,#14915);
#14913 = CARTESIAN_POINT('',(-58.42,2.54,1.44));
#14914 = DIRECTION('',(0.,0.,1.));
#14915 = DIRECTION('',(1.,0.,0.));
#14916 = DEFINITIONAL_REPRESENTATION('',(#14917),#14921);
#14917 = CIRCLE('',#14918,0.35);
#14918 = AXIS2_PLACEMENT_2D('',#14919,#14920);
#14919 = CARTESIAN_POINT('',(0.,0.));
#14920 = DIRECTION('',(1.,0.));
#14921 = ( GEOMETRIC_REPRESENTATION_CONTEXT(2) 
PARAMETRIC_REPRESENTATION_CONTEXT() REPRESENTATION_CONTEXT('2D SPACE',''
  ) );
#14922 = ORIENTED_EDGE('',*,*,#14866,.F.);
#14923 = ORIENTED_EDGE('',*,*,#14924,.T.);
#14924 = EDGE_CURVE('',#14867,#14867,#14925,.T.);
#14925 = SURFACE_CURVE('',#14926,(#14931,#14938),.PCURVE_S1.);
#14926 = CIRCLE('',#14927,0.35);
#14927 = AXIS2_PLACEMENT_3D('',#14928,#14929,#14930);
#14928 = CARTESIAN_POINT('',(-58.42,2.54,-2.82));
#14929 = DIRECTION('',(0.,0.,1.));
#14930 = DIRECTION('',(1.,0.,0.));
#14931 = PCURVE('',#14877,#14932);
#14932 = DEFINITIONAL_REPRESENTATION('',(#14933),#14937);
#14933 = LINE('',#14934,#14935);
#14934 = CARTESIAN_POINT('',(0.,0.28));
#14935 = VECTOR('',#14936,1.);
#14936 = DIRECTION('',(1.,0.));
#14937 = ( GEOMETRIC_REPRESENTATION_CONTEXT(2) 
PARAMETRIC_REPRESENTATION_CONTEXT() REPRESENTATION_CONTEXT('2D SPACE',''
  ) );
#14938 = PCURVE('',#14939,#14944);
#14939 = CONICAL_SURFACE('',#14940,0.35,0.785398163397);
#14940 = AXIS2_PLACEMENT_3D('',#14941,#14942,#14943);
#14941 = CARTESIAN_POINT('',(-58.42,2.54,-2.82));
#14942 = DIRECTION('',(0.,0.,1.));
#14943 = DIRECTION('',(1.,0.,0.));
#14944 = DEFINITIONAL_REPRESENTATION('',(#14945),#14949);
#14945 = LINE('',#14946,#14947);
#14946 = CARTESIAN_POINT('',(0.,-0.));
#14947 = VECTOR('',#14948,1.);
#14948 = DIRECTION('',(1.,-0.));
#14949 = ( GEOMETRIC_REPRESENTATION_CONTEXT(2) 
PARAMETRIC_REPRESENTATION_CONTEXT() REPRESENTATION_CONTEXT('2D SPACE',''
  ) );
#14950 = ADVANCED_FACE('',(#14951),#14939,.T.);
#14951 = FACE_BOUND('',#14952,.F.);
#14952 = EDGE_LOOP('',(#14953,#14974,#14975,#14976));
#14953 = ORIENTED_EDGE('',*,*,#14954,.F.);
#14954 = EDGE_CURVE('',#14867,#14955,#14957,.T.);
#14955 = VERTEX_POINT('',#14956);
#14956 = CARTESIAN_POINT('',(-58.35,2.54,-3.1));
#14957 = SEAM_CURVE('',#14958,(#14962,#14968),.PCURVE_S1.);
#14958 = LINE('',#14959,#14960);
#14959 = CARTESIAN_POINT('',(-58.07,2.54,-2.82));
#14960 = VECTOR('',#14961,1.);
#14961 = DIRECTION('',(-0.707106781187,-0.,-0.707106781187));
#14962 = PCURVE('',#14939,#14963);
#14963 = DEFINITIONAL_REPRESENTATION('',(#14964),#14967);
#14964 = B_SPLINE_CURVE_WITH_KNOTS('',1,(#14965,#14966),.UNSPECIFIED.,
  .F.,.F.,(2,2),(0.,0.395979797464),.PIECEWISE_BEZIER_KNOTS.);
#14965 = CARTESIAN_POINT('',(0.,0.));
#14966 = CARTESIAN_POINT('',(0.,-0.28));
#14967 = ( GEOMETRIC_REPRESENTATION_CONTEXT(2) 
PARAMETRIC_REPRESENTATION_CONTEXT() REPRESENTATION_CONTEXT('2D SPACE',''
  ) );
#14968 = PCURVE('',#14939,#14969);
#14969 = DEFINITIONAL_REPRESENTATION('',(#14970),#14973);
#14970 = B_SPLINE_CURVE_WITH_KNOTS('',1,(#14971,#14972),.UNSPECIFIED.,
  .F.,.F.,(2,2),(0.,0.395979797464),.PIECEWISE_BEZIER_KNOTS.);
#14971 = CARTESIAN_POINT('',(6.28318530718,0.));
#14972 = CARTESIAN_POINT('',(6.28318530718,-0.28));
#14973 = ( GEOMETRIC_REPRESENTATION_CONTEXT(2) 
PARAMETRIC_REPRESENTATION_CONTEXT() REPRESENTATION_CONTEXT('2D SPACE',''
  ) );
#14974 = ORIENTED_EDGE('',*,*,#14924,.T.);
#14975 = ORIENTED_EDGE('',*,*,#14954,.T.);
#14976 = ORIENTED_EDGE('',*,*,#14977,.F.);
#14977 = EDGE_CURVE('',#14955,#14955,#14978,.T.);
#14978 = SURFACE_CURVE('',#14979,(#14984,#14991),.PCURVE_S1.);
#14979 = CIRCLE('',#14980,7.E-02);
#14980 = AXIS2_PLACEMENT_3D('',#14981,#14982,#14983);
#14981 = CARTESIAN_POINT('',(-58.42,2.54,-3.1));
#14982 = DIRECTION('',(0.,0.,1.));
#14983 = DIRECTION('',(1.,0.,0.));
#14984 = PCURVE('',#14939,#14985);
#14985 = DEFINITIONAL_REPRESENTATION('',(#14986),#14990);
#14986 = LINE('',#14987,#14988);
#14987 = CARTESIAN_POINT('',(0.,-0.28));
#14988 = VECTOR('',#14989,1.);
#14989 = DIRECTION('',(1.,-0.));
#14990 = ( GEOMETRIC_REPRESENTATION_CONTEXT(2) 
PARAMETRIC_REPRESENTATION_CONTEXT() REPRESENTATION_CONTEXT('2D SPACE',''
  ) );
#14991 = PCURVE('',#14992,#14997);
#14992 = PLANE('',#14993);
#14993 = AXIS2_PLACEMENT_3D('',#14994,#14995,#14996);
#14994 = CARTESIAN_POINT('',(-58.42,2.54,-3.1));
#14995 = DIRECTION('',(0.,0.,1.));
#14996 = DIRECTION('',(1.,0.,0.));
#14997 = DEFINITIONAL_REPRESENTATION('',(#14998),#15002);
#14998 = CIRCLE('',#14999,7.E-02);
#14999 = AXIS2_PLACEMENT_2D('',#15000,#15001);
#15000 = CARTESIAN_POINT('',(0.,0.));
#15001 = DIRECTION('',(1.,0.));
#15002 = ( GEOMETRIC_REPRESENTATION_CONTEXT(2) 
PARAMETRIC_REPRESENTATION_CONTEXT() REPRESENTATION_CONTEXT('2D SPACE',''
  ) );
#15003 = ADVANCED_FACE('',(#15004),#14911,.T.);
#15004 = FACE_BOUND('',#15005,.T.);
#15005 = EDGE_LOOP('',(#15006));
#15006 = ORIENTED_EDGE('',*,*,#14896,.T.);
#15007 = ADVANCED_FACE('',(#15008),#14992,.F.);
#15008 = FACE_BOUND('',#15009,.F.);
#15009 = EDGE_LOOP('',(#15010));
#15010 = ORIENTED_EDGE('',*,*,#14977,.T.);
#15011 = MANIFOLD_SOLID_BREP('',#15012);
#15012 = CLOSED_SHELL('',(#15013,#15101,#15154,#15158));
#15013 = ADVANCED_FACE('',(#15014),#15028,.T.);
#15014 = FACE_BOUND('',#15015,.T.);
#15015 = EDGE_LOOP('',(#15016,#15046,#15073,#15074));
#15016 = ORIENTED_EDGE('',*,*,#15017,.T.);
#15017 = EDGE_CURVE('',#15018,#15020,#15022,.T.);
#15018 = VERTEX_POINT('',#15019);
#15019 = CARTESIAN_POINT('',(-60.61,0.,-2.82));
#15020 = VERTEX_POINT('',#15021);
#15021 = CARTESIAN_POINT('',(-60.61,-8.572527594031E-17,1.44));
#15022 = SEAM_CURVE('',#15023,(#15027,#15039),.PCURVE_S1.);
#15023 = LINE('',#15024,#15025);
#15024 = CARTESIAN_POINT('',(-60.61,-8.572527594031E-17,-3.1));
#15025 = VECTOR('',#15026,1.);
#15026 = DIRECTION('',(0.,0.,1.));
#15027 = PCURVE('',#15028,#15033);
#15028 = CYLINDRICAL_SURFACE('',#15029,0.35);
#15029 = AXIS2_PLACEMENT_3D('',#15030,#15031,#15032);
#15030 = CARTESIAN_POINT('',(-60.96,0.,-3.1));
#15031 = DIRECTION('',(0.,0.,1.));
#15032 = DIRECTION('',(1.,0.,0.));
#15033 = DEFINITIONAL_REPRESENTATION('',(#15034),#15038);
#15034 = LINE('',#15035,#15036);
#15035 = CARTESIAN_POINT('',(6.28318530718,-0.));
#15036 = VECTOR('',#15037,1.);
#15037 = DIRECTION('',(0.,1.));
#15038 = ( GEOMETRIC_REPRESENTATION_CONTEXT(2) 
PARAMETRIC_REPRESENTATION_CONTEXT() REPRESENTATION_CONTEXT('2D SPACE',''
  ) );
#15039 = PCURVE('',#15028,#15040);
#15040 = DEFINITIONAL_REPRESENTATION('',(#15041),#15045);
#15041 = LINE('',#15042,#15043);
#15042 = CARTESIAN_POINT('',(0.,-0.));
#15043 = VECTOR('',#15044,1.);
#15044 = DIRECTION('',(0.,1.));
#15045 = ( GEOMETRIC_REPRESENTATION_CONTEXT(2) 
PARAMETRIC_REPRESENTATION_CONTEXT() REPRESENTATION_CONTEXT('2D SPACE',''
  ) );
#15046 = ORIENTED_EDGE('',*,*,#15047,.F.);
#15047 = EDGE_CURVE('',#15020,#15020,#15048,.T.);
#15048 = SURFACE_CURVE('',#15049,(#15054,#15061),.PCURVE_S1.);
#15049 = CIRCLE('',#15050,0.35);
#15050 = AXIS2_PLACEMENT_3D('',#15051,#15052,#15053);
#15051 = CARTESIAN_POINT('',(-60.96,0.,1.44));
#15052 = DIRECTION('',(0.,0.,1.));
#15053 = DIRECTION('',(1.,0.,0.));
#15054 = PCURVE('',#15028,#15055);
#15055 = DEFINITIONAL_REPRESENTATION('',(#15056),#15060);
#15056 = LINE('',#15057,#15058);
#15057 = CARTESIAN_POINT('',(0.,4.54));
#15058 = VECTOR('',#15059,1.);
#15059 = DIRECTION('',(1.,0.));
#15060 = ( GEOMETRIC_REPRESENTATION_CONTEXT(2) 
PARAMETRIC_REPRESENTATION_CONTEXT() REPRESENTATION_CONTEXT('2D SPACE',''
  ) );
#15061 = PCURVE('',#15062,#15067);
#15062 = PLANE('',#15063);
#15063 = AXIS2_PLACEMENT_3D('',#15064,#15065,#15066);
#15064 = CARTESIAN_POINT('',(-60.96,0.,1.44));
#15065 = DIRECTION('',(0.,0.,1.));
#15066 = DIRECTION('',(1.,0.,0.));
#15067 = DEFINITIONAL_REPRESENTATION('',(#15068),#15072);
#15068 = CIRCLE('',#15069,0.35);
#15069 = AXIS2_PLACEMENT_2D('',#15070,#15071);
#15070 = CARTESIAN_POINT('',(0.,0.));
#15071 = DIRECTION('',(1.,0.));
#15072 = ( GEOMETRIC_REPRESENTATION_CONTEXT(2) 
PARAMETRIC_REPRESENTATION_CONTEXT() REPRESENTATION_CONTEXT('2D SPACE',''
  ) );
#15073 = ORIENTED_EDGE('',*,*,#15017,.F.);
#15074 = ORIENTED_EDGE('',*,*,#15075,.T.);
#15075 = EDGE_CURVE('',#15018,#15018,#15076,.T.);
#15076 = SURFACE_CURVE('',#15077,(#15082,#15089),.PCURVE_S1.);
#15077 = CIRCLE('',#15078,0.35);
#15078 = AXIS2_PLACEMENT_3D('',#15079,#15080,#15081);
#15079 = CARTESIAN_POINT('',(-60.96,0.,-2.82));
#15080 = DIRECTION('',(0.,0.,1.));
#15081 = DIRECTION('',(1.,0.,0.));
#15082 = PCURVE('',#15028,#15083);
#15083 = DEFINITIONAL_REPRESENTATION('',(#15084),#15088);
#15084 = LINE('',#15085,#15086);
#15085 = CARTESIAN_POINT('',(0.,0.28));
#15086 = VECTOR('',#15087,1.);
#15087 = DIRECTION('',(1.,0.));
#15088 = ( GEOMETRIC_REPRESENTATION_CONTEXT(2) 
PARAMETRIC_REPRESENTATION_CONTEXT() REPRESENTATION_CONTEXT('2D SPACE',''
  ) );
#15089 = PCURVE('',#15090,#15095);
#15090 = CONICAL_SURFACE('',#15091,0.35,0.785398163397);
#15091 = AXIS2_PLACEMENT_3D('',#15092,#15093,#15094);
#15092 = CARTESIAN_POINT('',(-60.96,0.,-2.82));
#15093 = DIRECTION('',(0.,0.,1.));
#15094 = DIRECTION('',(1.,0.,0.));
#15095 = DEFINITIONAL_REPRESENTATION('',(#15096),#15100);
#15096 = LINE('',#15097,#15098);
#15097 = CARTESIAN_POINT('',(0.,-0.));
#15098 = VECTOR('',#15099,1.);
#15099 = DIRECTION('',(1.,-0.));
#15100 = ( GEOMETRIC_REPRESENTATION_CONTEXT(2) 
PARAMETRIC_REPRESENTATION_CONTEXT() REPRESENTATION_CONTEXT('2D SPACE',''
  ) );
#15101 = ADVANCED_FACE('',(#15102),#15090,.T.);
#15102 = FACE_BOUND('',#15103,.F.);
#15103 = EDGE_LOOP('',(#15104,#15125,#15126,#15127));
#15104 = ORIENTED_EDGE('',*,*,#15105,.F.);
#15105 = EDGE_CURVE('',#15018,#15106,#15108,.T.);
#15106 = VERTEX_POINT('',#15107);
#15107 = CARTESIAN_POINT('',(-60.89,0.,-3.1));
#15108 = SEAM_CURVE('',#15109,(#15113,#15119),.PCURVE_S1.);
#15109 = LINE('',#15110,#15111);
#15110 = CARTESIAN_POINT('',(-60.61,0.,-2.82));
#15111 = VECTOR('',#15112,1.);
#15112 = DIRECTION('',(-0.707106781187,-0.,-0.707106781187));
#15113 = PCURVE('',#15090,#15114);
#15114 = DEFINITIONAL_REPRESENTATION('',(#15115),#15118);
#15115 = B_SPLINE_CURVE_WITH_KNOTS('',1,(#15116,#15117),.UNSPECIFIED.,
  .F.,.F.,(2,2),(0.,0.395979797464),.PIECEWISE_BEZIER_KNOTS.);
#15116 = CARTESIAN_POINT('',(0.,0.));
#15117 = CARTESIAN_POINT('',(0.,-0.28));
#15118 = ( GEOMETRIC_REPRESENTATION_CONTEXT(2) 
PARAMETRIC_REPRESENTATION_CONTEXT() REPRESENTATION_CONTEXT('2D SPACE',''
  ) );
#15119 = PCURVE('',#15090,#15120);
#15120 = DEFINITIONAL_REPRESENTATION('',(#15121),#15124);
#15121 = B_SPLINE_CURVE_WITH_KNOTS('',1,(#15122,#15123),.UNSPECIFIED.,
  .F.,.F.,(2,2),(0.,0.395979797464),.PIECEWISE_BEZIER_KNOTS.);
#15122 = CARTESIAN_POINT('',(6.28318530718,0.));
#15123 = CARTESIAN_POINT('',(6.28318530718,-0.28));
#15124 = ( GEOMETRIC_REPRESENTATION_CONTEXT(2) 
PARAMETRIC_REPRESENTATION_CONTEXT() REPRESENTATION_CONTEXT('2D SPACE',''
  ) );
#15125 = ORIENTED_EDGE('',*,*,#15075,.T.);
#15126 = ORIENTED_EDGE('',*,*,#15105,.T.);
#15127 = ORIENTED_EDGE('',*,*,#15128,.F.);
#15128 = EDGE_CURVE('',#15106,#15106,#15129,.T.);
#15129 = SURFACE_CURVE('',#15130,(#15135,#15142),.PCURVE_S1.);
#15130 = CIRCLE('',#15131,7.E-02);
#15131 = AXIS2_PLACEMENT_3D('',#15132,#15133,#15134);
#15132 = CARTESIAN_POINT('',(-60.96,0.,-3.1));
#15133 = DIRECTION('',(0.,0.,1.));
#15134 = DIRECTION('',(1.,0.,0.));
#15135 = PCURVE('',#15090,#15136);
#15136 = DEFINITIONAL_REPRESENTATION('',(#15137),#15141);
#15137 = LINE('',#15138,#15139);
#15138 = CARTESIAN_POINT('',(0.,-0.28));
#15139 = VECTOR('',#15140,1.);
#15140 = DIRECTION('',(1.,-0.));
#15141 = ( GEOMETRIC_REPRESENTATION_CONTEXT(2) 
PARAMETRIC_REPRESENTATION_CONTEXT() REPRESENTATION_CONTEXT('2D SPACE',''
  ) );
#15142 = PCURVE('',#15143,#15148);
#15143 = PLANE('',#15144);
#15144 = AXIS2_PLACEMENT_3D('',#15145,#15146,#15147);
#15145 = CARTESIAN_POINT('',(-60.96,0.,-3.1));
#15146 = DIRECTION('',(0.,0.,1.));
#15147 = DIRECTION('',(1.,0.,0.));
#15148 = DEFINITIONAL_REPRESENTATION('',(#15149),#15153);
#15149 = CIRCLE('',#15150,7.E-02);
#15150 = AXIS2_PLACEMENT_2D('',#15151,#15152);
#15151 = CARTESIAN_POINT('',(0.,0.));
#15152 = DIRECTION('',(1.,0.));
#15153 = ( GEOMETRIC_REPRESENTATION_CONTEXT(2) 
PARAMETRIC_REPRESENTATION_CONTEXT() REPRESENTATION_CONTEXT('2D SPACE',''
  ) );
#15154 = ADVANCED_FACE('',(#15155),#15062,.T.);
#15155 = FACE_BOUND('',#15156,.T.);
#15156 = EDGE_LOOP('',(#15157));
#15157 = ORIENTED_EDGE('',*,*,#15047,.T.);
#15158 = ADVANCED_FACE('',(#15159),#15143,.F.);
#15159 = FACE_BOUND('',#15160,.F.);
#15160 = EDGE_LOOP('',(#15161));
#15161 = ORIENTED_EDGE('',*,*,#15128,.T.);
#15162 = MANIFOLD_SOLID_BREP('',#15163);
#15163 = CLOSED_SHELL('',(#15164,#15252,#15305,#15309));
#15164 = ADVANCED_FACE('',(#15165),#15179,.T.);
#15165 = FACE_BOUND('',#15166,.T.);
#15166 = EDGE_LOOP('',(#15167,#15197,#15224,#15225));
#15167 = ORIENTED_EDGE('',*,*,#15168,.T.);
#15168 = EDGE_CURVE('',#15169,#15171,#15173,.T.);
#15169 = VERTEX_POINT('',#15170);
#15170 = CARTESIAN_POINT('',(-60.61,2.54,-2.82));
#15171 = VERTEX_POINT('',#15172);
#15172 = CARTESIAN_POINT('',(-60.61,2.54,1.44));
#15173 = SEAM_CURVE('',#15174,(#15178,#15190),.PCURVE_S1.);
#15174 = LINE('',#15175,#15176);
#15175 = CARTESIAN_POINT('',(-60.61,2.54,-3.1));
#15176 = VECTOR('',#15177,1.);
#15177 = DIRECTION('',(0.,0.,1.));
#15178 = PCURVE('',#15179,#15184);
#15179 = CYLINDRICAL_SURFACE('',#15180,0.35);
#15180 = AXIS2_PLACEMENT_3D('',#15181,#15182,#15183);
#15181 = CARTESIAN_POINT('',(-60.96,2.54,-3.1));
#15182 = DIRECTION('',(0.,0.,1.));
#15183 = DIRECTION('',(1.,0.,0.));
#15184 = DEFINITIONAL_REPRESENTATION('',(#15185),#15189);
#15185 = LINE('',#15186,#15187);
#15186 = CARTESIAN_POINT('',(6.28318530718,-0.));
#15187 = VECTOR('',#15188,1.);
#15188 = DIRECTION('',(0.,1.));
#15189 = ( GEOMETRIC_REPRESENTATION_CONTEXT(2) 
PARAMETRIC_REPRESENTATION_CONTEXT() REPRESENTATION_CONTEXT('2D SPACE',''
  ) );
#15190 = PCURVE('',#15179,#15191);
#15191 = DEFINITIONAL_REPRESENTATION('',(#15192),#15196);
#15192 = LINE('',#15193,#15194);
#15193 = CARTESIAN_POINT('',(0.,-0.));
#15194 = VECTOR('',#15195,1.);
#15195 = DIRECTION('',(0.,1.));
#15196 = ( GEOMETRIC_REPRESENTATION_CONTEXT(2) 
PARAMETRIC_REPRESENTATION_CONTEXT() REPRESENTATION_CONTEXT('2D SPACE',''
  ) );
#15197 = ORIENTED_EDGE('',*,*,#15198,.F.);
#15198 = EDGE_CURVE('',#15171,#15171,#15199,.T.);
#15199 = SURFACE_CURVE('',#15200,(#15205,#15212),.PCURVE_S1.);
#15200 = CIRCLE('',#15201,0.35);
#15201 = AXIS2_PLACEMENT_3D('',#15202,#15203,#15204);
#15202 = CARTESIAN_POINT('',(-60.96,2.54,1.44));
#15203 = DIRECTION('',(0.,0.,1.));
#15204 = DIRECTION('',(1.,0.,0.));
#15205 = PCURVE('',#15179,#15206);
#15206 = DEFINITIONAL_REPRESENTATION('',(#15207),#15211);
#15207 = LINE('',#15208,#15209);
#15208 = CARTESIAN_POINT('',(0.,4.54));
#15209 = VECTOR('',#15210,1.);
#15210 = DIRECTION('',(1.,0.));
#15211 = ( GEOMETRIC_REPRESENTATION_CONTEXT(2) 
PARAMETRIC_REPRESENTATION_CONTEXT() REPRESENTATION_CONTEXT('2D SPACE',''
  ) );
#15212 = PCURVE('',#15213,#15218);
#15213 = PLANE('',#15214);
#15214 = AXIS2_PLACEMENT_3D('',#15215,#15216,#15217);
#15215 = CARTESIAN_POINT('',(-60.96,2.54,1.44));
#15216 = DIRECTION('',(0.,0.,1.));
#15217 = DIRECTION('',(1.,0.,0.));
#15218 = DEFINITIONAL_REPRESENTATION('',(#15219),#15223);
#15219 = CIRCLE('',#15220,0.35);
#15220 = AXIS2_PLACEMENT_2D('',#15221,#15222);
#15221 = CARTESIAN_POINT('',(0.,0.));
#15222 = DIRECTION('',(1.,0.));
#15223 = ( GEOMETRIC_REPRESENTATION_CONTEXT(2) 
PARAMETRIC_REPRESENTATION_CONTEXT() REPRESENTATION_CONTEXT('2D SPACE',''
  ) );
#15224 = ORIENTED_EDGE('',*,*,#15168,.F.);
#15225 = ORIENTED_EDGE('',*,*,#15226,.T.);
#15226 = EDGE_CURVE('',#15169,#15169,#15227,.T.);
#15227 = SURFACE_CURVE('',#15228,(#15233,#15240),.PCURVE_S1.);
#15228 = CIRCLE('',#15229,0.35);
#15229 = AXIS2_PLACEMENT_3D('',#15230,#15231,#15232);
#15230 = CARTESIAN_POINT('',(-60.96,2.54,-2.82));
#15231 = DIRECTION('',(0.,0.,1.));
#15232 = DIRECTION('',(1.,0.,0.));
#15233 = PCURVE('',#15179,#15234);
#15234 = DEFINITIONAL_REPRESENTATION('',(#15235),#15239);
#15235 = LINE('',#15236,#15237);
#15236 = CARTESIAN_POINT('',(0.,0.28));
#15237 = VECTOR('',#15238,1.);
#15238 = DIRECTION('',(1.,0.));
#15239 = ( GEOMETRIC_REPRESENTATION_CONTEXT(2) 
PARAMETRIC_REPRESENTATION_CONTEXT() REPRESENTATION_CONTEXT('2D SPACE',''
  ) );
#15240 = PCURVE('',#15241,#15246);
#15241 = CONICAL_SURFACE('',#15242,0.35,0.785398163397);
#15242 = AXIS2_PLACEMENT_3D('',#15243,#15244,#15245);
#15243 = CARTESIAN_POINT('',(-60.96,2.54,-2.82));
#15244 = DIRECTION('',(0.,0.,1.));
#15245 = DIRECTION('',(1.,0.,0.));
#15246 = DEFINITIONAL_REPRESENTATION('',(#15247),#15251);
#15247 = LINE('',#15248,#15249);
#15248 = CARTESIAN_POINT('',(0.,-0.));
#15249 = VECTOR('',#15250,1.);
#15250 = DIRECTION('',(1.,-0.));
#15251 = ( GEOMETRIC_REPRESENTATION_CONTEXT(2) 
PARAMETRIC_REPRESENTATION_CONTEXT() REPRESENTATION_CONTEXT('2D SPACE',''
  ) );
#15252 = ADVANCED_FACE('',(#15253),#15241,.T.);
#15253 = FACE_BOUND('',#15254,.F.);
#15254 = EDGE_LOOP('',(#15255,#15276,#15277,#15278));
#15255 = ORIENTED_EDGE('',*,*,#15256,.F.);
#15256 = EDGE_CURVE('',#15169,#15257,#15259,.T.);
#15257 = VERTEX_POINT('',#15258);
#15258 = CARTESIAN_POINT('',(-60.89,2.54,-3.1));
#15259 = SEAM_CURVE('',#15260,(#15264,#15270),.PCURVE_S1.);
#15260 = LINE('',#15261,#15262);
#15261 = CARTESIAN_POINT('',(-60.61,2.54,-2.82));
#15262 = VECTOR('',#15263,1.);
#15263 = DIRECTION('',(-0.707106781187,-0.,-0.707106781187));
#15264 = PCURVE('',#15241,#15265);
#15265 = DEFINITIONAL_REPRESENTATION('',(#15266),#15269);
#15266 = B_SPLINE_CURVE_WITH_KNOTS('',1,(#15267,#15268),.UNSPECIFIED.,
  .F.,.F.,(2,2),(0.,0.395979797464),.PIECEWISE_BEZIER_KNOTS.);
#15267 = CARTESIAN_POINT('',(0.,0.));
#15268 = CARTESIAN_POINT('',(0.,-0.28));
#15269 = ( GEOMETRIC_REPRESENTATION_CONTEXT(2) 
PARAMETRIC_REPRESENTATION_CONTEXT() REPRESENTATION_CONTEXT('2D SPACE',''
  ) );
#15270 = PCURVE('',#15241,#15271);
#15271 = DEFINITIONAL_REPRESENTATION('',(#15272),#15275);
#15272 = B_SPLINE_CURVE_WITH_KNOTS('',1,(#15273,#15274),.UNSPECIFIED.,
  .F.,.F.,(2,2),(0.,0.395979797464),.PIECEWISE_BEZIER_KNOTS.);
#15273 = CARTESIAN_POINT('',(6.28318530718,0.));
#15274 = CARTESIAN_POINT('',(6.28318530718,-0.28));
#15275 = ( GEOMETRIC_REPRESENTATION_CONTEXT(2) 
PARAMETRIC_REPRESENTATION_CONTEXT() REPRESENTATION_CONTEXT('2D SPACE',''
  ) );
#15276 = ORIENTED_EDGE('',*,*,#15226,.T.);
#15277 = ORIENTED_EDGE('',*,*,#15256,.T.);
#15278 = ORIENTED_EDGE('',*,*,#15279,.F.);
#15279 = EDGE_CURVE('',#15257,#15257,#15280,.T.);
#15280 = SURFACE_CURVE('',#15281,(#15286,#15293),.PCURVE_S1.);
#15281 = CIRCLE('',#15282,7.E-02);
#15282 = AXIS2_PLACEMENT_3D('',#15283,#15284,#15285);
#15283 = CARTESIAN_POINT('',(-60.96,2.54,-3.1));
#15284 = DIRECTION('',(0.,0.,1.));
#15285 = DIRECTION('',(1.,0.,0.));
#15286 = PCURVE('',#15241,#15287);
#15287 = DEFINITIONAL_REPRESENTATION('',(#15288),#15292);
#15288 = LINE('',#15289,#15290);
#15289 = CARTESIAN_POINT('',(0.,-0.28));
#15290 = VECTOR('',#15291,1.);
#15291 = DIRECTION('',(1.,-0.));
#15292 = ( GEOMETRIC_REPRESENTATION_CONTEXT(2) 
PARAMETRIC_REPRESENTATION_CONTEXT() REPRESENTATION_CONTEXT('2D SPACE',''
  ) );
#15293 = PCURVE('',#15294,#15299);
#15294 = PLANE('',#15295);
#15295 = AXIS2_PLACEMENT_3D('',#15296,#15297,#15298);
#15296 = CARTESIAN_POINT('',(-60.96,2.54,-3.1));
#15297 = DIRECTION('',(0.,0.,1.));
#15298 = DIRECTION('',(1.,0.,0.));
#15299 = DEFINITIONAL_REPRESENTATION('',(#15300),#15304);
#15300 = CIRCLE('',#15301,7.E-02);
#15301 = AXIS2_PLACEMENT_2D('',#15302,#15303);
#15302 = CARTESIAN_POINT('',(0.,0.));
#15303 = DIRECTION('',(1.,0.));
#15304 = ( GEOMETRIC_REPRESENTATION_CONTEXT(2) 
PARAMETRIC_REPRESENTATION_CONTEXT() REPRESENTATION_CONTEXT('2D SPACE',''
  ) );
#15305 = ADVANCED_FACE('',(#15306),#15213,.T.);
#15306 = FACE_BOUND('',#15307,.T.);
#15307 = EDGE_LOOP('',(#15308));
#15308 = ORIENTED_EDGE('',*,*,#15198,.T.);
#15309 = ADVANCED_FACE('',(#15310),#15294,.F.);
#15310 = FACE_BOUND('',#15311,.F.);
#15311 = EDGE_LOOP('',(#15312));
#15312 = ORIENTED_EDGE('',*,*,#15279,.T.);
#15313 = ( GEOMETRIC_REPRESENTATION_CONTEXT(3) 
GLOBAL_UNCERTAINTY_ASSIGNED_CONTEXT((#15317)) 
GLOBAL_UNIT_ASSIGNED_CONTEXT((#15314,#15315,#15316)) 
REPRESENTATION_CONTEXT('Context #1',
  '3D Context with UNIT and UNCERTAINTY') );
#15314 = ( LENGTH_UNIT() NAMED_UNIT(*) SI_UNIT(.MILLI.,.METRE.) );
#15315 = ( NAMED_UNIT(*) PLANE_ANGLE_UNIT() SI_UNIT($,.RADIAN.) );
#15316 = ( NAMED_UNIT(*) SI_UNIT($,.STERADIAN.) SOLID_ANGLE_UNIT() );
#15317 = UNCERTAINTY_MEASURE_WITH_UNIT(LENGTH_MEASURE(1.E-07),#15314,
  'distance_accuracy_value','confusion accuracy');
#15318 = SHAPE_DEFINITION_REPRESENTATION(#15319,#7762);
#15319 = PRODUCT_DEFINITION_SHAPE('','',#15320);
#15320 = PRODUCT_DEFINITION('design','',#15321,#15324);
#15321 = PRODUCT_DEFINITION_FORMATION('','',#15322);
#15322 = PRODUCT('LeadsArray','LeadsArray','',(#15323));
#15323 = PRODUCT_CONTEXT('',#2,'mechanical');
#15324 = PRODUCT_DEFINITION_CONTEXT('part definition',#2,'design');
#15325 = CONTEXT_DEPENDENT_SHAPE_REPRESENTATION(#15326,#15328);
#15326 = ( REPRESENTATION_RELATIONSHIP('','',#7762,#10) 
REPRESENTATION_RELATIONSHIP_WITH_TRANSFORMATION(#15327) 
SHAPE_REPRESENTATION_RELATIONSHIP() );
#15327 = ITEM_DEFINED_TRANSFORMATION('','',#11,#19);
#15328 = PRODUCT_DEFINITION_SHAPE('Placement','Placement of an item',
  #15329);
#15329 = NEXT_ASSEMBLY_USAGE_OCCURRENCE('2','=>[0:1:1:3]','',#5,#15320,$
  );
#15330 = PRODUCT_RELATED_PRODUCT_CATEGORY('part',$,(#15322));
#15331 = MECHANICAL_DESIGN_GEOMETRIC_PRESENTATION_REPRESENTATION('',(
    #15332),#7744);
#15332 = STYLED_ITEM('color',(#15333),#30);
#15333 = PRESENTATION_STYLE_ASSIGNMENT((#15334,#15340));
#15334 = SURFACE_STYLE_USAGE(.BOTH.,#15335);
#15335 = SURFACE_SIDE_STYLE('',(#15336));
#15336 = SURFACE_STYLE_FILL_AREA(#15337);
#15337 = FILL_AREA_STYLE('',(#15338));
#15338 = FILL_AREA_STYLE_COLOUR('',#15339);
#15339 = COLOUR_RGB('',0.300000011921,0.300000011921,0.300000011921);
#15340 = CURVE_STYLE('',#15341,POSITIVE_LENGTH_MEASURE(0.1),#15339);
#15341 = DRAUGHTING_PRE_DEFINED_CURVE_FONT('continuous');
#15342 = MECHANICAL_DESIGN_GEOMETRIC_PRESENTATION_REPRESENTATION('',(
    #15343,#15353,#15362,#15371,#15380,#15389,#15398,#15407,#15416,
    #15425,#15434,#15443,#15452,#15461,#15470,#15479,#15488,#15497,
    #15506,#15515,#15524,#15533,#15542,#15551,#15560,#15569,#15578,
    #15587,#15596,#15605,#15614,#15623,#15632,#15641,#15650,#15659,
    #15668,#15677,#15686,#15695,#15704,#15713,#15722,#15731,#15740,
    #15749,#15758,#15767,#15776,#15785),#15313);
#15343 = STYLED_ITEM('color',(#15344),#7763);
#15344 = PRESENTATION_STYLE_ASSIGNMENT((#15345,#15351));
#15345 = SURFACE_STYLE_USAGE(.BOTH.,#15346);
#15346 = SURFACE_SIDE_STYLE('',(#15347));
#15347 = SURFACE_STYLE_FILL_AREA(#15348);
#15348 = FILL_AREA_STYLE('',(#15349));
#15349 = FILL_AREA_STYLE_COLOUR('',#15350);
#15350 = COLOUR_RGB('',0.73400002718,0.773000001907,0.79699999094);
#15351 = CURVE_STYLE('',#15352,POSITIVE_LENGTH_MEASURE(0.1),#15350);
#15352 = DRAUGHTING_PRE_DEFINED_CURVE_FONT('continuous');
#15353 = STYLED_ITEM('color',(#15354),#7914);
#15354 = PRESENTATION_STYLE_ASSIGNMENT((#15355,#15360));
#15355 = SURFACE_STYLE_USAGE(.BOTH.,#15356);
#15356 = SURFACE_SIDE_STYLE('',(#15357));
#15357 = SURFACE_STYLE_FILL_AREA(#15358);
#15358 = FILL_AREA_STYLE('',(#15359));
#15359 = FILL_AREA_STYLE_COLOUR('',#15350);
#15360 = CURVE_STYLE('',#15361,POSITIVE_LENGTH_MEASURE(0.1),#15350);
#15361 = DRAUGHTING_PRE_DEFINED_CURVE_FONT('continuous');
#15362 = STYLED_ITEM('color',(#15363),#8065);
#15363 = PRESENTATION_STYLE_ASSIGNMENT((#15364,#15369));
#15364 = SURFACE_STYLE_USAGE(.BOTH.,#15365);
#15365 = SURFACE_SIDE_STYLE('',(#15366));
#15366 = SURFACE_STYLE_FILL_AREA(#15367);
#15367 = FILL_AREA_STYLE('',(#15368));
#15368 = FILL_AREA_STYLE_COLOUR('',#15350);
#15369 = CURVE_STYLE('',#15370,POSITIVE_LENGTH_MEASURE(0.1),#15350);
#15370 = DRAUGHTING_PRE_DEFINED_CURVE_FONT('continuous');
#15371 = STYLED_ITEM('color',(#15372),#8216);
#15372 = PRESENTATION_STYLE_ASSIGNMENT((#15373,#15378));
#15373 = SURFACE_STYLE_USAGE(.BOTH.,#15374);
#15374 = SURFACE_SIDE_STYLE('',(#15375));
#15375 = SURFACE_STYLE_FILL_AREA(#15376);
#15376 = FILL_AREA_STYLE('',(#15377));
#15377 = FILL_AREA_STYLE_COLOUR('',#15350);
#15378 = CURVE_STYLE('',#15379,POSITIVE_LENGTH_MEASURE(0.1),#15350);
#15379 = DRAUGHTING_PRE_DEFINED_CURVE_FONT('continuous');
#15380 = STYLED_ITEM('color',(#15381),#8367);
#15381 = PRESENTATION_STYLE_ASSIGNMENT((#15382,#15387));
#15382 = SURFACE_STYLE_USAGE(.BOTH.,#15383);
#15383 = SURFACE_SIDE_STYLE('',(#15384));
#15384 = SURFACE_STYLE_FILL_AREA(#15385);
#15385 = FILL_AREA_STYLE('',(#15386));
#15386 = FILL_AREA_STYLE_COLOUR('',#15350);
#15387 = CURVE_STYLE('',#15388,POSITIVE_LENGTH_MEASURE(0.1),#15350);
#15388 = DRAUGHTING_PRE_DEFINED_CURVE_FONT('continuous');
#15389 = STYLED_ITEM('color',(#15390),#8518);
#15390 = PRESENTATION_STYLE_ASSIGNMENT((#15391,#15396));
#15391 = SURFACE_STYLE_USAGE(.BOTH.,#15392);
#15392 = SURFACE_SIDE_STYLE('',(#15393));
#15393 = SURFACE_STYLE_FILL_AREA(#15394);
#15394 = FILL_AREA_STYLE('',(#15395));
#15395 = FILL_AREA_STYLE_COLOUR('',#15350);
#15396 = CURVE_STYLE('',#15397,POSITIVE_LENGTH_MEASURE(0.1),#15350);
#15397 = DRAUGHTING_PRE_DEFINED_CURVE_FONT('continuous');
#15398 = STYLED_ITEM('color',(#15399),#8669);
#15399 = PRESENTATION_STYLE_ASSIGNMENT((#15400,#15405));
#15400 = SURFACE_STYLE_USAGE(.BOTH.,#15401);
#15401 = SURFACE_SIDE_STYLE('',(#15402));
#15402 = SURFACE_STYLE_FILL_AREA(#15403);
#15403 = FILL_AREA_STYLE('',(#15404));
#15404 = FILL_AREA_STYLE_COLOUR('',#15350);
#15405 = CURVE_STYLE('',#15406,POSITIVE_LENGTH_MEASURE(0.1),#15350);
#15406 = DRAUGHTING_PRE_DEFINED_CURVE_FONT('continuous');
#15407 = STYLED_ITEM('color',(#15408),#8820);
#15408 = PRESENTATION_STYLE_ASSIGNMENT((#15409,#15414));
#15409 = SURFACE_STYLE_USAGE(.BOTH.,#15410);
#15410 = SURFACE_SIDE_STYLE('',(#15411));
#15411 = SURFACE_STYLE_FILL_AREA(#15412);
#15412 = FILL_AREA_STYLE('',(#15413));
#15413 = FILL_AREA_STYLE_COLOUR('',#15350);
#15414 = CURVE_STYLE('',#15415,POSITIVE_LENGTH_MEASURE(0.1),#15350);
#15415 = DRAUGHTING_PRE_DEFINED_CURVE_FONT('continuous');
#15416 = STYLED_ITEM('color',(#15417),#8971);
#15417 = PRESENTATION_STYLE_ASSIGNMENT((#15418,#15423));
#15418 = SURFACE_STYLE_USAGE(.BOTH.,#15419);
#15419 = SURFACE_SIDE_STYLE('',(#15420));
#15420 = SURFACE_STYLE_FILL_AREA(#15421);
#15421 = FILL_AREA_STYLE('',(#15422));
#15422 = FILL_AREA_STYLE_COLOUR('',#15350);
#15423 = CURVE_STYLE('',#15424,POSITIVE_LENGTH_MEASURE(0.1),#15350);
#15424 = DRAUGHTING_PRE_DEFINED_CURVE_FONT('continuous');
#15425 = STYLED_ITEM('color',(#15426),#9122);
#15426 = PRESENTATION_STYLE_ASSIGNMENT((#15427,#15432));
#15427 = SURFACE_STYLE_USAGE(.BOTH.,#15428);
#15428 = SURFACE_SIDE_STYLE('',(#15429));
#15429 = SURFACE_STYLE_FILL_AREA(#15430);
#15430 = FILL_AREA_STYLE('',(#15431));
#15431 = FILL_AREA_STYLE_COLOUR('',#15350);
#15432 = CURVE_STYLE('',#15433,POSITIVE_LENGTH_MEASURE(0.1),#15350);
#15433 = DRAUGHTING_PRE_DEFINED_CURVE_FONT('continuous');
#15434 = STYLED_ITEM('color',(#15435),#9273);
#15435 = PRESENTATION_STYLE_ASSIGNMENT((#15436,#15441));
#15436 = SURFACE_STYLE_USAGE(.BOTH.,#15437);
#15437 = SURFACE_SIDE_STYLE('',(#15438));
#15438 = SURFACE_STYLE_FILL_AREA(#15439);
#15439 = FILL_AREA_STYLE('',(#15440));
#15440 = FILL_AREA_STYLE_COLOUR('',#15350);
#15441 = CURVE_STYLE('',#15442,POSITIVE_LENGTH_MEASURE(0.1),#15350);
#15442 = DRAUGHTING_PRE_DEFINED_CURVE_FONT('continuous');
#15443 = STYLED_ITEM('color',(#15444),#9424);
#15444 = PRESENTATION_STYLE_ASSIGNMENT((#15445,#15450));
#15445 = SURFACE_STYLE_USAGE(.BOTH.,#15446);
#15446 = SURFACE_SIDE_STYLE('',(#15447));
#15447 = SURFACE_STYLE_FILL_AREA(#15448);
#15448 = FILL_AREA_STYLE('',(#15449));
#15449 = FILL_AREA_STYLE_COLOUR('',#15350);
#15450 = CURVE_STYLE('',#15451,POSITIVE_LENGTH_MEASURE(0.1),#15350);
#15451 = DRAUGHTING_PRE_DEFINED_CURVE_FONT('continuous');
#15452 = STYLED_ITEM('color',(#15453),#9575);
#15453 = PRESENTATION_STYLE_ASSIGNMENT((#15454,#15459));
#15454 = SURFACE_STYLE_USAGE(.BOTH.,#15455);
#15455 = SURFACE_SIDE_STYLE('',(#15456));
#15456 = SURFACE_STYLE_FILL_AREA(#15457);
#15457 = FILL_AREA_STYLE('',(#15458));
#15458 = FILL_AREA_STYLE_COLOUR('',#15350);
#15459 = CURVE_STYLE('',#15460,POSITIVE_LENGTH_MEASURE(0.1),#15350);
#15460 = DRAUGHTING_PRE_DEFINED_CURVE_FONT('continuous');
#15461 = STYLED_ITEM('color',(#15462),#9726);
#15462 = PRESENTATION_STYLE_ASSIGNMENT((#15463,#15468));
#15463 = SURFACE_STYLE_USAGE(.BOTH.,#15464);
#15464 = SURFACE_SIDE_STYLE('',(#15465));
#15465 = SURFACE_STYLE_FILL_AREA(#15466);
#15466 = FILL_AREA_STYLE('',(#15467));
#15467 = FILL_AREA_STYLE_COLOUR('',#15350);
#15468 = CURVE_STYLE('',#15469,POSITIVE_LENGTH_MEASURE(0.1),#15350);
#15469 = DRAUGHTING_PRE_DEFINED_CURVE_FONT('continuous');
#15470 = STYLED_ITEM('color',(#15471),#9877);
#15471 = PRESENTATION_STYLE_ASSIGNMENT((#15472,#15477));
#15472 = SURFACE_STYLE_USAGE(.BOTH.,#15473);
#15473 = SURFACE_SIDE_STYLE('',(#15474));
#15474 = SURFACE_STYLE_FILL_AREA(#15475);
#15475 = FILL_AREA_STYLE('',(#15476));
#15476 = FILL_AREA_STYLE_COLOUR('',#15350);
#15477 = CURVE_STYLE('',#15478,POSITIVE_LENGTH_MEASURE(0.1),#15350);
#15478 = DRAUGHTING_PRE_DEFINED_CURVE_FONT('continuous');
#15479 = STYLED_ITEM('color',(#15480),#10028);
#15480 = PRESENTATION_STYLE_ASSIGNMENT((#15481,#15486));
#15481 = SURFACE_STYLE_USAGE(.BOTH.,#15482);
#15482 = SURFACE_SIDE_STYLE('',(#15483));
#15483 = SURFACE_STYLE_FILL_AREA(#15484);
#15484 = FILL_AREA_STYLE('',(#15485));
#15485 = FILL_AREA_STYLE_COLOUR('',#15350);
#15486 = CURVE_STYLE('',#15487,POSITIVE_LENGTH_MEASURE(0.1),#15350);
#15487 = DRAUGHTING_PRE_DEFINED_CURVE_FONT('continuous');
#15488 = STYLED_ITEM('color',(#15489),#10179);
#15489 = PRESENTATION_STYLE_ASSIGNMENT((#15490,#15495));
#15490 = SURFACE_STYLE_USAGE(.BOTH.,#15491);
#15491 = SURFACE_SIDE_STYLE('',(#15492));
#15492 = SURFACE_STYLE_FILL_AREA(#15493);
#15493 = FILL_AREA_STYLE('',(#15494));
#15494 = FILL_AREA_STYLE_COLOUR('',#15350);
#15495 = CURVE_STYLE('',#15496,POSITIVE_LENGTH_MEASURE(0.1),#15350);
#15496 = DRAUGHTING_PRE_DEFINED_CURVE_FONT('continuous');
#15497 = STYLED_ITEM('color',(#15498),#10330);
#15498 = PRESENTATION_STYLE_ASSIGNMENT((#15499,#15504));
#15499 = SURFACE_STYLE_USAGE(.BOTH.,#15500);
#15500 = SURFACE_SIDE_STYLE('',(#15501));
#15501 = SURFACE_STYLE_FILL_AREA(#15502);
#15502 = FILL_AREA_STYLE('',(#15503));
#15503 = FILL_AREA_STYLE_COLOUR('',#15350);
#15504 = CURVE_STYLE('',#15505,POSITIVE_LENGTH_MEASURE(0.1),#15350);
#15505 = DRAUGHTING_PRE_DEFINED_CURVE_FONT('continuous');
#15506 = STYLED_ITEM('color',(#15507),#10481);
#15507 = PRESENTATION_STYLE_ASSIGNMENT((#15508,#15513));
#15508 = SURFACE_STYLE_USAGE(.BOTH.,#15509);
#15509 = SURFACE_SIDE_STYLE('',(#15510));
#15510 = SURFACE_STYLE_FILL_AREA(#15511);
#15511 = FILL_AREA_STYLE('',(#15512));
#15512 = FILL_AREA_STYLE_COLOUR('',#15350);
#15513 = CURVE_STYLE('',#15514,POSITIVE_LENGTH_MEASURE(0.1),#15350);
#15514 = DRAUGHTING_PRE_DEFINED_CURVE_FONT('continuous');
#15515 = STYLED_ITEM('color',(#15516),#10632);
#15516 = PRESENTATION_STYLE_ASSIGNMENT((#15517,#15522));
#15517 = SURFACE_STYLE_USAGE(.BOTH.,#15518);
#15518 = SURFACE_SIDE_STYLE('',(#15519));
#15519 = SURFACE_STYLE_FILL_AREA(#15520);
#15520 = FILL_AREA_STYLE('',(#15521));
#15521 = FILL_AREA_STYLE_COLOUR('',#15350);
#15522 = CURVE_STYLE('',#15523,POSITIVE_LENGTH_MEASURE(0.1),#15350);
#15523 = DRAUGHTING_PRE_DEFINED_CURVE_FONT('continuous');
#15524 = STYLED_ITEM('color',(#15525),#10783);
#15525 = PRESENTATION_STYLE_ASSIGNMENT((#15526,#15531));
#15526 = SURFACE_STYLE_USAGE(.BOTH.,#15527);
#15527 = SURFACE_SIDE_STYLE('',(#15528));
#15528 = SURFACE_STYLE_FILL_AREA(#15529);
#15529 = FILL_AREA_STYLE('',(#15530));
#15530 = FILL_AREA_STYLE_COLOUR('',#15350);
#15531 = CURVE_STYLE('',#15532,POSITIVE_LENGTH_MEASURE(0.1),#15350);
#15532 = DRAUGHTING_PRE_DEFINED_CURVE_FONT('continuous');
#15533 = STYLED_ITEM('color',(#15534),#10934);
#15534 = PRESENTATION_STYLE_ASSIGNMENT((#15535,#15540));
#15535 = SURFACE_STYLE_USAGE(.BOTH.,#15536);
#15536 = SURFACE_SIDE_STYLE('',(#15537));
#15537 = SURFACE_STYLE_FILL_AREA(#15538);
#15538 = FILL_AREA_STYLE('',(#15539));
#15539 = FILL_AREA_STYLE_COLOUR('',#15350);
#15540 = CURVE_STYLE('',#15541,POSITIVE_LENGTH_MEASURE(0.1),#15350);
#15541 = DRAUGHTING_PRE_DEFINED_CURVE_FONT('continuous');
#15542 = STYLED_ITEM('color',(#15543),#11085);
#15543 = PRESENTATION_STYLE_ASSIGNMENT((#15544,#15549));
#15544 = SURFACE_STYLE_USAGE(.BOTH.,#15545);
#15545 = SURFACE_SIDE_STYLE('',(#15546));
#15546 = SURFACE_STYLE_FILL_AREA(#15547);
#15547 = FILL_AREA_STYLE('',(#15548));
#15548 = FILL_AREA_STYLE_COLOUR('',#15350);
#15549 = CURVE_STYLE('',#15550,POSITIVE_LENGTH_MEASURE(0.1),#15350);
#15550 = DRAUGHTING_PRE_DEFINED_CURVE_FONT('continuous');
#15551 = STYLED_ITEM('color',(#15552),#11236);
#15552 = PRESENTATION_STYLE_ASSIGNMENT((#15553,#15558));
#15553 = SURFACE_STYLE_USAGE(.BOTH.,#15554);
#15554 = SURFACE_SIDE_STYLE('',(#15555));
#15555 = SURFACE_STYLE_FILL_AREA(#15556);
#15556 = FILL_AREA_STYLE('',(#15557));
#15557 = FILL_AREA_STYLE_COLOUR('',#15350);
#15558 = CURVE_STYLE('',#15559,POSITIVE_LENGTH_MEASURE(0.1),#15350);
#15559 = DRAUGHTING_PRE_DEFINED_CURVE_FONT('continuous');
#15560 = STYLED_ITEM('color',(#15561),#11387);
#15561 = PRESENTATION_STYLE_ASSIGNMENT((#15562,#15567));
#15562 = SURFACE_STYLE_USAGE(.BOTH.,#15563);
#15563 = SURFACE_SIDE_STYLE('',(#15564));
#15564 = SURFACE_STYLE_FILL_AREA(#15565);
#15565 = FILL_AREA_STYLE('',(#15566));
#15566 = FILL_AREA_STYLE_COLOUR('',#15350);
#15567 = CURVE_STYLE('',#15568,POSITIVE_LENGTH_MEASURE(0.1),#15350);
#15568 = DRAUGHTING_PRE_DEFINED_CURVE_FONT('continuous');
#15569 = STYLED_ITEM('color',(#15570),#11538);
#15570 = PRESENTATION_STYLE_ASSIGNMENT((#15571,#15576));
#15571 = SURFACE_STYLE_USAGE(.BOTH.,#15572);
#15572 = SURFACE_SIDE_STYLE('',(#15573));
#15573 = SURFACE_STYLE_FILL_AREA(#15574);
#15574 = FILL_AREA_STYLE('',(#15575));
#15575 = FILL_AREA_STYLE_COLOUR('',#15350);
#15576 = CURVE_STYLE('',#15577,POSITIVE_LENGTH_MEASURE(0.1),#15350);
#15577 = DRAUGHTING_PRE_DEFINED_CURVE_FONT('continuous');
#15578 = STYLED_ITEM('color',(#15579),#11689);
#15579 = PRESENTATION_STYLE_ASSIGNMENT((#15580,#15585));
#15580 = SURFACE_STYLE_USAGE(.BOTH.,#15581);
#15581 = SURFACE_SIDE_STYLE('',(#15582));
#15582 = SURFACE_STYLE_FILL_AREA(#15583);
#15583 = FILL_AREA_STYLE('',(#15584));
#15584 = FILL_AREA_STYLE_COLOUR('',#15350);
#15585 = CURVE_STYLE('',#15586,POSITIVE_LENGTH_MEASURE(0.1),#15350);
#15586 = DRAUGHTING_PRE_DEFINED_CURVE_FONT('continuous');
#15587 = STYLED_ITEM('color',(#15588),#11840);
#15588 = PRESENTATION_STYLE_ASSIGNMENT((#15589,#15594));
#15589 = SURFACE_STYLE_USAGE(.BOTH.,#15590);
#15590 = SURFACE_SIDE_STYLE('',(#15591));
#15591 = SURFACE_STYLE_FILL_AREA(#15592);
#15592 = FILL_AREA_STYLE('',(#15593));
#15593 = FILL_AREA_STYLE_COLOUR('',#15350);
#15594 = CURVE_STYLE('',#15595,POSITIVE_LENGTH_MEASURE(0.1),#15350);
#15595 = DRAUGHTING_PRE_DEFINED_CURVE_FONT('continuous');
#15596 = STYLED_ITEM('color',(#15597),#11991);
#15597 = PRESENTATION_STYLE_ASSIGNMENT((#15598,#15603));
#15598 = SURFACE_STYLE_USAGE(.BOTH.,#15599);
#15599 = SURFACE_SIDE_STYLE('',(#15600));
#15600 = SURFACE_STYLE_FILL_AREA(#15601);
#15601 = FILL_AREA_STYLE('',(#15602));
#15602 = FILL_AREA_STYLE_COLOUR('',#15350);
#15603 = CURVE_STYLE('',#15604,POSITIVE_LENGTH_MEASURE(0.1),#15350);
#15604 = DRAUGHTING_PRE_DEFINED_CURVE_FONT('continuous');
#15605 = STYLED_ITEM('color',(#15606),#12142);
#15606 = PRESENTATION_STYLE_ASSIGNMENT((#15607,#15612));
#15607 = SURFACE_STYLE_USAGE(.BOTH.,#15608);
#15608 = SURFACE_SIDE_STYLE('',(#15609));
#15609 = SURFACE_STYLE_FILL_AREA(#15610);
#15610 = FILL_AREA_STYLE('',(#15611));
#15611 = FILL_AREA_STYLE_COLOUR('',#15350);
#15612 = CURVE_STYLE('',#15613,POSITIVE_LENGTH_MEASURE(0.1),#15350);
#15613 = DRAUGHTING_PRE_DEFINED_CURVE_FONT('continuous');
#15614 = STYLED_ITEM('color',(#15615),#12293);
#15615 = PRESENTATION_STYLE_ASSIGNMENT((#15616,#15621));
#15616 = SURFACE_STYLE_USAGE(.BOTH.,#15617);
#15617 = SURFACE_SIDE_STYLE('',(#15618));
#15618 = SURFACE_STYLE_FILL_AREA(#15619);
#15619 = FILL_AREA_STYLE('',(#15620));
#15620 = FILL_AREA_STYLE_COLOUR('',#15350);
#15621 = CURVE_STYLE('',#15622,POSITIVE_LENGTH_MEASURE(0.1),#15350);
#15622 = DRAUGHTING_PRE_DEFINED_CURVE_FONT('continuous');
#15623 = STYLED_ITEM('color',(#15624),#12444);
#15624 = PRESENTATION_STYLE_ASSIGNMENT((#15625,#15630));
#15625 = SURFACE_STYLE_USAGE(.BOTH.,#15626);
#15626 = SURFACE_SIDE_STYLE('',(#15627));
#15627 = SURFACE_STYLE_FILL_AREA(#15628);
#15628 = FILL_AREA_STYLE('',(#15629));
#15629 = FILL_AREA_STYLE_COLOUR('',#15350);
#15630 = CURVE_STYLE('',#15631,POSITIVE_LENGTH_MEASURE(0.1),#15350);
#15631 = DRAUGHTING_PRE_DEFINED_CURVE_FONT('continuous');
#15632 = STYLED_ITEM('color',(#15633),#12595);
#15633 = PRESENTATION_STYLE_ASSIGNMENT((#15634,#15639));
#15634 = SURFACE_STYLE_USAGE(.BOTH.,#15635);
#15635 = SURFACE_SIDE_STYLE('',(#15636));
#15636 = SURFACE_STYLE_FILL_AREA(#15637);
#15637 = FILL_AREA_STYLE('',(#15638));
#15638 = FILL_AREA_STYLE_COLOUR('',#15350);
#15639 = CURVE_STYLE('',#15640,POSITIVE_LENGTH_MEASURE(0.1),#15350);
#15640 = DRAUGHTING_PRE_DEFINED_CURVE_FONT('continuous');
#15641 = STYLED_ITEM('color',(#15642),#12746);
#15642 = PRESENTATION_STYLE_ASSIGNMENT((#15643,#15648));
#15643 = SURFACE_STYLE_USAGE(.BOTH.,#15644);
#15644 = SURFACE_SIDE_STYLE('',(#15645));
#15645 = SURFACE_STYLE_FILL_AREA(#15646);
#15646 = FILL_AREA_STYLE('',(#15647));
#15647 = FILL_AREA_STYLE_COLOUR('',#15350);
#15648 = CURVE_STYLE('',#15649,POSITIVE_LENGTH_MEASURE(0.1),#15350);
#15649 = DRAUGHTING_PRE_DEFINED_CURVE_FONT('continuous');
#15650 = STYLED_ITEM('color',(#15651),#12897);
#15651 = PRESENTATION_STYLE_ASSIGNMENT((#15652,#15657));
#15652 = SURFACE_STYLE_USAGE(.BOTH.,#15653);
#15653 = SURFACE_SIDE_STYLE('',(#15654));
#15654 = SURFACE_STYLE_FILL_AREA(#15655);
#15655 = FILL_AREA_STYLE('',(#15656));
#15656 = FILL_AREA_STYLE_COLOUR('',#15350);
#15657 = CURVE_STYLE('',#15658,POSITIVE_LENGTH_MEASURE(0.1),#15350);
#15658 = DRAUGHTING_PRE_DEFINED_CURVE_FONT('continuous');
#15659 = STYLED_ITEM('color',(#15660),#13048);
#15660 = PRESENTATION_STYLE_ASSIGNMENT((#15661,#15666));
#15661 = SURFACE_STYLE_USAGE(.BOTH.,#15662);
#15662 = SURFACE_SIDE_STYLE('',(#15663));
#15663 = SURFACE_STYLE_FILL_AREA(#15664);
#15664 = FILL_AREA_STYLE('',(#15665));
#15665 = FILL_AREA_STYLE_COLOUR('',#15350);
#15666 = CURVE_STYLE('',#15667,POSITIVE_LENGTH_MEASURE(0.1),#15350);
#15667 = DRAUGHTING_PRE_DEFINED_CURVE_FONT('continuous');
#15668 = STYLED_ITEM('color',(#15669),#13199);
#15669 = PRESENTATION_STYLE_ASSIGNMENT((#15670,#15675));
#15670 = SURFACE_STYLE_USAGE(.BOTH.,#15671);
#15671 = SURFACE_SIDE_STYLE('',(#15672));
#15672 = SURFACE_STYLE_FILL_AREA(#15673);
#15673 = FILL_AREA_STYLE('',(#15674));
#15674 = FILL_AREA_STYLE_COLOUR('',#15350);
#15675 = CURVE_STYLE('',#15676,POSITIVE_LENGTH_MEASURE(0.1),#15350);
#15676 = DRAUGHTING_PRE_DEFINED_CURVE_FONT('continuous');
#15677 = STYLED_ITEM('color',(#15678),#13350);
#15678 = PRESENTATION_STYLE_ASSIGNMENT((#15679,#15684));
#15679 = SURFACE_STYLE_USAGE(.BOTH.,#15680);
#15680 = SURFACE_SIDE_STYLE('',(#15681));
#15681 = SURFACE_STYLE_FILL_AREA(#15682);
#15682 = FILL_AREA_STYLE('',(#15683));
#15683 = FILL_AREA_STYLE_COLOUR('',#15350);
#15684 = CURVE_STYLE('',#15685,POSITIVE_LENGTH_MEASURE(0.1),#15350);
#15685 = DRAUGHTING_PRE_DEFINED_CURVE_FONT('continuous');
#15686 = STYLED_ITEM('color',(#15687),#13501);
#15687 = PRESENTATION_STYLE_ASSIGNMENT((#15688,#15693));
#15688 = SURFACE_STYLE_USAGE(.BOTH.,#15689);
#15689 = SURFACE_SIDE_STYLE('',(#15690));
#15690 = SURFACE_STYLE_FILL_AREA(#15691);
#15691 = FILL_AREA_STYLE('',(#15692));
#15692 = FILL_AREA_STYLE_COLOUR('',#15350);
#15693 = CURVE_STYLE('',#15694,POSITIVE_LENGTH_MEASURE(0.1),#15350);
#15694 = DRAUGHTING_PRE_DEFINED_CURVE_FONT('continuous');
#15695 = STYLED_ITEM('color',(#15696),#13652);
#15696 = PRESENTATION_STYLE_ASSIGNMENT((#15697,#15702));
#15697 = SURFACE_STYLE_USAGE(.BOTH.,#15698);
#15698 = SURFACE_SIDE_STYLE('',(#15699));
#15699 = SURFACE_STYLE_FILL_AREA(#15700);
#15700 = FILL_AREA_STYLE('',(#15701));
#15701 = FILL_AREA_STYLE_COLOUR('',#15350);
#15702 = CURVE_STYLE('',#15703,POSITIVE_LENGTH_MEASURE(0.1),#15350);
#15703 = DRAUGHTING_PRE_DEFINED_CURVE_FONT('continuous');
#15704 = STYLED_ITEM('color',(#15705),#13803);
#15705 = PRESENTATION_STYLE_ASSIGNMENT((#15706,#15711));
#15706 = SURFACE_STYLE_USAGE(.BOTH.,#15707);
#15707 = SURFACE_SIDE_STYLE('',(#15708));
#15708 = SURFACE_STYLE_FILL_AREA(#15709);
#15709 = FILL_AREA_STYLE('',(#15710));
#15710 = FILL_AREA_STYLE_COLOUR('',#15350);
#15711 = CURVE_STYLE('',#15712,POSITIVE_LENGTH_MEASURE(0.1),#15350);
#15712 = DRAUGHTING_PRE_DEFINED_CURVE_FONT('continuous');
#15713 = STYLED_ITEM('color',(#15714),#13954);
#15714 = PRESENTATION_STYLE_ASSIGNMENT((#15715,#15720));
#15715 = SURFACE_STYLE_USAGE(.BOTH.,#15716);
#15716 = SURFACE_SIDE_STYLE('',(#15717));
#15717 = SURFACE_STYLE_FILL_AREA(#15718);
#15718 = FILL_AREA_STYLE('',(#15719));
#15719 = FILL_AREA_STYLE_COLOUR('',#15350);
#15720 = CURVE_STYLE('',#15721,POSITIVE_LENGTH_MEASURE(0.1),#15350);
#15721 = DRAUGHTING_PRE_DEFINED_CURVE_FONT('continuous');
#15722 = STYLED_ITEM('color',(#15723),#14105);
#15723 = PRESENTATION_STYLE_ASSIGNMENT((#15724,#15729));
#15724 = SURFACE_STYLE_USAGE(.BOTH.,#15725);
#15725 = SURFACE_SIDE_STYLE('',(#15726));
#15726 = SURFACE_STYLE_FILL_AREA(#15727);
#15727 = FILL_AREA_STYLE('',(#15728));
#15728 = FILL_AREA_STYLE_COLOUR('',#15350);
#15729 = CURVE_STYLE('',#15730,POSITIVE_LENGTH_MEASURE(0.1),#15350);
#15730 = DRAUGHTING_PRE_DEFINED_CURVE_FONT('continuous');
#15731 = STYLED_ITEM('color',(#15732),#14256);
#15732 = PRESENTATION_STYLE_ASSIGNMENT((#15733,#15738));
#15733 = SURFACE_STYLE_USAGE(.BOTH.,#15734);
#15734 = SURFACE_SIDE_STYLE('',(#15735));
#15735 = SURFACE_STYLE_FILL_AREA(#15736);
#15736 = FILL_AREA_STYLE('',(#15737));
#15737 = FILL_AREA_STYLE_COLOUR('',#15350);
#15738 = CURVE_STYLE('',#15739,POSITIVE_LENGTH_MEASURE(0.1),#15350);
#15739 = DRAUGHTING_PRE_DEFINED_CURVE_FONT('continuous');
#15740 = STYLED_ITEM('color',(#15741),#14407);
#15741 = PRESENTATION_STYLE_ASSIGNMENT((#15742,#15747));
#15742 = SURFACE_STYLE_USAGE(.BOTH.,#15743);
#15743 = SURFACE_SIDE_STYLE('',(#15744));
#15744 = SURFACE_STYLE_FILL_AREA(#15745);
#15745 = FILL_AREA_STYLE('',(#15746));
#15746 = FILL_AREA_STYLE_COLOUR('',#15350);
#15747 = CURVE_STYLE('',#15748,POSITIVE_LENGTH_MEASURE(0.1),#15350);
#15748 = DRAUGHTING_PRE_DEFINED_CURVE_FONT('continuous');
#15749 = STYLED_ITEM('color',(#15750),#14558);
#15750 = PRESENTATION_STYLE_ASSIGNMENT((#15751,#15756));
#15751 = SURFACE_STYLE_USAGE(.BOTH.,#15752);
#15752 = SURFACE_SIDE_STYLE('',(#15753));
#15753 = SURFACE_STYLE_FILL_AREA(#15754);
#15754 = FILL_AREA_STYLE('',(#15755));
#15755 = FILL_AREA_STYLE_COLOUR('',#15350);
#15756 = CURVE_STYLE('',#15757,POSITIVE_LENGTH_MEASURE(0.1),#15350);
#15757 = DRAUGHTING_PRE_DEFINED_CURVE_FONT('continuous');
#15758 = STYLED_ITEM('color',(#15759),#14709);
#15759 = PRESENTATION_STYLE_ASSIGNMENT((#15760,#15765));
#15760 = SURFACE_STYLE_USAGE(.BOTH.,#15761);
#15761 = SURFACE_SIDE_STYLE('',(#15762));
#15762 = SURFACE_STYLE_FILL_AREA(#15763);
#15763 = FILL_AREA_STYLE('',(#15764));
#15764 = FILL_AREA_STYLE_COLOUR('',#15350);
#15765 = CURVE_STYLE('',#15766,POSITIVE_LENGTH_MEASURE(0.1),#15350);
#15766 = DRAUGHTING_PRE_DEFINED_CURVE_FONT('continuous');
#15767 = STYLED_ITEM('color',(#15768),#14860);
#15768 = PRESENTATION_STYLE_ASSIGNMENT((#15769,#15774));
#15769 = SURFACE_STYLE_USAGE(.BOTH.,#15770);
#15770 = SURFACE_SIDE_STYLE('',(#15771));
#15771 = SURFACE_STYLE_FILL_AREA(#15772);
#15772 = FILL_AREA_STYLE('',(#15773));
#15773 = FILL_AREA_STYLE_COLOUR('',#15350);
#15774 = CURVE_STYLE('',#15775,POSITIVE_LENGTH_MEASURE(0.1),#15350);
#15775 = DRAUGHTING_PRE_DEFINED_CURVE_FONT('continuous');
#15776 = STYLED_ITEM('color',(#15777),#15011);
#15777 = PRESENTATION_STYLE_ASSIGNMENT((#15778,#15783));
#15778 = SURFACE_STYLE_USAGE(.BOTH.,#15779);
#15779 = SURFACE_SIDE_STYLE('',(#15780));
#15780 = SURFACE_STYLE_FILL_AREA(#15781);
#15781 = FILL_AREA_STYLE('',(#15782));
#15782 = FILL_AREA_STYLE_COLOUR('',#15350);
#15783 = CURVE_STYLE('',#15784,POSITIVE_LENGTH_MEASURE(0.1),#15350);
#15784 = DRAUGHTING_PRE_DEFINED_CURVE_FONT('continuous');
#15785 = STYLED_ITEM('color',(#15786),#15162);
#15786 = PRESENTATION_STYLE_ASSIGNMENT((#15787,#15792));
#15787 = SURFACE_STYLE_USAGE(.BOTH.,#15788);
#15788 = SURFACE_SIDE_STYLE('',(#15789));
#15789 = SURFACE_STYLE_FILL_AREA(#15790);
#15790 = FILL_AREA_STYLE('',(#15791));
#15791 = FILL_AREA_STYLE_COLOUR('',#15350);
#15792 = CURVE_STYLE('',#15793,POSITIVE_LENGTH_MEASURE(0.1),#15350);
#15793 = DRAUGHTING_PRE_DEFINED_CURVE_FONT('continuous');
ENDSEC;
END-ISO-10303-21;
